Workbook

Sheet Vitality Normative Data
A1: VO2 Max Male | I1: VO2 Max Female | R1: FEV1
A2: Age Group | B2: 10th (Poor) | C2: 25th (Fair) | D2: 50th (Average) | E2: 75th (Good) | F2: 90th (Excellent) | G2: 95th (Superior) | I2: Age Group | J2: 10th (Poor) | K2: 25th (Fair) | L2: 50th (Average) | M2: 75th (Good) | N2: 90th (Excellent) | O2: 95th (Superior) | R2: Height (inches) | S2: Height (cm) | T2: Peak Male FEV1 (Liters) | U2: Peak Female FEV1 (Liters)
A3: 20-29 | B3: 33 | C3: 40.2 | D3: 48 | E3: 56.5 | F3: 64.1 | G3: 69.4 | I3: 20-29 | J3: 23.6 | K3: 28.9 | L3: 37.6 | M3: 44.5 | N3: 51.5 | O3: 55.4 | Q3: 5 foot | R3: 60 | S3: 152 | T3: 3.25 | U3: 2.55
A4: 30-39 | B4: 29.5 | C4: 35.5 | D4: 43.4 | E4: 52.5 | F4: 58.7 | G4: 64.4 | I4: 30-39 | J4: 21.8 | K4: 26.5 | L4: 34.7 | M4: 41 | N4: 47 | O4: 50.8 | R4: 61 | S4: 155 | T4: 3.35 | U4: 2.65
A5: 40-49 | B5: 25.6 | C5: 32.1 | D5: 39.5 | E5: 47.4 | F5: 54.5 | G5: 59.9 | I5: 40-49 | J5: 19 | K5: 24.1 | L5: 30.6 | M5: 36.7 | N5: 42.1 | O5: 46.1 | R5: 62 | S5: 157 | T5: 3.45 | U5: 2.7
A6: 50-59 | B6: 23.3 | C6: 28.6 | D6: 34.5 | E6: 41.5 | F6: 48 | G6: 52.8 | I6: 50-59 | J6: 17 | K6: 21.3 | L6: 26.6 | M6: 31.9 | N6: 36.4 | O6: 39.5 | R6: 63 | S6: 160 | T6: 3.55 | U6: 2.8
A7: 60-69 | B7: 19.3 | C7: 24.3 | D7: 30.2 | E7: 36.3 | F7: 42.1 | G7: 46.4 | I7: 60-69 | J7: 14.7 | K7: 18.2 | L7: 22.8 | M7: 27.2 | N7: 31.3 | O7: 34.6 | R7: 64 | S7: 163 | T7: 3.7 | U7: 2.9
A8: 70-79 | B8: 16.5 | C8: 20.2 | D8: 25.2 | E8: 30.5 | F8: 36.3 | G8: 41.2 | I8: 70-79 | J8: 13 | K8: 16.1 | L8: 20.4 | M8: 24 | N8: 27.7 | O8: 30.7 | R8: 65 | S8: 165 | T8: 3.8 | U8: 3
R9: 66 | S9: 168 | T9: 3.95 | U9: 3.05
R10: 67 | S10: 170 | T10: 4.05 | U10: 3.15
R11: 68 | S11: 173 | T11: 4.2 | U11: 3.25
R12: 69 | S12: 175 | T12: 4.3 | U12: 3.35
R13: 70 | S13: 178 | T13: 4.45 | U13: 3.45
R14: 71 | S14: 180 | T14: 4.55 | U14: 3.5
C15: VO2 Max Taken from the Cooper Institue for Aerobics Research Dallas TX | Q15: 6 foot | R15: 72 | S15: 183 | T15: 4.7 | U15: 3.6
R16: 73 | S16: 185 | T16: 4.85 | U16: 3.7
R17: 74 | S17: 188 | T17: 5 | U17: 3.8
R18: 75 | S18: 190 | T18: 5.15 | U18: 3.9
R21: You should use a spirometry software package that calculates predicted FEV1 values (and other lung function parameters) based on Global Lung Function Initiative (GLI) 2012 reference equations, inputting the individual's age, sex, height, and ethnicity

Sheet Strength_Normative_Data
A1: Grip Strength | J1: Vertical Jump | O1: Sit to Stand
A2: Age | B2: Male Grip (kg) | C2: Female Grip (kg) | J2: Age | K2: Male Jump (cm) | L2: Female Jump (cm) | O2: Age | P2: Male Power (W/kg) | Q2: Female Power (W/kg)
A3: 20 | B3: 48 | C3: 29 | J3: 20 | K3: 53 | L3: 35 | O3: 20 | P3: 4.3 | Q3: 3.2
A4: 25 | B4: 50 | C4: 30 | J4: 25 | K4: 51 | L4: 33.5 | O4: 25 | P4: 4.1 | Q4: 3.1
A5: 30 | B5: 51 | C5: 31 | J5: 30 | K5: 49 | L5: 32 | O5: 30 | P5: 3.9 | Q5: 3
A6: 35 | B6: 50 | C6: 31 | J6: 35 | K6: 46.5 | L6: 30 | O6: 35 | P6: 3.7 | Q6: 2.85
A7: 40 | B7: 49 | C7: 30 | J7: 40 | K7: 44 | L7: 28 | O7: 40 | P7: 3.5 | Q7: 2.7
A8: 45 | B8: 47 | C8: 29 | J8: 45 | K8: 41.5 | L8: 26 | O8: 45 | P8: 3.3 | Q8: 2.55
A9: 50 | B9: 46 | C9: 28 | J9: 50 | K9: 39 | L9: 24 | O9: 50 | P9: 3.1 | Q9: 2.4
A10: 55 | B10: 44 | C10: 27 | J10: 55 | K10: 35.5 | L10: 21.5 | O10: 55 | P10: 2.9 | Q10: 2.25
A11: 60 | B11: 42 | C11: 25 | J11: 60 | K11: 32 | L11: 19 | O11: 60 | P11: 2.7 | Q11: 2.1
A12: 65 | B12: 39 | C12: 23 | J12: 65 | K12: 28.5 | L12: 16.5 | O12: 65 | P12: 2.5 | Q12: 1.95
A13: 70 | B13: 36 | C13: 21 | J13: 70 | K13: 25 | L13: 14 | O13: 70 | P13: 2.3 | Q13: 1.8
A14: 75 | B14: 33 | C14: 19 | J14: 75 | K14: 21.5 | L14: 12 | O14: 75 | P14: 2.1 | Q14: 1.65
A15: 80 | B15: 30 | C15: 17 | J15: 80 | K15: 18 | L15: 10 | O15: 80 | P15: 1.9 | Q15: 1.5
A16: 85 | B16: 26 | C16: 14 | O16: 85 | P16: 1.7 | Q16: 1.35
O17: 90 | P17: 1.5 | Q17: 1.2
A18: Source: https://journals.plos.org/plosone/article?id=10.1371/journal.pone.0113637 | J18: https://go.gale.com/ps/i.do?id=GALE%7CA649711026&sid=googleScholar&v=2.1&it=r&linkaccess=abs&issn=08406529&p=AONE&sw=w&userGroupName=anon%7Eda6c86b0&aty=open-web-entry | O18: https://www.nature.com/articles/s41598-020-73395-4
J19: linked article references canadian health measures suvery which is where normative data originates from | O19: Derived from Toledo study for healthy aging in spain

Sheet Mobility_Normative_Data
A1: Gait Speed | E1: TUG | I1: Single Leg Stance | M1: Sit and Reach
A2: Age | B2: Male (m/s) | C2: Female (m/s) | E2: Age | F2: Male (sec) | G2: Female (sec) | I2: Age | J2: Male (sec) | K2: Female (sec) | M2: Age | N2: Male (cm) | O2: Female (cm)
A3: 20 | B3: 1.36 | C3: 1.34 | E3: 18 | F3: 3 | G3: 3 | I3: 20 | J3: 45 | K3: 45 | M3: 20 | N3: 39 | O3: 42
A4: 25 | B4: 1.36 | C4: 1.34 | E4: 20 | F4: 5 | G4: 5.5 | I4: 25 | J4: 44 | K4: 44 | M4: 25 | N4: 38 | O4: 41
A5: 30 | B5: 1.43 | C5: 1.34 | E5: 25 | F5: 5.2 | G5: 5.8 | I5: 30 | J5: 43 | K5: 43 | M5: 30 | N5: 37 | O5: 40
A6: 35 | B6: 1.43 | C6: 1.34 | E6: 30 | F6: 5.5 | G6: 6 | I6: 35 | J6: 41 | K6: 41 | M6: 35 | N6: 36 | O6: 38
A7: 40 | B7: 1.43 | C7: 1.39 | E7: 35 | F7: 5.8 | G7: 6.2 | I7: 40 | J7: 39 | K7: 39 | M7: 40 | N7: 34 | O7: 37
A8: 45 | B8: 1.43 | C8: 1.39 | E8: 40 | F8: 6 | G8: 6.5 | I8: 45 | J8: 37 | K8: 37 | M8: 45 | N8: 32.5 | O8: 35.5
A9: 50 | B9: 1.43 | C9: 1.31 | E9: 45 | F9: 6.5 | G9: 7 | I9: 50 | J9: 35 | K9: 35 | M9: 50 | N9: 31 | O9: 34
A10: 55 | B10: 1.43 | C10: 1.31 | E10: 50 | F10: 7 | G10: 7.5 | I10: 55 | J10: 33 | K10: 32 | M10: 55 | N10: 29.5 | O10: 32.5
A11: 60 | B11: 1.33 | C11: 1.24 | E11: 55 | F11: 7.5 | G11: 8 | I11: 60 | J11: 30 | K11: 29 | M11: 60 | N11: 28 | O11: 31
A12: 65 | B12: 1.33 | C12: 1.24 | E12: 60 | F12: 8 | G12: 8.5 | I12: 65 | J12: 25 | K12: 22 | M12: 65 | N12: 26.5 | O12: 30
A13: 70 | B13: 1.26 | C13: 1.13 | E13: 65 | F13: 8.5 | G13: 9 | I13: 70 | J13: 20 | K13: 16 | M13: 70 | N13: 25 | O13: 29
A14: 75 | B14: 1.26 | C14: 1.13 | E14: 70 | F14: 9 | G14: 9.5 | I14: 75 | J14: 15 | K14: 11 | M14: 75 | N14: 23.5 | O14: 27.5
A15: 80 | B15: 1.26 | C15: 1.13 | E15: 75 | F15: 9.5 | G15: 10 | I15: 80 | J15: 10 | K15: 7 | M15: 80 | N15: 22 | O15: 26
E16: 80 | F16: 10 | G16: 11 | I16: 85 | J16: 7 | K16: 5 | M16: 85 | N16: 20.5 | O16: 25
E17: 85 | F17: 11 | G17: 12 | I17: 90 | J17: 5 | K17: 3 | M17: 90 | N17: 19 | O17: 24
E18: 90 | F18: 12 | G18: 13
E19: Seems to based off Kearney, P. M., et al. (2013). "Cohort Profile: The Irish Longitudinal Study on Ageing." International Journal of Epidemiology, 40(4), 877-884.
A24: Gait speed | H24: Timed up and go | M24: Single Leg stance | R24: Sit and reach
A25: Age Group | B25: Male (Comfortable) | C25: Male (Maximum) | D25: Female (Comfortable) | E25: Female (Maximum) | H25: Age Group | I25: Mean Time (Seconds) | J25: 95% Confidence Interval | M25: Age Group | N25: Eyes OPEN (Mean ± SD) | O25: Eyes CLOSED (Mean ± SD) | R25: Age Group | S25: Male (cm) | T25: Female (cm)
A26: 20–29 | B26: 1.36 | C26: 2.53 | D26: 1.34 | E26: 2.47 (0.25) | H26: 60–69 | I26: 8.1 | J26: 7.1 – 9.0 | M26: 18–39 | N26: 45.1 (±0.1) | O26: 13.1 (±10.3) | R26: 20–29 | S26: 30 | T26: 33
A27: 30–39 | B27: 1.43 | C27: 2.46 | D27: 1.34 | E27: 2.34 | H27: 70–79 | I27: 9.2 | J27: 8.2 – 10.2 | M27: 40–49 | N27: 42.1 (±9.5) | O27: 13.5 (±8.8) | R27: 30–39 | S27: 28 | T27: 32
A28: 40–49 | B28: 1.43 | C28: 2.46 | D28: 1.39 | E28: 2.12 | H28: 80–99 | I28: 11.3 | J28: 10.0 – 12.7 | M28: 50–59 | N28: 40.9 (±9.9) | O28: 7.9 (±6.6) | R28: 40–49 | S28: 24 | T28: 30
A29: 50–59 | B29: 1.43 | C29: 2.14 | D29: 1.31 | E29: 2.01 | M29: 60–69 | N29: 30.4 (±16.4) | O29: 3.7 (±1.8) | R29: 50–59 | S29: 24 | T29: 30
A30: 60–69 | B30: 1.33 | C30: 1.93 | D30: 1.24 | E30: 1.77 | M30: 70–79 | N30: 16.7 (±15.3) | O30: 2.5 (±1.6) | R30: 60+ | S30: 20 | T30: 27
A31: 70–79 | B31: 1.26 | C31: 2.07 | D31: 1.13 | E31: 1.75 | M31: 80–99 | N31: 10.6 (±12.9) | O31: 1.8 (±1.4)
B33: Bohannon norms Gait speed Link: https://academic.oup.com/ageing/article-abstract/26/1/15/35875?redirectedFrom=fulltext&login=false | H33: The Real "Gold Standard" Data The most cited and reliable source for Timed Up and Go (TUG) norms comes from the meta-analysis by Bohannon (2006). Source: Reference values for the Timed Up and Go Test: A Descriptive Meta-Analysis, published in the Journal of Geriatric Physical Therapy. Here is the Bohannon (2006) data. You will notice it doesn't bother with ages under 60, because the test is clinically irrelevant for younger populations unless they have a specific injury. | M33: Springer, B.A., Marin, R., Cyhan, T., Roberts, H. and Gill, N.W. (2007) ‘Normative values for the unipedal stance test with eyes open and closed’, Journal of Geriatric Physical Therapy, 30(1), pp. 8–15 | R33: American College of Sports Medicine (2021) ACSM’s Guidelines for Exercise Testing and Prescription. 11th edn. Philadelphia: Wolters Kluwer

Sheet Average_20_Year_Old_Man_Pro
A1: Pillar | B1: Metric | D1: 1 | E1: 2 | F1: 3 | G1: 4 | H1: 5 | I1: 6 | J1: 7 | K1: 8 | L1: 9 | M1: 10 | R1: Combined Scores
A2: Vitality | B2: VO2 max (ml/kg/min) | C2: 48 | D2: =C2-(C2/100*D1) -> 47.52 | E2: =D2-(D2/100*E1) -> 46.5696 | F2: =E2-(E2/100*F1) -> 45.172512 | G2: =F2-(F2/100*G1) -> 43.365612 | H2: =G2-(G2/100*H1) -> 41.197331 | I2: =H2-(H2/100*I1) -> 38.725491 | J2: =I2-(I2/100*J1) -> 36.014707 | K2: =J2-(J2/100*K1) -> 33.13353 | ... M2: =L2-(L2/100*M1) -> 27.136361 | Q2: Vitality | R2: =B27+ ((1 -((C2 / 48) * 0.7 )-((C3 / 100) * 0.3 )) * 100) -> 20
A3: Vitality | B3: FEV1 (% predicted) | C3: 100 | D3: =C3-(C3/100*D1) -> 99 | E3: =D3-(D3/100*E1) -> 97.02 | F3: =E3-(E3/100*F1) -> 94.1094 | G3: =F3-(F3/100*G1) -> 90.345024 | H3: =G3-(G3/100*H1) -> 85.827773 | I3: =H3-(H3/100*I1) -> 80.678106 | J3: =I3-(I3/100*J1) -> 75.030639 | K3: =J3-(J3/100*K1) -> 69.028188 | ... M3: =L3-(L3/100*M1) -> 56.534086 | Q3: Strength | R3: =((O4/100*50)+(O5/100*25)+(O6/100*25)) -> 20 | T3: Functional Biological Age
A4: Strength & Power | B4: Grip strength (kg) | C4: 48 | D4: =C4-(C4/100*D1) -> 47.52 | E4: =D4-(D4/100*E1) -> 46.5696 | F4: =E4-(E4/100*F1) -> 45.172512 | G4: =F4-(F4/100*G1) -> 43.365612 | H4: =G4-(G4/100*H1) -> 41.197331 | I4: =H4-(H4/100*I1) -> 38.725491 | J4: =I4-(I4/100*J1) -> 36.014707 | K4: =J4-(J4/100*K1) -> 33.13353 | ... M4: =L4-(L4/100*M1) -> 27.136361 | O4: =IF(B27<30, FORECAST(C4, OFFSET(Strength_Normative_Data!$A$3, MATCH(C4, Strength_Normative_Data!$B$3:$B$5, 1)-1, 0, 2), OFFSET(Strength_Normative_Data!$B$3, MATCH(C4, Strength_Normative_Data!$B$3:$B$5, 1)-1, 0, 2)), FORECAST(C4, OFFSET(Strength_Normative_Data!$A$5, MATCH(C4, Strength_Normative_Data!$B$5:$B$16, -1)-1, 0, 2), OFFSET(Strength_Normative_Data!$B$5, MATCH(C4, Strength_Normative_Data!$B$5:$B$16, -1)-1, 0, 2))) -> 20 | Q4: Metabolic | R4: =B27 - 9*R11 -> 16.296195 | T4: =(R2/100*20)+(R3/100*20)+(R4/100*25)+(R5/100*20)+(R6/100*15) -> 19.074049
A5: Strength & Power | B5: STS Power (W/kg) | C5: 4.3 | M5: =C5-(C5/100*12) -> 3.784 | O5: =FORECAST(C5, OFFSET(Strength_Normative_Data!$O$3, MATCH(C5, Strength_Normative_Data!$P$3:$P$17, -1)-1, 0, 2), OFFSET(Strength_Normative_Data!$P$3, MATCH(C5, Strength_Normative_Data!$P$3:$P$17, -1)-1, 0, 2)) -> 20 | Q5: Functional Mobility | R5: =((O14/100*30)+(O15/100*25)+(O16/100*30)+(O17/100*15)) -> 20
A6: Strength & Power | B6: Vertical jump (cm) | C6: 53 | M6: =C6-(C6/100*12) -> 46.64 | O6: =FORECAST(C6, OFFSET(Strength_Normative_Data!$J$3, MATCH(C6, Strength_Normative_Data!$K$3:$K$16, -1)-1, 0, 2), OFFSET(Strength_Normative_Data!$K$3, MATCH(C6, Strength_Normative_Data!$K$3:$K$16, -1)-1, 0, 2)) -> 20 | Q6: Cognitive | R6: =((O18/100*60)+(O19/100*40)) -> 20
A7: Metabolic Health | B7: Body fat (%) | C7: 22 | M7: =C7+(C7/100*6) -> 23.32
A8: Metabolic Health | B8: Waist to height ratio | C8: 0.48 | M8: =C8+(C8/100*4) -> 0.4992 | O8: =IF(C8<=0.4,0, IF(C8<=0.5,20*(C8-0.4)/0.1, IF(C8<=0.6,20+40*(C8-0.5)/0.1, 60+40*(MIN(C8,0.75)-0.6)/0.15))) -> 16
A9: Metabolic Health | B9: Fasting glucose (mmol/L) | C9: 5.1
A10: Metabolic Health | B10: HbA1c (%) | C10: 5.3 | M10: =C10+(C10/100*5) -> 5.565 | O10: =IF(C10<5.7,10*(C10/5.7), IF(C10<6.5,10+40*(C10-5.7)/0.8, 50+50*(MIN(C10,9)-6.5)/2.5)) -> 9.2982456 | Q10: Metabolic Index | R10: Metabolic Z score
A11: Metabolic Health | B11: HOMA IR | C11: 1.8 | M11: =C11+(C11/100*14) -> 2.052 | O11: =IF(C11<1.6,10*(C11/1.6), IF(C11<3,10+40*(C11-1.6)/1.4, 50+50*(MIN(C11,7)-3)/4)) -> 15.714286 | Q11: =(0.3*P12)+(0.2*O8)+(0.15*O10)+(0.25*O11)+(0.1*O13) -> 14.423308 | R11: =IF(Q11<=10,1.5-0.1*Q11, IF(Q11<=60,0.5-0.02*(Q11-10), -0.5-0.03*(Q11-60))) -> 0.41153383
A12: Metabolic Health | B12: ApoB (g/L) | C12: 0.85 | M12: =C12+(C12/100*6) -> 0.901 | O12: =C12*100 -> 85 | P12: =IF(O12<80,5*(O12/80), IF(O12<100,10+20*(O12-80)/20, IF(O12<130,30+25*(O12-100)/30, IF(O12<160,55+25*(O12-130)/30, IF(O12<200,80+20*(O12-160)/40,100))))) -> 15
A13: Metabolic Health | B13: hsCRP (mg/L) | C13: 1.2 | M13: =C13+(C13/100*18) -> 1.416 | O13: =IF(C13<1,10*(C13/1), IF(C13<3,10+40*(C13-1)/2, 50+50*(MIN(C13,10)-3)/7)) -> 14
A14: Functional Mobility | B14: Gait speed (m/s) | C14: 1.36 | M14: =C14+(C14/100*6) -> 1.4416 | O14: =IFERROR(FORECAST(C14, OFFSET(Mobility_Normative_Data!$A$3, MATCH(C14, Mobility_Normative_Data!$B$3:$B$17, -1)-1, 0, 2), OFFSET(Mobility_Normative_Data!$B$3, MATCH(C14, Mobility_Normative_Data!$B$3:$B$17, -1)-1, 0, 2)), INDEX(Mobility_Normative_Data!$A$3:$A$17, MATCH(C14, Mobility_Normative_Data!$B$3:$B$17, -1))) -> 20
A15: Functional Mobility | B15: Timed Up and Go (sec) | C15: 5 | M15: =C15+(C15/100*10) -> 5.5 | O15: =FORECAST(C15, OFFSET(Mobility_Normative_Data!$E$3, MATCH(C15, Mobility_Normative_Data!$F$3:$F$18, 1)-1, 0, 2), OFFSET(Mobility_Normative_Data!$F$3, MATCH(C15, Mobility_Normative_Data!$F$3:$F$18, 1)-1, 0, 2)) -> 20
A16: Functional Mobility | B16: Single leg stance (sec) | C16: 45 | M16: =C16+(C16/100*20) -> 54 | O16: =FORECAST(C16, OFFSET(Mobility_Normative_Data!$I$3, MATCH(C16, Mobility_Normative_Data!$J$3:$J$17, -1)-1, 0, 2), OFFSET(Mobility_Normative_Data!$J$3, MATCH(C16, Mobility_Normative_Data!$J$3:$J$17, -1)-1, 0, 2)) -> 20
A17: Functional Mobility | B17: Sit and reach (cm) | C17: 39 | M17: =C17+(C17/100*10) -> 42.9 | O17: =FORECAST(C17, OFFSET(Mobility_Normative_Data!$M$3, MATCH(C17, Mobility_Normative_Data!$N$3:$N$17, -1)-1, 0, 2), OFFSET(Mobility_Normative_Data!$N$3, MATCH(C17, Mobility_Normative_Data!$N$3:$N$17, -1)-1, 0, 2)) -> 20
A18: Cognitive Performance | B18: Processing speed (SD) | C18: 0 | M18: =C18 +(-0.2) -> -0.2 | O18: =MAX(18,B27-(C18*25)) -> 20
A19: Cognitive Performance | B19: Working memory (SD) | C19: 0 | M19: =C19+(-0.2) -> -0.2 | O19: =MAX(18,B27-(J1925)) -> 20
A23: Overall Decline predicitons
B25: Present | C25: 10 years time | D25: 20 Years time | E25: Thirty years | F25: 40 years
A26: Sex | B26: Male
A27: Chronological | B27: 20 | C27: =B27+10 -> 30 | D27: =C27+10 -> 40 | E27: =D27+10 -> 50 | F27: =E27+10 -> 60
A28: Vitality | B28: =R2 -> 20 | C28: =B28+(B28/100*11.5) -> 22.3 | D28: =C28+(C28/100*32.2) -> 29.4806 | E28: =D28+(D28/100*32.2) -> 38.973353 | F28: =E28+(E28/100*32.2) -> 51.522773
A29: Strength | B29: =R3 -> 20 | C29: =B29+(B29/100*12.3) -> 22.46 | D29: =C29+(C29/100*30.8) -> 29.37768 | E29: =D29+(D29/100*30.8) -> 38.426005 | F29: =E29+(E29/100*30.8) -> 50.261215
A30: Metabolic | B30: =R4 -> 16.296195 | C30: =B30+(B30/100*5.5) -> 17.192486 | D30: =C30+(C30/100*11) -> 19.08366 | E30: =D30+(D30/100*11) -> 21.182862 | F30: =E30+(E30/100*11) -> 23.512977
A31: Mobility | B31: =R5 -> 20 | C31: =B31+(B31/100*9.9) -> 21.98 | D31: =C31+(C31/100*19.8) -> 26.33204 | E31: =D31+(D31/100*19.8) -> 31.545784 | F31: =E31+(E31/100*19.8) -> 37.791849 | N31: Graphing
A32: Cognitive | B32: =R6 -> 20 | C32: =B32+(B32/100*20) -> 24 | D32: =C32+(C32/100*60) -> 38.4 | E32: =D32+(D32/100*60) -> 61.44 | F32: =E32+(E32/100*60) -> 98.304 | N32: Chronological Age | O32: Vitality Decline of an average 20 Year old Man | Q32: Chronological Age | R32: Strength Decline of an average 20 Year old Man | T32: Chronological Age | U32: Metabolic Decline of an average 20 Year old Man | W32: Chronological Age | X32: Mobility Decline of an average 20 Year old Man | Z32: Chronological Age | AA32: Cognitive Decline of an average 20 Year old Man
N33: =B27 -> 20 | O33: =R2 -> 20 | Q33: =N33 -> 20 | R33: =R3 -> 20 | T33: =N33 -> 20 | U33: =R4 -> 16.296195 | W33: =N33 -> 20 | X33: =R5 -> 20 | Z33: =N33 -> 20 | AA33: =R6 -> 20
N34: =N33+1 -> 21 | O34: =O33+(O33*0.0115) -> 20.23 | Q34: =Q33+1 -> 21 | R34: =R33+(R33*0.0123) -> 20.246 | T34: =T33+1 -> 21 | U34: =U33+(U33*0.0055) -> 16.385825 | W34: =W33+1 -> 21 | X34: =X33+(X33*0.0099) -> 20.198 | Z34: =Z33+1 -> 21 | AA34: =AA33+(AA33*0.02) -> 20.4
N35: =N34+1 -> 22 | O35: =O34+(O34*0.0115) -> 20.462645 | Q35: =Q34+1 -> 22 | R35: =R34+(R34*0.0123) -> 20.495026 | T35: =T34+1 -> 22 | U35: =U34+(U34*0.0055) -> 16.475947 | W35: =W34+1 -> 22 | X35: =X34+(X34*0.0099) -> 20.39796 | Z35: =Z34+1 -> 22 | AA35: =AA34+(AA34*0.02) -> 20.808
A36: Functional Biological Age | N36: =N35+1 -> 23 | O36: =O35+(O35*0.0115) -> 20.697965 | Q36: =Q35+1 -> 23 | R36: =R35+(R35*0.0123) -> 20.747115 | T36: =T35+1 -> 23 | U36: =U35+(U35*0.0055) -> 16.566564 | W36: =W35+1 -> 23 | X36: =X35+(X35*0.0099) -> 20.5999 | Z36: =Z35+1 -> 23 | AA36: =AA35+(AA35*0.02) -> 21.22416
A37: =(B28/100*20)+(B29/100*20)+(B30/100*25)+(B31/100*20)+(B32/100*15) -> 19.074049 | N37: =N36+1 -> 24 | O37: =O36+(O36*0.0115) -> 20.935992 | Q37: =Q36+1 -> 24 | R37: =R36+(R36*0.0123) -> 21.002304 | T37: =T36+1 -> 24 | U37: =U36+(U36*0.0055) -> 16.65768 | W37: =W36+1 -> 24 | X37: =X36+(X36*0.0099) -> 20.803839 | Z37: =Z36+1 -> 24 | AA37: =AA36+(AA36*0.02) -> 21.648643
N38: =N37+1 -> 25 | O38: =O37+(O37*0.0115) -> 21.176756 | Q38: =Q37+1 -> 25 | R38: =R37+(R37*0.0123) -> 21.260632 | T38: =T37+1 -> 25 | U38: =U37+(U37*0.0055) -> 16.749298 | W38: =W37+1 -> 25 | X38: =X37+(X37*0.0099) -> 21.009797 | Z38: =Z37+1 -> 25 | AA38: =AA37+(AA37*0.02) -> 22.081616
N39: =N38+1 -> 26 | O39: =O38+(O38*0.0115) -> 21.420289 | Q39: =Q38+1 -> 26 | R39: =R38+(R38*0.0123) -> 21.522138 | T39: =T38+1 -> 26 | U39: =U38+(U38*0.0055) -> 16.841419 | W39: =W38+1 -> 26 | X39: =X38+(X38*0.0099) -> 21.217794 | Z39: =Z38+1 -> 26 | AA39: =AA38+(AA38*0.02) -> 22.523248
N40: =N39+1 -> 27 | O40: =O39+(O39*0.0115) -> 21.666622 | Q40: =Q39+1 -> 27 | R40: =R39+(R39*0.0123) -> 21.786861 | T40: =T39+1 -> 27 | U40: =U39+(U39*0.0055) -> 16.934047 | W40: =W39+1 -> 27 | X40: =X39+(X39*0.0099) -> 21.42785 | Z40: =Z39+1 -> 27 | AA40: =AA39+(AA39*0.02) -> 22.973713
N41: =N40+1 -> 28 | O41: =O40+(O40*0.0115) -> 21.915788 | Q41: =Q40+1 -> 28 | R41: =R40+(R40*0.0123) -> 22.054839 | T41: =T40+1 -> 28 | U41: =U40+(U40*0.0055) -> 17.027184 | W41: =W40+1 -> 28 | X41: =X40+(X40*0.0099) -> 21.639986 | Z41: =Z40+1 -> 28 | AA41: =AA40+(AA40*0.02) -> 23.433188
B42: Age | C42: Vitality | D42: Age | E42: Strength | F42: Age | G42: Metabolic | H42: Age | I42: Mobility | J42: Age | K42: Cognitive | N42: =N41+1 -> 29 | O42: =O41+(O41*0.0115) -> 22.16782 | Q42: =Q41+1 -> 29 | R42: =R41+(R41*0.0123) -> 22.326113 | T42: =T41+1 -> 29 | U42: =U41+(U41*0.0055) -> 17.120833 | W42: =W41+1 -> 29 | X42: =X41+(X41*0.0099) -> 21.854222 | Z42: =Z41+1 -> 29 | AA42: =AA41+(AA41*0.02) -> 23.901851
B43: =B27 -> 20 | C43: =B28 -> 20 | D43: =B43 -> 20 | E43: =B29 -> 20 | F43: =B27 -> 20 | G43: =B30 -> 16.296195 | H43: =B27 -> 20 | I43: =B31 -> 20 | J43: =B27 -> 20 | K43: =B32 -> 20 | N43: =N42+1 -> 30 | O43: =O42+(O42*0.0115) -> 22.42275 | Q43: =Q42+1 -> 30 | R43: =R42+(R42*0.0123) -> 22.600725 | T43: =T42+1 -> 30 | U43: =U42+(U42*0.0055) -> 17.214998 | W43: =W42+1 -> 30 | X43: =X42+(X42*0.0099) -> 22.070579 | Z43: =Z42+1 -> 30 | AA43: =AA42+(AA42*0.02) -> 24.379888
B44: =C27 -> 30 | C44: =C28 -> 22.3 | D44: =B44 -> 30 | E44: =C29 -> 22.46 | F44: =C27 -> 30 | G44: =C30 -> 17.192486 | H44: =C27 -> 30 | I44: =C31 -> 21.98 | J44: =C27 -> 30 | K44: =C32 -> 24
B45: =D27 -> 40 | C45: =D28 -> 29.4806 | D45: =D27 -> 40 | E45: =D29 -> 29.37768 | F45: =D27 -> 40 | G45: =D30 -> 19.08366 | H45: =D27 -> 40 | I45: =D31 -> 26.33204 | J45: =D27 -> 40 | K45: =D32 -> 38.4
B46: =E27 -> 50 | C46: =E28 -> 38.973353 | D46: =E27 -> 50 | E46: =E29 -> 38.426005 | F46: =E27 -> 50 | G46: =E30 -> 21.182862 | H46: =E27 -> 50 | I46: =E31 -> 31.545784 | J46: =E27 -> 50 | K46: =E32 -> 61.44
B47: =F27 -> 60 | C47: =F28 -> 51.522773 | D47: =F27 -> 60 | E47: =F29 -> 50.261215 | F47: =F27 -> 60 | G47: =F31 -> 37.791849 | H47: =F27 -> 60 | I47: =F31 -> 37.791849 | J47: =F27 -> 60 | K47: =F32 -> 98.304

Sheet Average_20_Year_Old_Woman_Pro
A1: Pillar | B1: Metric | D1: 1 | E1: 2 | F1: 3 | G1: 4 | H1: 5 | I1: 6 | J1: 7 | K1: 8 | L1: 9 | M1: 10 | R1: Combined Scores
A2: Vitality | B2: VO2 max (ml/kg/min) | C2: 37.6 | D2: =C2-(C2/100*D1) -> 37.224 | E2: =D2-(D2/100*E1) -> 36.47952 | F2: =E2-(E2/100*F1) -> 35.385134 | G2: =F2-(F2/100*G1) -> 33.969729 | H2: =G2-(G2/100*H1) -> 32.271243 | I2: =H2-(H2/100*I1) -> 30.334968 | J2: =I2-(I2/100*J1) -> 28.21152 | K2: =J2-(J2/100*K1) -> 25.954599 | ... M2: =L2-(L2/100*M1) -> 21.256816 | Q2: Vitality | R2: =B27+ ((1 -((C2 / 37.6) * 0.7 )-((C3 / 100) * 0.3 )) * 100) -> 20
A3: Vitality | B3: FEV1 (% predicted) | C3: 100 | D3: =C3-(C3/100*D1) -> 99 | E3: =D3-(D3/100*E1) -> 97.02 | F3: =E3-(E3/100*F1) -> 94.1094 | G3: =F3-(F3/100*G1) -> 90.345024 | H3: =G3-(G3/100*H1) -> 85.827773 | I3: =H3-(H3/100*I1) -> 80.678106 | J3: =I3-(I3/100*J1) -> 75.030639 | K3: =J3-(J3/100*K1) -> 69.028188 | ... M3: =L3-(L3/100*M1) -> 56.534086 | Q3: Strength | R3: =((O4/100*50)+(O5/100*25)+(O6/100*25)) -> 20 | T3: Functional Biological Age
A4: Strength & Power | B4: Grip strength (kg) | C4: 29 | D4: =C4-(C4/100*D1) -> 28.71 | E4: =D4-(D4/100*E1) -> 28.1358 | F4: =E4-(E4/100*F1) -> 27.291726 | G4: =F4-(F4/100*G1) -> 26.200057 | H4: =G4-(G4/100*H1) -> 24.890054 | I4: =H4-(H4/100*I1) -> 23.396651 | J4: =I4-(I4/100*J1) -> 21.758885 | K4: =J4-(J4/100*K1) -> 20.018174 | ... M4: =L4-(L4/100*M1) -> 16.394885 | O4: 20 | Q4: Metabolic | R4: =B27 - 9*R11 -> 18.547143 | T4: =(R2/100*20)+(R3/100*20)+(R4/100*25)+(R5/100*20)+(R6/100*15) -> 19.636786
A5: Strength & Power | B5: STS Power (W/kg) | C5: 3.2 | M5: =C5-(C5/100*12) -> 2.816 | O5: =FORECAST(C5, OFFSET(Strength_Normative_Data!$O$3, MATCH(C5, Strength_Normative_Data!$Q$3:$Q$17, -1)-1, 0, 2), OFFSET(Strength_Normative_Data!$Q$3, MATCH(C5, Strength_Normative_Data!$Q$3:$Q$17, -1)-1, 0, 2)) -> 20 | Q5: Functional Mobility | R5: =((O14/100*30)+(O15/100*25)+(O16/100*30)+(O17/100*15)) -> 20
A6: Strength & Power | B6: Vertical jump (cm) | C6: 35 | M6: =C6-(C6/100*12) -> 30.8 | O6: =FORECAST(C6, OFFSET(Strength_Normative_Data!$J$3, MATCH(C6, Strength_Normative_Data!$L$3:$L$16, -1)-1, 0, 2), OFFSET(Strength_Normative_Data!$L$3, MATCH(C6, Strength_Normative_Data!$L$3:$L$16, -1)-1, 0, 2)) -> 20 | Q6: Cognitive | R6: =((O18/100*60)+(O19/100*40)) -> 20
A7: Metabolic Health | B7: Body fat (%) | C7: 28 | M7: =C7+(C7/100*6) -> 29.68
A8: Metabolic Health | B8: Waist to height ratio | C8: 0.5 | M8: =C8+(C8/100*4) -> 0.52 | O8: =IF(C8<=0.4,0, IF(C8<=0.5,20*(C8-0.4)/0.1, IF(C8<=0.6,20+40*(C8-0.5)/0.1, 60+40*(MIN(C8,0.75)-0.6)/0.15))) -> 20
A9: Metabolic Health | B9: Fasting glucose (mmol/L) | C9: 5.6
A10: Metabolic Health | B10: HbA1c (%) | C10: 5.7 | M10: =C10+(C10/100*5) -> 5.985 | O10: =IF(C10<5.7,10*(C10/5.7), IF(C10<6.5,10+40*(C10-5.7)/0.8, 50+50*(MIN(C10,9)-6.5)/2.5)) -> 10 | Q10: Metabolic Index | R10: Metabolic Z score
A11: Metabolic Health | B11: HOMA IR | C11: 2.5 | M11: =C11+(C11/100*14) -> 2.85 | O11: =IF(C11<1.6,10*(C11/1.6), IF(C11<3,10+40*(C11-1.6)/1.4, 50+50*(MIN(C11,7)-3)/4)) -> 35.714286 | Q11: =(0.3*P12)+(0.2*O8)+(0.15*O10)+(0.25*O11)+(0.1*O13) -> 26.928571 | R11: =IF(Q11<=10,1.5-0.1*Q11, IF(Q11<=60,0.5-0.02*(Q11-10), -0.5-0.03*(Q11-60))) -> 0.16142857
A12: Metabolic Health | B12: ApoB (g/L) | C12: 1.1 | M12: =C12+(C12/100*6) -> 1.166 | O12: =C12*100 -> 110 | P12: =IF(O12<80,5*(O12/80), IF(O12<100,10+20*(O12-80)/20, IF(O12<130,30+25*(O12-100)/30, IF(O12<160,55+25*(O12-130)/30, IF(O12<200,80+20*(O12-160)/40,100))))) -> 38.333333
A13: Metabolic Health | B13: hsCRP (mg/L) | C13: 1 | M13: =C13+(C13/100*18) -> 1.18 | O13: =IF(C13<1,10*(C13/1), IF(C13<3,10+40*(C13-1)/2, 50+50*(MIN(C13,10)-3)/7)) -> 10
A14: Functional Mobility | B14: Gait speed (m/s) | C14: 1.34 | M14: =C14+(C14/100*6) -> 1.4204 | O14: =IFERROR(FORECAST(C14, OFFSET(Mobility_Normative_Data!$A$3, MATCH(C14, Mobility_Normative_Data!$C$3:$C$17, -1)-1, 0, 2), OFFSET(Mobility_Normative_Data!$C$3, MATCH(C14, Mobility_Normative_Data!$C$3:$C$17, -1)-1, 0, 2)), INDEX(Mobility_Normative_Data!$A$3:$A$17, MATCH(C14, Mobility_Normative_Data!$C$3:$C$17, -1))) -> 20
A15: Functional Mobility | B15: Timed Up and Go (sec) | C15: 5.5 | M15: =C15+(C15/100*10) -> 6.05 | O15: =FORECAST(C15, OFFSET(Mobility_Normative_Data!$E$3, MATCH(C15, Mobility_Normative_Data!$G$3:$G$18, 1)-1, 0, 2), OFFSET(Mobility_Normative_Data!$G$3, MATCH(C15, Mobility_Normative_Data!$G$3:$G$18, 1)-1, 0, 2)) -> 20
A16: Functional Mobility | B16: Single leg stance (sec) | C16: 45 | M16: =C16+(C16/100*20) -> 54 | O16: =FORECAST(C16, OFFSET(Mobility_Normative_Data!$I$3, MATCH(C16, Mobility_Normative_Data!$K$3:$K$17, -1)-1, 0, 2), OFFSET(Mobility_Normative_Data!$K$3, MATCH(C16, Mobility_Normative_Data!$K$3:$K$17, -1)-1, 0, 2)) -> 20
A17: Functional Mobility | B17: Sit and reach (cm) | C17: 42 | M17: =C17+(C17/100*10) -> 46.2 | O17: =FORECAST(C17, OFFSET(Mobility_Normative_Data!$M$3, MATCH(C17, Mobility_Normative_Data!$O$3:$O$17, -1)-1, 0, 2), OFFSET(Mobility_Normative_Data!$O$3, MATCH(C17, Mobility_Normative_Data!$O$3:$O$17, -1)-1, 0, 2)) -> 20
A18: Cognitive Performance | B18: Processing speed (SD) | C18: 0 | M18: =C18 +(-0.2) -> -0.2 | O18: =MAX(18,B27-(C18*25)) -> 20
A19: Cognitive Performance | B19: Working memory (SD) | C19: 0 | M19: =C19+(-0.2) -> -0.2 | O19: =MAX(18,B27-(J1925)) -> 20
A23: Overall Decline predicitons
B25: Present | C25: 10 years time | D25: 20 Years time | E25: Thirty years | F25: 40 years
A26: Sex | B26: Male
A27: Chronological | B27: 20 | C27: =B27+10 -> 30 | D27: =C27+10 -> 40 | E27: =D27+10 -> 50 | F27: =E27+10 -> 60
A28: Vitality | B28: =R2 -> 20 | C28: =B28+(B28/100*11.5) -> 22.3 | D28: =C28+(C28/100*32.2) -> 29.4806 | E28: =D28+(D28/100*32.2) -> 38.973353 | F28: =E28+(E28/100*32.2) -> 51.522773
A29: Strength | B29: =R3 -> 20 | C29: =B29+(B29/100*12.3) -> 22.46 | D29: =C29+(C29/100*30.8) -> 29.37768 | E29: =D29+(D29/100*30.8) -> 38.426005 | F29: =E29+(E29/100*30.8) -> 50.261215
A30: Metabolic | B30: =R4 -> 18.547143 | C30: =B30+(B30/100*5.5) -> 19.567236 | D30: =C30+(C30/100*11) -> 21.719632 | E30: =D30+(D30/100*11) -> 24.108791 | F30: =E30+(E30/100*11) -> 26.760758
A31: Mobility | B31: =R5 -> 20 | C31: =B31+(B31/100*9.9) -> 21.98 | D31: =C31+(C31/100*19.8) -> 26.33204 | E31: =D31+(D31/100*19.8) -> 31.545784 | F31: =E31+(E31/100*19.8) -> 37.791849 | N31: Graphing
A32: Cognitive | B32: =R6 -> 20 | C32: =B32+(B32/100*20) -> 24 | D32: =C32+(C32/100*60) -> 38.4 | E32: =D32+(D32/100*60) -> 61.44 | F32: =E32+(E32/100*60) -> 98.304 | N32: Chronological Age | O32: Vitality Decline of an average 50 Year old Woman | Q32: Chronological Age | R32: Strength Decline of an average 50 Year old Woman | T32: Chronological Age | U32: Metabolic Decline of an average 50 Year old Woman | W32: Chronological Age | X32: Mobility Decline of an average 50 Year old Woman | Z32: Chronological Age | AA32: Cognitive Decline of an average 50 Year old Woman
N33: =B27 -> 20 | O33: =R2 -> 20 | Q33: =N33 -> 20 | R33: =R3 -> 20 | T33: =N33 -> 20 | U33: =R4 -> 18.547143 | W33: =N33 -> 20 | X33: =R5 -> 20 | Z33: =N33 -> 20 | AA33: =R6 -> 20
N34: =N33+1 -> 21 | O34: =O33+(O33*0.0115) -> 20.23 | Q34: =Q33+1 -> 21 | R34: =R33+(R33*0.0123) -> 20.246 | T34: =T33+1 -> 21 | U34: =U33+(U33*0.0055) -> 18.649152 | W34: =W33+1 -> 21 | X34: =X33+(X33*0.0099) -> 20.198 | Z34: =Z33+1 -> 21 | AA34: =AA33+(AA33*0.02) -> 20.4
N35: =N34+1 -> 22 | O35: =O34+(O34*0.0115) -> 20.462645 | Q35: =Q34+1 -> 22 | R35: =R34+(R34*0.0123) -> 20.495026 | T35: =T34+1 -> 22 | U35: =U34+(U34*0.0055) -> 18.751722 | W35: =W34+1 -> 22 | X35: =X34+(X34*0.0099) -> 20.39796 | Z35: =Z34+1 -> 22 | AA35: =AA34+(AA34*0.02) -> 20.808
N36: =N35+1 -> 23 | O36: =O35+(O35*0.0115) -> 20.697965 | Q36: =Q35+1 -> 23 | R36: =R35+(R35*0.0123) -> 20.747115 | T36: =T35+1 -> 23 | U36: =U35+(U35*0.0055) -> 18.854857 | W36: =W35+1 -> 23 | X36: =X35+(X35*0.0099) -> 20.5999 | Z36: =Z35+1 -> 23 | AA36: =AA35+(AA35*0.02) -> 21.22416
N37: =N36+1 -> 24 | O37: =O36+(O36*0.0115) -> 20.935992 | Q37: =Q36+1 -> 24 | R37: =R36+(R36*0.0123) -> 21.002304 | T37: =T36+1 -> 24 | U37: =U36+(U36*0.0055) -> 18.958559 | W37: =W36+1 -> 24 | X37: =X36+(X36*0.0099) -> 20.803839 | Z37: =Z36+1 -> 24 | AA37: =AA36+(AA36*0.02) -> 21.648643
N38: =N37+1 -> 25 | O38: =O37+(O37*0.0115) -> 21.176756 | Q38: =Q37+1 -> 25 | R38: =R37+(R37*0.0123) -> 21.260632 | T38: =T37+1 -> 25 | U38: =U37+(U37*0.0055) -> 19.062831 | W38: =W37+1 -> 25 | X38: =X37+(X37*0.0099) -> 21.009797 | Z38: =Z37+1 -> 25 | AA38: =AA37+(AA37*0.02) -> 22.081616
N39: =N38+1 -> 26 | O39: =O38+(O38*0.0115) -> 21.420289 | Q39: =Q38+1 -> 26 | R39: =R38+(R38*0.0123) -> 21.522138 | T39: =T38+1 -> 26 | U39: =U38+(U38*0.0055) -> 19.167676 | W39: =W38+1 -> 26 | X39: =X38+(X38*0.0099) -> 21.217794 | Z39: =Z38+1 -> 26 | AA39: =AA38+(AA38*0.02) -> 22.523248
N40: =N39+1 -> 27 | O40: =O39+(O39*0.0115) -> 21.666622 | Q40: =Q39+1 -> 27 | R40: =R39+(R39*0.0123) -> 21.786861 | T40: =T39+1 -> 27 | U40: =U39+(U39*0.0055) -> 19.273099 | W40: =W39+1 -> 27 | X40: =X39+(X39*0.0099) -> 21.42785 | Z40: =Z39+1 -> 27 | AA40: =AA39+(AA39*0.02) -> 22.973713
N41: =N40+1 -> 28 | O41: =O40+(O40*0.0115) -> 21.915788 | Q41: =Q40+1 -> 28 | R41: =R40+(R40*0.0123) -> 22.054839 | T41: =T40+1 -> 28 | U41: =U40+(U40*0.0055) -> 19.379101 | W41: =W40+1 -> 28 | X41: =X40+(X40*0.0099) -> 21.639986 | Z41: =Z40+1 -> 28 | AA41: =AA40+(AA40*0.02) -> 23.433188
N42: =N41+1 -> 29 | O42: =O41+(O41*0.0115) -> 22.16782 | Q42: =Q41+1 -> 29 | R42: =R41+(R41*0.0123) -> 22.326113 | T42: =T41+1 -> 29 | U42: =U41+(U41*0.0055) -> 19.485686 | W42: =W41+1 -> 29 | X42: =X41+(X41*0.0099) -> 21.854222 | Z42: =Z41+1 -> 29 | AA42: =AA41+(AA41*0.02) -> 23.901851
N43: =N42+1 -> 30 | O43: =O42+(O42*0.0115) -> 22.42275 | Q43: =Q42+1 -> 30 | R43: =R42+(R42*0.0123) -> 22.600725 | T43: =T42+1 -> 30 | U43: =U42+(U42*0.0055) -> 19.592857 | W43: =W42+1 -> 30 | X43: =X42+(X42*0.0099) -> 22.070579 | Z43: =Z42+1 -> 30 | AA43: =AA42+(AA42*0.02) -> 24.379888

Sheet Average_25_Year_old_Man_Pro 
A1: Pillar | B1: Metric | D1: 1 | E1: 2 | F1: 3 | G1: 4 | H1: 5 | I1: 6 | J1: 7 | K1: 8 | L1: 9 | M1: 10 | R1: Combined Scores
A2: Vitality | B2: VO2 max (ml/kg/min) | C2: 48 | D2: =C2-(C2/100*D1) -> 47.52 | E2: =D2-(D2/100*E1) -> 46.5696 | F2: =E2-(E2/100*F1) -> 45.172512 | G2: =F2-(F2/100*G1) -> 43.365612 | H2: =G2-(G2/100*H1) -> 41.197331 | I2: =H2-(H2/100*I1) -> 38.725491 | J2: =I2-(I2/100*J1) -> 36.014707 | K2: =J2-(J2/100*K1) -> 33.13353 | ... M2: =L2-(L2/100*M1) -> 27.136361 | Q2: Vitality | R2: =B27+ ((1 -((C2 / 48) * 0.7 )-((C3 / 100) * 0.3 )) * 100) -> 25
A3: Vitality | B3: FEV1 (% predicted) | C3: 100 | D3: =C3-(C3/100*D1) -> 99 | E3: =D3-(D3/100*E1) -> 97.02 | F3: =E3-(E3/100*F1) -> 94.1094 | G3: =F3-(F3/100*G1) -> 90.345024 | H3: =G3-(G3/100*H1) -> 85.827773 | I3: =H3-(H3/100*I1) -> 80.678106 | J3: =I3-(I3/100*J1) -> 75.030639 | K3: =J3-(J3/100*K1) -> 69.028188 | ... M3: =L3-(L3/100*M1) -> 56.534086 | Q3: Strength | R3: =((O4/100*50)+(O5/100*25)+(O6/100*25)) -> 25 | T3: Functional Biological Age
A4: Strength & Power | B4: Grip strength (kg) | C4: 50 | D4: =C4-(C4/100*D1) -> 49.5 | E4: =D4-(D4/100*E1) -> 48.51 | F4: =E4-(E4/100*F1) -> 47.0547 | G4: =F4-(F4/100*G1) -> 45.172512 | H4: =G4-(G4/100*H1) -> 42.913886 | I4: =H4-(H4/100*I1) -> 40.339053 | J4: =I4-(I4/100*J1) -> 37.515319 | K4: =J4-(J4/100*K1) -> 34.514094 | ... M4: =L4-(L4/100*M1) -> 28.267043 | O4: =IF(B27<30, FORECAST(C4, OFFSET(Strength_Normative_Data!$A$3, MATCH(C4, Strength_Normative_Data!$B$3:$B$5, 1)-1, 0, 2), OFFSET(Strength_Normative_Data!$B$3, MATCH(C4, Strength_Normative_Data!$B$3:$B$5, 1)-1, 0, 2)), FORECAST(C4, OFFSET(Strength_Normative_Data!$A$5, MATCH(C4, Strength_Normative_Data!$B$5:$B$16, -1)-1, 0, 2), OFFSET(Strength_Normative_Data!$B$5, MATCH(C4, Strength_Normative_Data!$B$5:$B$16, -1)-1, 0, 2))) -> 25 | Q4: Metabolic | R4: =B27 - 9*R11 -> 23.627263 | T4: =(R2/100*20)+(R3/100*20)+(R4/100*25)+(R5/100*20)+(R6/100*15) -> 24.356816
A5: Strength & Power | B5: STS Power (W/kg) | C5: 4.1 | M5: =C5-(C5/100*12) -> 3.608 | O5: =FORECAST(C5, OFFSET(Strength_Normative_Data!$O$3, MATCH(C5, Strength_Normative_Data!$P$3:$P$17, -1)-1, 0, 2), OFFSET(Strength_Normative_Data!$P$3, MATCH(C5, Strength_Normative_Data!$P$3:$P$17, -1)-1, 0, 2)) -> 25 | Q5: Functional Mobility | R5: =((O14/100*30)+(O15/100*25)+(O16/100*30)+(O17/100*15)) -> 23.5
A6: Strength & Power | B6: Vertical jump (cm) | C6: 51 | M6: =C6-(C6/100*12) -> 44.88 | O6: =FORECAST(C6, OFFSET(Strength_Normative_Data!$J$3, MATCH(C6, Strength_Normative_Data!$K$3:$K$16, -1)-1, 0, 2), OFFSET(Strength_Normative_Data!$K$3, MATCH(C6, Strength_Normative_Data!$K$3:$K$16, -1)-1, 0, 2)) -> 25 | Q6: Cognitive | R6: =((O18/100*60)+(O19/100*40)) -> 25
A7: Metabolic Health | B7: Body fat (%) | C7: 22 | M7: =C7+(C7/100*6) -> 23.32
A8: Metabolic Health | B8: Waist to height ratio | C8: 0.55 | M8: =C8+(C8/100*4) -> 0.572 | O8: =IF(C8<=0.4,0, IF(C8<=0.5,20*(C8-0.4)/0.1, IF(C8<=0.6,20+40*(C8-0.5)/0.1, 60+40*(MIN(C8,0.75)-0.6)/0.15))) -> 40
A9: Metabolic Health | B9: Fasting glucose (mmol/L) | C9: 5.1
A10: Metabolic Health | B10: HbA1c (%) | C10: 5.6 | M10: =C10+(C10/100*5) -> 5.88 | O10: =IF(C10<5.7,10*(C10/5.7), IF(C10<6.5,10+40*(C10-5.7)/0.8, 50+50*(MIN(C10,9)-6.5)/2.5)) -> 9.8245614 | Q10: Metabolic Index | R10: Metabolic Z score
A11: Metabolic Health | B11: HOMA IR | C11: 2.3 | M11: =C11+(C11/100*14) -> 2.622 | O11: =IF(C11<1.6,10*(C11/1.6), IF(C11<3,10+40*(C11-1.6)/1.4, 50+50*(MIN(C11,7)-3)/4)) -> 30 | Q11: =(0.3*P12)+(0.2*O8)+(0.15*O10)+(0.25*O11)+(0.1*O13) -> 27.373684 | R11: =IF(Q11<=10,1.5-0.1*Q11, IF(Q11<=60,0.5-0.02*(Q11-10), -0.5-0.03*(Q11-60))) -> 0.15252632
A12: Metabolic Health | B12: ApoB (g/L) | C12: 0.98 | M12: =C12+(C12/100*6) -> 1.0388 | O12: =C12*100 -> 98 | P12: =IF(O12<80,5*(O12/80), IF(O12<100,10+20*(O12-80)/20, IF(O12<130,30+25*(O12-100)/30, IF(O12<160,55+25*(O12-130)/30, IF(O12<200,80+20*(O12-160)/40,100))))) -> 28
A13: Metabolic Health | B13: hsCRP (mg/L) | C13: 1.5 | M13: =C13+(C13/100*18) -> 1.77 | O13: =IF(C13<1,10*(C13/1), IF(C13<3,10+40*(C13-1)/2, 50+50*(MIN(C13,10)-3)/7)) -> 20
A14: Functional Mobility | B14: Gait speed (m/s) | C14: 1.36 | M14: =C14+(C14/100*6) -> 1.4416 | O14: =IFERROR(FORECAST(C14, OFFSET(Mobility_Normative_Data!$A$3, MATCH(C14, Mobility_Normative_Data!$B$3:$B$17, -1)-1, 0, 2), OFFSET(Mobility_Normative_Data!$B$3, MATCH(C14, Mobility_Normative_Data!$B$3:$B$17, -1)-1, 0, 2)), INDEX(Mobility_Normative_Data!$A$3:$A$17, MATCH(C14, Mobility_Normative_Data!$B$3:$B$17, -1))) -> 20
A15: Functional Mobility | B15: Timed Up and Go (sec) | C15: 5.2 | M15: =C15+(C15/100*10) -> 5.72 | O15: =FORECAST(C15, OFFSET(Mobility_Normative_Data!$E$3, MATCH(C15, Mobility_Normative_Data!$F$3:$F$18, 1)-1, 0, 2), OFFSET(Mobility_Normative_Data!$F$3, MATCH(C15, Mobility_Normative_Data!$F$3:$F$18, 1)-1, 0, 2)) -> 25
A16: Functional Mobility | B16: Single leg stance (sec) | C16: 44 | M16: =C16+(C16/100*20) -> 52.8 | O16: =FORECAST(C16, OFFSET(Mobility_Normative_Data!$I$3, MATCH(C16, Mobility_Normative_Data!$J$3:$J$17, -1)-1, 0, 2), OFFSET(Mobility_Normative_Data!$J$3, MATCH(C16, Mobility_Normative_Data!$J$3:$J$17, -1)-1, 0, 2)) -> 25
A17: Functional Mobility | B17: Sit and reach (cm) | C17: 38 | M17: =C17+(C17/100*10) -> 41.8 | O17: =FORECAST(C17, OFFSET(Mobility_Normative_Data!$M$3, MATCH(C17, Mobility_Normative_Data!$N$3:$N$17, -1)-1, 0, 2), OFFSET(Mobility_Normative_Data!$N$3, MATCH(C17, Mobility_Normative_Data!$N$3:$N$17, -1)-1, 0, 2)) -> 25
A18: Cognitive Performance | B18: Processing speed (SD) | C18: 0 | M18: =C18 +(-0.2) -> -0.2 | O18: =MAX(18,B27-(C18*25)) -> 25
A19: Cognitive Performance | B19: Working memory (SD) | C19: 0 | M19: =C19+(-0.2) -> -0.2 | O19: =MAX(18,B27-(J1925)) -> 25
A23: Overall Decline predicitons
B25: Present | C25: 10 years time | D25: 20 Years time | E25: Thirty years | F25: 40 years
A26: Sex | B26: Male
A27: Chronological | B27: 25 | C27: =B27+10 -> 35 | D27: =C27+10 -> 45 | E27: =D27+10 -> 55 | F27: =E27+10 -> 65
A28: Vitality | B28: =R2 -> 25 | C28: =B28+(B28/100*11.5) -> 27.875 | D28: =C28+(C28/100*32.2) -> 36.85075 | E28: =D28+(D28/100*32.2) -> 48.716692 | F28: =E28+(E28/100*32.2) -> 64.403466
A29: Strength | B29: =R3 -> 25 | C29: =B29+(B29/100*12.3) -> 28.075 | D29: =C29+(C29/100*30.8) -> 36.7221 | E29: =D29+(D29/100*30.8) -> 48.032507 | F29: =E29+(E29/100*30.8) -> 62.826519
A30: Metabolic | B30: =R4 -> 23.627263 | C30: =B30+(B30/100*5.5) -> 24.926763 | D30: =C30+(C30/100*11) -> 27.668707 | E30: =D30+(D30/100*11) -> 30.712264 | F30: =E30+(E30/100*11) -> 34.090613
A31: Mobility | B31: =R5 -> 23.5 | C31: =B31+(B31/100*9.9) -> 25.8265 | D31: =C31+(C31/100*19.8) -> 30.940147 | E31: =D31+(D31/100*19.8) -> 37.066296 | F31: =E31+(E31/100*19.8) -> 44.405423 | N31: Graphing
A32: Cognitive | B32: =R6 -> 25 | C32: =B32+(B32/100*20) -> 30 | D32: =C32+(C32/100*60) -> 48 | E32: =D32+(D32/100*60) -> 76.8 | F32: =E32+(E32/100*60) -> 122.88 | N32: Chronological Age | O32: Vitality Decline of an average 20 Year old Man | Q32: Chronological Age | R32: Strength Decline of an average 20 Year old Man | T32: Chronological Age | U32: Metabolic Decline of an average 20 Year old Man | W32: Chronological Age | X32: Mobility Decline of an average 20 Year old Man | Z32: Chronological Age | AA32: Cognitive Decline of an average 20 Year old Man
N33: =B27 -> 25 | O33: =R2 -> 25 | Q33: =N33 -> 25 | R33: =R3 -> 25 | T33: =N33 -> 25 | U33: =R4 -> 23.627263 | W33: =N33 -> 25 | X33: =R5 -> 23.5 | Z33: =N33 -> 25 | AA33: =R6 -> 25
N34: =N33+1 -> 26 | O34: =O33+(O33*0.0115) -> 25.2875 | Q34: =Q33+1 -> 26 | R34: =R33+(R33*0.0123) -> 25.3075 | T34: =T33+1 -> 26 | U34: =U33+(U33*0.0055) -> 23.757213 | W34: =W33+1 -> 26 | X34: =X33+(X33*0.0099) -> 23.73265 | Z34: =Z33+1 -> 26 | AA34: =AA33+(AA33*0.02) -> 25.5
N35: =N34+1 -> 27 | O35: =O34+(O34*0.0115) -> 25.578306 | Q35: =Q34+1 -> 27 | R35: =R34+(R34*0.0123) -> 25.618782 | T35: =T34+1 -> 27 | U35: =U34+(U34*0.0055) -> 23.887878 | W35: =W34+1 -> 27 | X35: =X34+(X34*0.0099) -> 23.967603 | Z35: =Z34+1 -> 27 | AA35: =AA34+(AA34*0.02) -> 26.01
A36: Functional Biological Age | N36: =N35+1 -> 28 | O36: =O35+(O35*0.0115) -> 25.872457 | Q36: =Q35+1 -> 28 | R36: =R35+(R35*0.0123) -> 25.933893 | T36: =T35+1 -> 28 | U36: =U35+(U35*0.0055) -> 24.019261 | W36: =W35+1 -> 28 | X36: =X35+(X35*0.0099) -> 24.204883 | Z36: =Z35+1 -> 28 | AA36: =AA35+(AA35*0.02) -> 26.5302
A37: =(B28/100*20)+(B29/100*20)+(B30/100*25)+(B31/100*20)+(B32/100*15) -> 24.356816 | N37: =N36+1 -> 29 | O37: =O36+(O36*0.0115) -> 26.16999 | Q37: =Q36+1 -> 29 | R37: =R36+(R36*0.0123) -> 26.25288 | T37: =T36+1 -> 29 | U37: =U36+(U36*0.0055) -> 24.151367 | W37: =W36+1 -> 29 | X37: =X36+(X36*0.0099) -> 24.444511 | Z37: =Z36+1 -> 29 | AA37: =AA36+(AA36*0.02) -> 27.060804
N38: =N37+1 -> 30 | O38: =O37+(O37*0.0115) -> 26.470945 | Q38: =Q37+1 -> 30 | R38: =R37+(R37*0.0123) -> 26.575791 | T38: =T37+1 -> 30 | U38: =U37+(U37*0.0055) -> 24.2842 | W38: =W37+1 -> 30 | X38: =X37+(X37*0.0099) -> 24.686512 | Z38: =Z37+1 -> 30 | AA38: =AA37+(AA37*0.02) -> 27.60202
N39: =N38+1 -> 31 | O39: =O38+(O38*0.0115) -> 26.775361 | Q39: =Q38+1 -> 31 | R39: =R38+(R38*0.0123) -> 26.902673 | T39: =T38+1 -> 31 | U39: =U38+(U38*0.0055) -> 24.417763 | W39: =W38+1 -> 31 | X39: =X38+(X38*0.0099) -> 24.930908 | Z39: =Z38+1 -> 31 | AA39: =AA38+(AA38*0.02) -> 28.15406
N40: =N39+1 -> 32 | O40: =O39+(O39*0.0115) -> 27.083277 | Q40: =Q39+1 -> 32 | R40: =R39+(R39*0.0123) -> 27.233576 | T40: =T39+1 -> 32 | U40: =U39+(U39*0.0055) -> 24.55206 | W40: =W39+1 -> 32 | X40: =X39+(X39*0.0099) -> 25.177724 | Z40: =Z39+1 -> 32 | AA40: =AA39+(AA39*0.02) -> 28.717142
N41: =N40+1 -> 33 | O41: =O40+(O40*0.0115) -> 27.394735 | Q41: =Q40+1 -> 33 | R41: =R40+(R40*0.0123) -> 27.568549 | T41: =T40+1 -> 33 | U41: =U40+(U40*0.0055) -> 24.687097 | W41: =W40+1 -> 33 | X41: =X40+(X40*0.0099) -> 25.426983 | Z41: =Z40+1 -> 33 | AA41: =AA40+(AA40*0.02) -> 29.291485
B42: Age | C42: Vitality | D42: Age | E42: Strength | F42: Age | G42: Metabolic | H42: Age | I42: Mobility | J42: Age | K42: Cognitive | N42: =N41+1 -> 34 | O42: =O41+(O41*0.0115) -> 27.709775 | Q42: =Q41+1 -> 34 | R42: =R41+(R41*0.0123) -> 27.907642 | T42: =T41+1 -> 34 | U42: =U41+(U41*0.0055) -> 24.822876 | W42: =W41+1 -> 34 | X42: =X41+(X41*0.0099) -> 25.678711 | Z42: =Z41+1 -> 34 | AA42: =AA41+(AA41*0.02) -> 29.877314
B43: =B27 -> 25 | C43: =B28 -> 25 | D43: =B43 -> 25 | E43: =B29 -> 25 | F43: =B27 -> 25 | G43: =B30 -> 23.627263 | H43: =B27 -> 25 | I43: =B31 -> 23.5 | J43: =B27 -> 25 | K43: =B32 -> 25 | N43: =N42+1 -> 35 | O43: =O42+(O42*0.0115) -> 28.028437 | Q43: =Q42+1 -> 35 | R43: =R42+(R42*0.0123) -> 28.250906 | T43: =T42+1 -> 35 | U43: =U42+(U42*0.0055) -> 24.959402 | W43: =W42+1 -> 35 | X43: =X42+(X42*0.0099) -> 25.93293 | Z43: =Z42+1 -> 35 | AA43: =AA42+(AA42*0.02) -> 30.47486
B44: =C27 -> 35 | C44: =C28 -> 27.875 | D44: =B44 -> 35 | E44: =C29 -> 28.075 | F44: =C27 -> 35 | G44: =C30 -> 24.926763 | H44: =C27 -> 35 | I44: =C31 -> 25.8265 | J44: =C27 -> 35 | K44: =C32 -> 30
B45: =D27 -> 45 | C45: =D28 -> 36.85075 | D45: =D27 -> 45 | E45: =D29 -> 36.7221 | F45: =D27 -> 45 | G45: =D30 -> 27.668707 | H45: =D27 -> 45 | I45: =D31 -> 30.940147 | J45: =D27 -> 45 | K45: =D32 -> 48
B46: =E27 -> 55 | C46: =E28 -> 48.716692 | D46: =E27 -> 55 | E46: =E29 -> 48.032507 | F46: =E27 -> 55 | G46: =E30 -> 30.712264 | H46: =E27 -> 55 | I46: =E31 -> 37.066296 | J46: =E27 -> 55 | K46: =E32 -> 76.8
B47: =F27 -> 65 | C47: =F28 -> 64.403466 | D47: =F27 -> 65 | E47: =F29 -> 62.826519 | F47: =F27 -> 65 | G47: =F31 -> 44.405423 | H47: =F27 -> 65 | I47: =F31 -> 44.405423 | J47: =F27 -> 65 | K47: =F32 -> 122.88

Sheet Average_25_Year_Old_Woman_P 
A1: Pillar | B1: Metric | D1: 1 | E1: 2 | F1: 3 | G1: 4 | H1: 5 | I1: 6 | J1: 7 | K1: 8 | L1: 9 | M1: 10 | R1: Combined Scores
A2: Vitality | B2: VO2 max (ml/kg/min) | C2: 37.6 | D2: =C2-(C2/100*D1) -> 37.224 | E2: =D2-(D2/100*E1) -> 36.47952 | F2: =E2-(E2/100*F1) -> 35.385134 | G2: =F2-(F2/100*G1) -> 33.969729 | H2: =G2-(G2/100*H1) -> 32.271243 | I2: =H2-(H2/100*I1) -> 30.334968 | J2: =I2-(I2/100*J1) -> 28.21152 | K2: =J2-(J2/100*K1) -> 25.954599 | ... M2: =L2-(L2/100*M1) -> 21.256816 | Q2: Vitality | R2: =B27+ ((1 -((C2 / 37.6) * 0.7 )-((C3 / 100) * 0.3 )) * 100) -> 25
A3: Vitality | B3: FEV1 (% predicted) | C3: 100 | D3: =C3-(C3/100*D1) -> 99 | E3: =D3-(D3/100*E1) -> 97.02 | F3: =E3-(E3/100*F1) -> 94.1094 | G3: =F3-(F3/100*G1) -> 90.345024 | H3: =G3-(G3/100*H1) -> 85.827773 | I3: =H3-(H3/100*I1) -> 80.678106 | J3: =I3-(I3/100*J1) -> 75.030639 | K3: =J3-(J3/100*K1) -> 69.028188 | ... M3: =L3-(L3/100*M1) -> 56.534086 | Q3: Strength | R3: =((O4/100*50)+(O5/100*25)+(O6/100*25)) -> 25 | T3: Functional Biological Age
A4: Strength & Power | B4: Grip strength (kg) | C4: 30 | D4: =C4-(C4/100*D1) -> 29.7 | E4: =D4-(D4/100*E1) -> 29.106 | F4: =E4-(E4/100*F1) -> 28.23282 | G4: =F4-(F4/100*G1) -> 27.103507 | H4: =G4-(G4/100*H1) -> 25.748332 | I4: =H4-(H4/100*I1) -> 24.203432 | J4: =I4-(I4/100*J1) -> 22.509192 | K4: =J4-(J4/100*K1) -> 20.708456 | ... M4: =L4-(L4/100*M1) -> 16.960226 | O4: 25 | Q4: Metabolic | R4: =B27 - 9*R11 -> 23.619143 | T4: =(R2/100*20)+(R3/100*20)+(R4/100*25)+(R5/100*20)+(R6/100*15) -> 24.354786
A5: Strength & Power | B5: STS Power (W/kg) | C5: 3.1 | M5: =C5-(C5/100*12) -> 2.728 | O5: =FORECAST(C5, OFFSET(Strength_Normative_Data!$O$3, MATCH(C5, Strength_Normative_Data!$Q$3:$Q$17, -1)-1, 0, 2), OFFSET(Strength_Normative_Data!$Q$3, MATCH(C5, Strength_Normative_Data!$Q$3:$Q$17, -1)-1, 0, 2)) -> 25 | Q5: Functional Mobility | R5: =((O14/100*30)+(O15/100*25)+(O16/100*30)+(O17/100*15)) -> 23.5
A6: Strength & Power | B6: Vertical jump (cm) | C6: 33.5 | M6: =C6-(C6/100*12) -> 29.48 | O6: =FORECAST(C6, OFFSET(Strength_Normative_Data!$J$3, MATCH(C6, Strength_Normative_Data!$L$3:$L$16, -1)-1, 0, 2), OFFSET(Strength_Normative_Data!$L$3, MATCH(C6, Strength_Normative_Data!$L$3:$L$16, -1)-1, 0, 2)) -> 25 | Q6: Cognitive | R6: =((O18/100*60)+(O19/100*40)) -> 25
A7: Metabolic Health | B7: Body fat (%) | C7: 29 | M7: =C7+(C7/100*6) -> 30.74
A8: Metabolic Health | B8: Waist to height ratio | C8: 0.5 | M8: =C8+(C8/100*4) -> 0.52 | O8: =IF(C8<=0.4,0, IF(C8<=0.5,20*(C8-0.4)/0.1, IF(C8<=0.6,20+40*(C8-0.5)/0.1, 60+40*(MIN(C8,0.75)-0.6)/0.15))) -> 20
A9: Metabolic Health | B9: Fasting glucose (mmol/L) | C9: 4.9
A10: Metabolic Health | B10: HbA1c (%) | C10: 5.7 | M10: =C10+(C10/100*5) -> 5.985 | O10: =IF(C10<5.7,10*(C10/5.7), IF(C10<6.5,10+40*(C10-5.7)/0.8, 50+50*(MIN(C10,9)-6.5)/2.5)) -> 10 | Q10: Metabolic Index | R10: Metabolic Z score
A11: Metabolic Health | B11: HOMA IR | C11: 2.5 | M11: =C11+(C11/100*14) -> 2.85 | O11: =IF(C11<1.6,10*(C11/1.6), IF(C11<3,10+40*(C11-1.6)/1.4, 50+50*(MIN(C11,7)-3)/4)) -> 35.714286 | Q11: =(0.3*P12)+(0.2*O8)+(0.15*O10)+(0.25*O11)+(0.1*O13) -> 27.328571 | R11: =IF(Q11<=10,1.5-0.1*Q11, IF(Q11<=60,0.5-0.02*(Q11-10), -0.5-0.03*(Q11-60))) -> 0.15342857
A12: Metabolic Health | B12: ApoB (g/L) | C12: 1.1 | M12: =C12+(C12/100*6) -> 1.166 | O12: =C12*100 -> 110 | P12: =IF(O12<80,5*(O12/80), IF(O12<100,10+20*(O12-80)/20, IF(O12<130,30+25*(O12-100)/30, IF(O12<160,55+25*(O12-130)/30, IF(O12<200,80+20*(O12-160)/40,100))))) -> 38.333333
A13: Metabolic Health | B13: hsCRP (mg/L) | C13: 1.2 | M13: =C13+(C13/100*18) -> 1.416 | O13: =IF(C13<1,10*(C13/1), IF(C13<3,10+40*(C13-1)/2, 50+50*(MIN(C13,10)-3)/7)) -> 14
A14: Functional Mobility | B14: Gait speed (m/s) | C14: 1.34 | M14: =C14+(C14/100*6) -> 1.4204 | O14: =IFERROR(FORECAST(C14, OFFSET(Mobility_Normative_Data!$A$3, MATCH(C14, Mobility_Normative_Data!$C$3:$C$17, -1)-1, 0, 2), OFFSET(Mobility_Normative_Data!$C$3, MATCH(C14, Mobility_Normative_Data!$C$3:$C$17, -1)-1, 0, 2)), INDEX(Mobility_Normative_Data!$A$3:$A$17, MATCH(C14, Mobility_Normative_Data!$C$3:$C$17, -1))) -> 20
A15: Functional Mobility | B15: Timed Up and Go (sec) | C15: 5.8 | M15: =C15+(C15/100*10) -> 6.38 | O15: =FORECAST(C15, OFFSET(Mobility_Normative_Data!$E$3, MATCH(C15, Mobility_Normative_Data!$G$3:$G$18, 1)-1, 0, 2), OFFSET(Mobility_Normative_Data!$G$3, MATCH(C15, Mobility_Normative_Data!$G$3:$G$18, 1)-1, 0, 2)) -> 25
A16: Functional Mobility | B16: Single leg stance (sec) | C16: 44 | M16: =C16+(C16/100*20) -> 52.8 | O16: =FORECAST(C16, OFFSET(Mobility_Normative_Data!$I$3, MATCH(C16, Mobility_Normative_Data!$K$3:$K$17, -1)-1, 0, 2), OFFSET(Mobility_Normative_Data!$K$3, MATCH(C16, Mobility_Normative_Data!$K$3:$K$17, -1)-1, 0, 2)) -> 25
A17: Functional Mobility | B17: Sit and reach (cm) | C17: 41 | M17: =C17+(C17/100*10) -> 45.1 | O17: =FORECAST(C17, OFFSET(Mobility_Normative_Data!$M$3, MATCH(C17, Mobility_Normative_Data!$O$3:$O$17, -1)-1, 0, 2), OFFSET(Mobility_Normative_Data!$O$3, MATCH(C17, Mobility_Normative_Data!$O$3:$O$17, -1)-1, 0, 2)) -> 25
A18: Cognitive Performance | B18: Processing speed (SD) | C18: 0 | M18: =C18 +(-0.2) -> -0.2 | O18: =MAX(18,B27-(C18*25)) -> 25
A19: Cognitive Performance | B19: Working memory (SD) | C19: 0 | M19: =C19+(-0.2) -> -0.2 | O19: =MAX(18,B27-(J1925)) -> 25
A23: Overall Decline predicitons
B25: Present | C25: 10 years time | D25: 20 Years time | E25: Thirty years | F25: 40 years
A26: Sex | B26: Male
A27: Chronological | B27: 25 | C27: =B27+10 -> 35 | D27: =C27+10 -> 45 | E27: =D27+10 -> 55 | F27: =E27+10 -> 65
A28: Vitality | B28: =R2 -> 25 | C28: =B28+(B28/100*11.5) -> 27.875 | D28: =C28+(C28/100*32.2) -> 36.85075 | E28: =D28+(D28/100*32.2) -> 48.716692 | F28: =E28+(E28/100*32.2) -> 64.403466
A29: Strength | B29: =R3 -> 25 | C29: =B29+(B29/100*12.3) -> 28.075 | D29: =C29+(C29/100*30.8) -> 36.7221 | E29: =D29+(D29/100*30.8) -> 48.032507 | F29: =E29+(E29/100*30.8) -> 62.826519
A30: Metabolic | B30: =R4 -> 23.619143 | C30: =B30+(B30/100*5.5) -> 24.918196 | D30: =C30+(C30/100*11) -> 27.659197 | E30: =D30+(D30/100*11) -> 30.701709 | F30: =E30+(E30/100*11) -> 34.078897
A31: Mobility | B31: =R5 -> 23.5 | C31: =B31+(B31/100*9.9) -> 25.8265 | D31: =C31+(C31/100*19.8) -> 30.940147 | E31: =D31+(D31/100*19.8) -> 37.066296 | F31: =E31+(E31/100*19.8) -> 44.405423 | N31: Graphing
A32: Cognitive | B32: =R6 -> 25 | C32: =B32+(B32/100*20) -> 30 | D32: =C32+(C32/100*60) -> 48 | E32: =D32+(D32/100*60) -> 76.8 | F32: =E32+(E32/100*60) -> 122.88 | N32: Chronological Age | O32: Vitality Decline of an average 50 Year old Woman | Q32: Chronological Age | R32: Strength Decline of an average 50 Year old Woman | T32: Chronological Age | U32: Metabolic Decline of an average 50 Year old Woman | W32: Chronological Age | X32: Mobility Decline of an average 50 Year old Woman | Z32: Chronological Age | AA32: Cognitive Decline of an average 50 Year old Woman
N33: =B27 -> 25 | O33: =R2 -> 25 | Q33: =N33 -> 25 | R33: =R3 -> 25 | T33: =N33 -> 25 | U33: =R4 -> 23.619143 | W33: =N33 -> 25 | X33: =R5 -> 23.5 | Z33: =N33 -> 25 | AA33: =R6 -> 25
N34: =N33+1 -> 26 | O34: =O33+(O33*0.0115) -> 25.2875 | Q34: =Q33+1 -> 26 | R34: =R33+(R33*0.0123) -> 25.3075 | T34: =T33+1 -> 26 | U34: =U33+(U33*0.0055) -> 23.749048 | W34: =W33+1 -> 26 | X34: =X33+(X33*0.0099) -> 23.73265 | Z34: =Z33+1 -> 26 | AA34: =AA33+(AA33*0.02) -> 25.5
N35: =N34+1 -> 27 | O35: =O34+(O34*0.0115) -> 25.578306 | Q35: =Q34+1 -> 27 | R35: =R34+(R34*0.0123) -> 25.618782 | T35: =T34+1 -> 27 | U35: =U34+(U34*0.0055) -> 23.879668 | W35: =W34+1 -> 27 | X35: =X34+(X34*0.0099) -> 23.967603 | Z35: =Z34+1 -> 27 | AA35: =AA34+(AA34*0.02) -> 26.01
N36: =N35+1 -> 28 | O36: =O35+(O35*0.0115) -> 25.872457 | Q36: =Q35+1 -> 28 | R36: =R35+(R35*0.0123) -> 25.933893 | T36: =T35+1 -> 28 | U36: =U35+(U35*0.0055) -> 24.011006 | W36: =W35+1 -> 28 | X36: =X35+(X35*0.0099) -> 24.204883 | Z36: =Z35+1 -> 28 | AA36: =AA35+(AA35*0.02) -> 26.5302
N37: =N36+1 -> 29 | O37: =O36+(O36*0.0115) -> 26.16999 | Q37: =Q36+1 -> 29 | R37: =R36+(R36*0.0123) -> 26.25288 | T37: =T36+1 -> 29 | U37: =U36+(U36*0.0055) -> 24.143067 | W37: =W36+1 -> 29 | X37: =X36+(X36*0.0099) -> 24.444511 | Z37: =Z36+1 -> 29 | AA37: =AA36+(AA36*0.02) -> 27.060804
N38: =N37+1 -> 30 | O38: =O37+(O37*0.0115) -> 26.470945 | Q38: =Q37+1 -> 30 | R38: =R37+(R37*0.0123) -> 26.575791 | T38: =T37+1 -> 30 | U38: =U37+(U37*0.0055) -> 24.275853 | W38: =W37+1 -> 30 | X38: =X37+(X37*0.0099) -> 24.686512 | Z38: =Z37+1 -> 30 | AA38: =AA37+(AA37*0.02) -> 27.60202
N39: =N38+1 -> 31 | O39: =O38+(O38*0.0115) -> 26.775361 | Q39: =Q38+1 -> 31 | R39: =R38+(R38*0.0123) -> 26.902673 | T39: =T38+1 -> 31 | U39: =U38+(U38*0.0055) -> 24.409371 | W39: =W38+1 -> 31 | X39: =X38+(X38*0.0099) -> 24.930908 | Z39: =Z38+1 -> 31 | AA39: =AA38+(AA38*0.02) -> 28.15406
N40: =N39+1 -> 32 | O40: =O39+(O39*0.0115) -> 27.083277 | Q40: =Q39+1 -> 32 | R40: =R39+(R39*0.0123) -> 27.233576 | T40: =T39+1 -> 32 | U40: =U39+(U39*0.0055) -> 24.543622 | W40: =W39+1 -> 32 | X40: =X39+(X39*0.0099) -> 25.177724 | Z40: =Z39+1 -> 32 | AA40: =AA39+(AA39*0.02) -> 28.717142
N41: =N40+1 -> 33 | O41: =O40+(O40*0.0115) -> 27.394735 | Q41: =Q40+1 -> 33 | R41: =R40+(R40*0.0123) -> 27.568549 | T41: =T40+1 -> 33 | U41: =U40+(U40*0.0055) -> 24.678612 | W41: =W40+1 -> 33 | X41: =X40+(X40*0.0099) -> 25.426983 | Z41: =Z40+1 -> 33 | AA41: =AA40+(AA40*0.02) -> 29.291485
N42: =N41+1 -> 34 | O42: =O41+(O41*0.0115) -> 27.709775 | Q42: =Q41+1 -> 34 | R42: =R41+(R41*0.0123) -> 27.907642 | T42: =T41+1 -> 34 | U42: =U41+(U41*0.0055) -> 24.814345 | W42: =W41+1 -> 34 | X42: =X41+(X41*0.0099) -> 25.678711 | Z42: =Z41+1 -> 34 | AA42: =AA41+(AA41*0.02) -> 29.877314
N43: =N42+1 -> 35 | O43: =O42+(O42*0.0115) -> 28.028437 | Q43: =Q42+1 -> 35 | R43: =R42+(R42*0.0123) -> 28.250906 | T43: =T42+1 -> 35 | U43: =U42+(U42*0.0055) -> 24.950823 | W43: =W42+1 -> 35 | X43: =X42+(X42*0.0099) -> 25.93293 | Z43: =Z42+1 -> 35 | AA43: =AA42+(AA42*0.02) -> 30.47486

Sheet Average_30_Year_Old_Man_Profile
A1: Pillar | B1: Metric | D1: 1 | E1: 2 | F1: 3 | G1: 4 | H1: 5 | I1: 6 | J1: 7 | K1: 8 | L1: 9 | M1: 10 | R1: Combined Scores
A2: Vitality | B2: VO2 max (ml/kg/min) | C2: 43.4 | D2: =C2-(C2/100*D1) -> 42.966 | E2: =D2-(D2/100*E1) -> 42.10668 | F2: =E2-(E2/100*F1) -> 40.84348 | G2: =F2-(F2/100*G1) -> 39.20974 | H2: =G2-(G2/100*H1) -> 37.249253 | I2: =H2-(H2/100*I1) -> 35.014298 | J2: =I2-(I2/100*J1) -> 32.563297 | K2: =J2-(J2/100*K1) -> 29.958234 | ... M2: =L2-(L2/100*M1) -> 24.535793 | Q2: Vitality | R2: =B27+ ((1 -((C2 / 43.4) * 0.7 )-((C3 / 100) * 0.3 )) * 100) -> 30
A3: Vitality | B3: FEV1 (% predicted) | C3: 100 | D3: =C3-(C3/100*D1) -> 99 | E3: =D3-(D3/100*E1) -> 97.02 | F3: =E3-(E3/100*F1) -> 94.1094 | G3: =F3-(F3/100*G1) -> 90.345024 | H3: =G3-(G3/100*H1) -> 85.827773 | I3: =H3-(H3/100*I1) -> 80.678106 | J3: =I3-(I3/100*J1) -> 75.030639 | K3: =J3-(J3/100*K1) -> 69.028188 | ... M3: =L3-(L3/100*M1) -> 56.534086 | Q3: Strength | R3: =((O4/100*50)+(O5/100*25)+(O6/100*25)) -> 30 | T3: Functional Biological Age
A4: Strength & Power | B4: Grip strength (kg) | C4: 51 | D4: =C4-(C4/100*D1) -> 50.49 | E4: =D4-(D4/100*E1) -> 49.4802 | F4: =E4-(E4/100*F1) -> 47.995794 | G4: =F4-(F4/100*G1) -> 46.075962 | H4: =G4-(G4/100*H1) -> 43.772164 | I4: =H4-(H4/100*I1) -> 41.145834 | J4: =I4-(I4/100*J1) -> 38.265626 | K4: =J4-(J4/100*K1) -> 35.204376 | ... M4: =L4-(L4/100*M1) -> 28.832384 | O4: =IF(B27<30, FORECAST(C4, OFFSET(Strength_Normative_Data!$A$3, MATCH(C4, Strength_Normative_Data!$B$3:$B$5, 1)-1, 0, 2), OFFSET(Strength_Normative_Data!$B$3, MATCH(C4, Strength_Normative_Data!$B$3:$B$5, 1)-1, 0, 2)), FORECAST(C4, OFFSET(Strength_Normative_Data!$A$5, MATCH(C4, Strength_Normative_Data!$B$5:$B$16, -1)-1, 0, 2), OFFSET(Strength_Normative_Data!$B$5, MATCH(C4, Strength_Normative_Data!$B$5:$B$16, -1)-1, 0, 2))) -> 30 | Q4: Metabolic | R4: =B27 - 9*R11 -> 28.920406 | T4: =(R2/100*20)+(R3/100*20)+(R4/100*25)+(R5/100*20)+(R6/100*15) -> 29.730102
A5: Strength & Power | B5: STS Power (W/kg) | C5: 3.9 | M5: =C5-(C5/100*12) -> 3.432 | O5: =FORECAST(C5, OFFSET(Strength_Normative_Data!$O$3, MATCH(C5, Strength_Normative_Data!$P$3:$P$17, -1)-1, 0, 2), OFFSET(Strength_Normative_Data!$P$3, MATCH(C5, Strength_Normative_Data!$P$3:$P$17, -1)-1, 0, 2)) -> 30 | Q5: Functional Mobility | R5: =((O14/100*30)+(O15/100*25)+(O16/100*30)+(O17/100*15)) -> 30
A6: Strength & Power | B6: Vertical jump (cm) | C6: 49 | M6: =C6-(C6/100*12) -> 43.12 | O6: =FORECAST(C6, OFFSET(Strength_Normative_Data!$J$3, MATCH(C6, Strength_Normative_Data!$K$3:$K$16, -1)-1, 0, 2), OFFSET(Strength_Normative_Data!$K$3, MATCH(C6, Strength_Normative_Data!$K$3:$K$16, -1)-1, 0, 2)) -> 30 | Q6: Cognitive | R6: =((O18/100*60)+(O19/100*40)) -> 30
A7: Metabolic Health | B7: Body fat (%) | C7: 26 | M7: =C7+(C7/100*6) -> 27.56
A8: Metabolic Health | B8: Waist to height ratio | C8: 0.55 | M8: =C8+(C8/100*4) -> 0.572 | O8: =IF(C8<=0.4,0, IF(C8<=0.5,20*(C8-0.4)/0.1, IF(C8<=0.6,20+40*(C8-0.5)/0.1, 60+40*(MIN(C8,0.75)-0.6)/0.15))) -> 40
A9: Metabolic Health | B9: Fasting glucose (mmol/L) | C9: 5.6
A10: Metabolic Health | B10: HbA1c (%) | C10: 5.6 | M10: =C10+(C10/100*5) -> 5.88 | O10: =IF(C10<5.7,10*(C10/5.7), IF(C10<6.5,10+40*(C10-5.7)/0.8, 50+50*(MIN(C10,9)-6.5)/2.5)) -> 9.8245614 | Q10: Metabolic Index | R10: Metabolic Z score
A11: Metabolic Health | B11: HOMA IR | C11: 2.5 | M11: =C11+(C11/100*14) -> 2.85 | O11: =IF(C11<1.6,10*(C11/1.6), IF(C11<3,10+40*(C11-1.6)/1.4, 50+50*(MIN(C11,7)-3)/4)) -> 35.714286 | Q11: =(0.3*P12)+(0.2*O8)+(0.15*O10)+(0.25*O11)+(0.1*O13) -> 29.002256 | R11: =IF(Q11<=10,1.5-0.1*Q11, IF(Q11<=60,0.5-0.02*(Q11-10), -0.5-0.03*(Q11-60))) -> 0.11995489
A12: Metabolic Health | B12: ApoB (g/L) | C12: 0.98 | M12: =C12+(C12/100*6) -> 1.0388 | O12: =C12*100 -> 98 | P12: =IF(O12<80,5*(O12/80), IF(O12<100,10+20*(O12-80)/20, IF(O12<130,30+25*(O12-100)/30, IF(O12<160,55+25*(O12-130)/30, IF(O12<200,80+20*(O12-160)/40,100))))) -> 28
A13: Metabolic Health | B13: hsCRP (mg/L) | C13: 1.6 | M13: =C13+(C13/100*18) -> 1.888 | O13: =IF(C13<1,10*(C13/1), IF(C13<3,10+40*(C13-1)/2, 50+50*(MIN(C13,10)-3)/7)) -> 22
A14: Functional Mobility | B14: Gait speed (m/s) | C14: 1.43 | M14: =C14+(C14/100*6) -> 1.5158 | O14: 30
A15: Functional Mobility | B15: Timed Up and Go (sec) | C15: 5.5 | M15: =C15+(C15/100*10) -> 6.05 | O15: =FORECAST(C15, OFFSET(Mobility_Normative_Data!$E$3, MATCH(C15, Mobility_Normative_Data!$F$3:$F$18, 1)-1, 0, 2), OFFSET(Mobility_Normative_Data!$F$3, MATCH(C15, Mobility_Normative_Data!$F$3:$F$18, 1)-1, 0, 2)) -> 30
A16: Functional Mobility | B16: Single leg stance (sec) | C16: 43 | M16: =C16+(C16/100*20) -> 51.6 | O16: =FORECAST(C16, OFFSET(Mobility_Normative_Data!$I$3, MATCH(C16, Mobility_Normative_Data!$J$3:$J$17, -1)-1, 0, 2), OFFSET(Mobility_Normative_Data!$J$3, MATCH(C16, Mobility_Normative_Data!$J$3:$J$17, -1)-1, 0, 2)) -> 30
A17: Functional Mobility | B17: Sit and reach (cm) | C17: 37 | M17: =C17+(C17/100*10) -> 40.7 | O17: =FORECAST(C17, OFFSET(Mobility_Normative_Data!$M$3, MATCH(C17, Mobility_Normative_Data!$N$3:$N$17, -1)-1, 0, 2), OFFSET(Mobility_Normative_Data!$N$3, MATCH(C17, Mobility_Normative_Data!$N$3:$N$17, -1)-1, 0, 2)) -> 30
A18: Cognitive Performance | B18: Processing speed (SD) | C18: 0 | M18: =C18 +(-0.2) -> -0.2 | O18: =MAX(18,B27-(C18*25)) -> 30
A19: Cognitive Performance | B19: Working memory (SD) | C19: 0 | M19: =C19+(-0.2) -> -0.2 | O19: =MAX(18,B27-(J1925)) -> 30
A23: Overall Decline predicitons
B25: Present | C25: 10 years time | D25: 20 Years time | E25: Thirty years | F25: 40 years
A26: Sex | B26: Male
A27: Chronological | B27: 30 | C27: =B27+10 -> 40 | D27: =C27+10 -> 50 | E27: =D27+10 -> 60 | F27: =E27+10 -> 70
A28: Vitality | B28: =R2 -> 30 | C28: =B28+(B28/100*11.5) -> 33.45 | D28: =C28+(C28/100*32.2) -> 44.2209 | E28: =D28+(D28/100*32.2) -> 58.46003 | F28: =E28+(E28/100*32.2) -> 77.284159
A29: Strength | B29: =R3 -> 30 | C29: =B29+(B29/100*12.3) -> 33.69 | D29: =C29+(C29/100*30.8) -> 44.06652 | E29: =D29+(D29/100*30.8) -> 57.639008 | F29: =E29+(E29/100*30.8) -> 75.391823
A30: Metabolic | B30: =R4 -> 28.920406 | C30: =B30+(B30/100*5.5) -> 30.511028 | D30: =C30+(C30/100*11) -> 33.867241 | E30: =D30+(D30/100*11) -> 37.592638 | F30: =E30+(E30/100*11) -> 41.727828
A31: Mobility | B31: =R5 -> 30 | C31: =B31+(B31/100*9.9) -> 32.97 | D31: =C31+(C31/100*19.8) -> 39.49806 | E31: =D31+(D31/100*19.8) -> 47.318676 | F31: =E31+(E31/100*19.8) -> 56.687774 | N31: Graphing
A32: Cognitive | B32: =R6 -> 30 | C32: =B32+(B32/100*20) -> 36 | D32: =C32+(C32/100*60) -> 57.6 | E32: =D32+(D32/100*60) -> 92.16 | F32: =E32+(E32/100*60) -> 147.456 | N32: Chronological Age | O32: Vitality Decline of an average 30 Year old Man | Q32: Chronological Age | R32: Strength Decline of an average 30 Year old Man | T32: Chronological Age | U32: Metabolic Decline of an average 30 Year old Man | W32: Chronological Age | X32: Mobility Decline of an average 30 Year old Man | Z32: Chronological Age | AA32: Cognitive Decline of an average 30 Year old Man
N33: =B27 -> 30 | O33: =R2 -> 30 | Q33: =N33 -> 30 | R33: =R3 -> 30 | T33: =N33 -> 30 | U33: =R4 -> 28.920406 | W33: =N33 -> 30 | X33: =R5 -> 30 | Z33: =N33 -> 30 | AA33: =R6 -> 30
N34: =N33+1 -> 31 | O34: =O33+(O33*0.0115) -> 30.345 | Q34: =Q33+1 -> 31 | R34: =R33+(R33*0.0123) -> 30.369 | T34: =T33+1 -> 31 | U34: =U33+(U33*0.0055) -> 29.079468 | W34: =W33+1 -> 31 | X34: =X33+(X33*0.0099) -> 30.297 | Z34: =Z33+1 -> 31 | AA34: =AA33+(AA33*0.02) -> 30.6
N35: =N34+1 -> 32 | O35: =O34+(O34*0.0115) -> 30.693968 | Q35: =Q34+1 -> 32 | R35: =R34+(R34*0.0123) -> 30.742539 | T35: =T34+1 -> 32 | U35: =U34+(U34*0.0055) -> 29.239405 | W35: =W34+1 -> 32 | X35: =X34+(X34*0.0099) -> 30.59694 | Z35: =Z34+1 -> 32 | AA35: =AA34+(AA34*0.02) -> 31.212
A36: Functional Biological Age | N36: =N35+1 -> 33 | O36: =O35+(O35*0.0115) -> 31.046948 | Q36: =Q35+1 -> 33 | R36: =R35+(R35*0.0123) -> 31.120672 | T36: =T35+1 -> 33 | U36: =U35+(U35*0.0055) -> 29.400222 | W36: =W35+1 -> 33 | X36: =X35+(X35*0.0099) -> 30.89985 | Z36: =Z35+1 -> 33 | AA36: =AA35+(AA35*0.02) -> 31.83624
A37: =(B28/100*20)+(B29/100*20)+(B30/100*25)+(B31/100*20)+(B32/100*15) -> 29.730102 | N37: =N36+1 -> 34 | O37: =O36+(O36*0.0115) -> 31.403988 | Q37: =Q36+1 -> 34 | R37: =R36+(R36*0.0123) -> 31.503456 | T37: =T36+1 -> 34 | U37: =U36+(U36*0.0055) -> 29.561923 | W37: =W36+1 -> 34 | X37: =X36+(X36*0.0099) -> 31.205759 | Z37: =Z36+1 -> 34 | AA37: =AA36+(AA36*0.02) -> 32.472965
N38: =N37+1 -> 35 | O38: =O37+(O37*0.0115) -> 31.765134 | Q38: =Q37+1 -> 35 | R38: =R37+(R37*0.0123) -> 31.890949 | T38: =T37+1 -> 35 | U38: =U37+(U37*0.0055) -> 29.724514 | W38: =W37+1 -> 35 | X38: =X37+(X37*0.0099) -> 31.514696 | Z38: =Z37+1 -> 35 | AA38: =AA37+(AA37*0.02) -> 33.122424
N39: =N38+1 -> 36 | O39: =O38+(O38*0.0115) -> 32.130433 | Q39: =Q38+1 -> 36 | R39: =R38+(R38*0.0123) -> 32.283207 | T39: =T38+1 -> 36 | U39: =U38+(U38*0.0055) -> 29.887999 | W39: =W38+1 -> 36 | X39: =X38+(X38*0.0099) -> 31.826691 | Z39: =Z38+1 -> 36 | AA39: =AA38+(AA38*0.02) -> 33.784873
N40: =N39+1 -> 37 | O40: =O39+(O39*0.0115) -> 32.499933 | Q40: =Q39+1 -> 37 | R40: =R39+(R39*0.0123) -> 32.680291 | T40: =T39+1 -> 37 | U40: =U39+(U39*0.0055) -> 30.052383 | W40: =W39+1 -> 37 | X40: =X39+(X39*0.0099) -> 32.141775 | Z40: =Z39+1 -> 37 | AA40: =AA39+(AA39*0.02) -> 34.46057
N41: =N40+1 -> 38 | O41: =O40+(O40*0.0115) -> 32.873682 | Q41: =Q40+1 -> 38 | R41: =R40+(R40*0.0123) -> 33.082258 | T41: =T40+1 -> 38 | U41: =U40+(U40*0.0055) -> 30.217671 | W41: =W40+1 -> 38 | X41: =X40+(X40*0.0099) -> 32.459979 | Z41: =Z40+1 -> 38 | AA41: =AA40+(AA40*0.02) -> 35.149781
B42: Age | C42: Vitality | D42: Age | E42: Strength | F42: Age | G42: Metabolic | H42: Age | I42: Mobility | J42: Age | K42: Cognitive | N42: =N41+1 -> 39 | O42: =O41+(O41*0.0115) -> 33.251729 | Q42: =Q41+1 -> 39 | R42: =R41+(R41*0.0123) -> 33.48917 | T42: =T41+1 -> 39 | U42: =U41+(U41*0.0055) -> 30.383868 | W42: =W41+1 -> 39 | X42: =X41+(X41*0.0099) -> 32.781333 | Z42: =Z41+1 -> 39 | AA42: =AA41+(AA41*0.02) -> 35.852777
B43: =B27 -> 30 | C43: =B28 -> 30 | D43: =B43 -> 30 | E43: =B29 -> 30 | F43: =B27 -> 30 | G43: =B30 -> 28.920406 | H43: =B27 -> 30 | I43: =B31 -> 30 | J43: =B27 -> 30 | K43: =B32 -> 30 | N43: =N42+1 -> 40 | O43: =O42+(O42*0.0115) -> 33.634124 | Q43: =Q42+1 -> 40 | R43: =R42+(R42*0.0123) -> 33.901087 | T43: =T42+1 -> 40 | U43: =U42+(U42*0.0055) -> 30.550979 | W43: =W42+1 -> 40 | X43: =X42+(X42*0.0099) -> 33.105868 | Z43: =Z42+1 -> 40 | AA43: =AA42+(AA42*0.02) -> 36.569833
B44: =C27 -> 40 | C44: =C28 -> 33.45 | D44: =B44 -> 40 | E44: =C29 -> 33.69 | F44: =C27 -> 40 | G44: =C30 -> 30.511028 | H44: =C27 -> 40 | I44: =C31 -> 32.97 | J44: =C27 -> 40 | K44: =C32 -> 36
B45: =D27 -> 50 | C45: =D28 -> 44.2209 | D45: =D27 -> 50 | E45: =D29 -> 44.06652 | F45: =D27 -> 50 | G45: =D30 -> 33.867241 | H45: =D27 -> 50 | I45: =D31 -> 39.49806 | J45: =D27 -> 50 | K45: =D32 -> 57.6
B46: =E27 -> 60 | C46: =E28 -> 58.46003 | D46: =E27 -> 60 | E46: =E29 -> 57.639008 | F46: =E27 -> 60 | G46: =E30 -> 37.592638 | H46: =E27 -> 60 | I46: =E31 -> 47.318676 | J46: =E27 -> 60 | K46: =E32 -> 92.16
B47: =F27 -> 70 | C47: =F28 -> 77.284159 | D47: =F27 -> 70 | E47: =F29 -> 75.391823 | F47: =F27 -> 70 | G47: =F31 -> 56.687774 | H47: =F27 -> 70 | I47: =F31 -> 56.687774 | J47: =F27 -> 70 | K47: =F32 -> 147.456

Sheet Average_30_Year_Old_Woman_Pro
A1: Pillar | B1: Metric | D1: 1 | E1: 2 | F1: 3 | G1: 4 | H1: 5 | I1: 6 | J1: 7 | K1: 8 | L1: 9 | M1: 10 | R1: Combined Scores
A2: Vitality | B2: VO2 max (ml/kg/min) | C2: 34.7 | D2: =C2-(C2/100*D1) -> 34.353 | E2: =D2-(D2/100*E1) -> 33.66594 | F2: =E2-(E2/100*F1) -> 32.655962 | G2: =F2-(F2/100*G1) -> 31.349723 | H2: =G2-(G2/100*H1) -> 29.782237 | I2: =H2-(H2/100*I1) -> 27.995303 | J2: =I2-(I2/100*J1) -> 26.035632 | K2: =J2-(J2/100*K1) -> 23.952781 | ... M2: =L2-(L2/100*M1) -> 19.617328 | Q2: Vitality | R2: =B27+ ((1 -((C2 / 34.7) * 0.7 )-((C3 / 100) * 0.3 )) * 100) -> 30
A3: Vitality | B3: FEV1 (% predicted) | C3: 100 | D3: =C3-(C3/100*D1) -> 99 | E3: =D3-(D3/100*E1) -> 97.02 | F3: =E3-(E3/100*F1) -> 94.1094 | G3: =F3-(F3/100*G1) -> 90.345024 | H3: =G3-(G3/100*H1) -> 85.827773 | I3: =H3-(H3/100*I1) -> 80.678106 | J3: =I3-(I3/100*J1) -> 75.030639 | K3: =J3-(J3/100*K1) -> 69.028188 | ... M3: =L3-(L3/100*M1) -> 56.534086 | Q3: Strength | R3: =((O4/100*50)+(O5/100*25)+(O6/100*25)) -> 30 | T3: Functional Biological Age
A4: Strength & Power | B4: Grip strength (kg) | C4: 31 | D4: =C4-(C4/100*D1) -> 30.69 | E4: =D4-(D4/100*E1) -> 30.0762 | F4: =E4-(E4/100*F1) -> 29.173914 | G4: =F4-(F4/100*G1) -> 28.006957 | H4: =G4-(G4/100*H1) -> 26.60661 | I4: =H4-(H4/100*I1) -> 25.010213 | J4: =I4-(I4/100*J1) -> 23.259498 | K4: =J4-(J4/100*K1) -> 21.398738 | ... M4: =L4-(L4/100*M1) -> 17.525567 | O4: 30 | Q4: Metabolic | R4: =B27 - 9*R11 -> 28.619143 | T4: =(R2/100*20)+(R3/100*20)+(R4/100*25)+(R5/100*20)+(R6/100*15) -> 29.654786
A5: Strength & Power | B5: STS Power (W/kg) | C5: 3 | M5: =C5-(C5/100*12) -> 2.64 | O5: =FORECAST(C5, OFFSET(Strength_Normative_Data!$O$3, MATCH(C5, Strength_Normative_Data!$Q$3:$Q$17, -1)-1, 0, 2), OFFSET(Strength_Normative_Data!$Q$3, MATCH(C5, Strength_Normative_Data!$Q$3:$Q$17, -1)-1, 0, 2)) -> 30 | Q5: Functional Mobility | R5: =((O14/100*30)+(O15/100*25)+(O16/100*30)+(O17/100*15)) -> 30
A6: Strength & Power | B6: Vertical jump (cm) | C6: 32 | M6: =C6-(C6/100*12) -> 28.16 | O6: =FORECAST(C6, OFFSET(Strength_Normative_Data!$J$3, MATCH(C6, Strength_Normative_Data!$L$3:$L$16, -1)-1, 0, 2), OFFSET(Strength_Normative_Data!$L$3, MATCH(C6, Strength_Normative_Data!$L$3:$L$16, -1)-1, 0, 2)) -> 30 | Q6: Cognitive | R6: =((O18/100*60)+(O19/100*40)) -> 30
A7: Metabolic Health | B7: Body fat (%) | C7: 32 | M7: =C7+(C7/100*6) -> 33.92
A8: Metabolic Health | B8: Waist to height ratio | C8: 0.5 | M8: =C8+(C8/100*4) -> 0.52 | O8: =IF(C8<=0.4,0, IF(C8<=0.5,20*(C8-0.4)/0.1, IF(C8<=0.6,20+40*(C8-0.5)/0.1, 60+40*(MIN(C8,0.75)-0.6)/0.15))) -> 20
A9: Metabolic Health | B9: Fasting glucose (mmol/L) | C9: 5.6
A10: Metabolic Health | B10: HbA1c (%) | C10: 5.7 | M10: =C10+(C10/100*5) -> 5.985 | O10: =IF(C10<5.7,10*(C10/5.7), IF(C10<6.5,10+40*(C10-5.7)/0.8, 50+50*(MIN(C10,9)-6.5)/2.5)) -> 10 | Q10: Metabolic Index | R10: Metabolic Z score
A11: Metabolic Health | B11: HOMA IR | C11: 2.5 | M11: =C11+(C11/100*14) -> 2.85 | O11: =IF(C11<1.6,10*(C11/1.6), IF(C11<3,10+40*(C11-1.6)/1.4, 50+50*(MIN(C11,7)-3)/4)) -> 35.714286 | Q11: =(0.3*P12)+(0.2*O8)+(0.15*O10)+(0.25*O11)+(0.1*O13) -> 27.328571 | R11: =IF(Q11<=10,1.5-0.1*Q11, IF(Q11<=60,0.5-0.02*(Q11-10), -0.5-0.03*(Q11-60))) -> 0.15342857
A12: Metabolic Health | B12: ApoB (g/L) | C12: 1.1 | M12: =C12+(C12/100*6) -> 1.166 | O12: =C12*100 -> 110 | P12: =IF(O12<80,5*(O12/80), IF(O12<100,10+20*(O12-80)/20, IF(O12<130,30+25*(O12-100)/30, IF(O12<160,55+25*(O12-130)/30, IF(O12<200,80+20*(O12-160)/40,100))))) -> 38.333333
A13: Metabolic Health | B13: hsCRP (mg/L) | C13: 1.2 | M13: =C13+(C13/100*18) -> 1.416 | O13: =IF(C13<1,10*(C13/1), IF(C13<3,10+40*(C13-1)/2, 50+50*(MIN(C13,10)-3)/7)) -> 14
A14: Functional Mobility | B14: Gait speed (m/s) | C14: 1.34 | M14: =C14+(C14/100*6) -> 1.4204 | O14: 30
A15: Functional Mobility | B15: Timed Up and Go (sec) | C15: 6 | M15: =C15+(C15/100*10) -> 6.6 | O15: =FORECAST(C15, OFFSET(Mobility_Normative_Data!$E$3, MATCH(C15, Mobility_Normative_Data!$G$3:$G$18, 1)-1, 0, 2), OFFSET(Mobility_Normative_Data!$G$3, MATCH(C15, Mobility_Normative_Data!$G$3:$G$18, 1)-1, 0, 2)) -> 30
A16: Functional Mobility | B16: Single leg stance (sec) | C16: 43 | M16: =C16+(C16/100*20) -> 51.6 | O16: =FORECAST(C16, OFFSET(Mobility_Normative_Data!$I$3, MATCH(C16, Mobility_Normative_Data!$K$3:$K$17, -1)-1, 0, 2), OFFSET(Mobility_Normative_Data!$K$3, MATCH(C16, Mobility_Normative_Data!$K$3:$K$17, -1)-1, 0, 2)) -> 30
A17: Functional Mobility | B17: Sit and reach (cm) | C17: 40 | M17: =C17+(C17/100*10) -> 44 | O17: =FORECAST(C17, OFFSET(Mobility_Normative_Data!$M$3, MATCH(C17, Mobility_Normative_Data!$O$3:$O$17, -1)-1, 0, 2), OFFSET(Mobility_Normative_Data!$O$3, MATCH(C17, Mobility_Normative_Data!$O$3:$O$17, -1)-1, 0, 2)) -> 30
A18: Cognitive Performance | B18: Processing speed (SD) | C18: 0 | M18: =C18 +(-0.2) -> -0.2 | O18: =MAX(18,B27-(C18*25)) -> 30
A19: Cognitive Performance | B19: Working memory (SD) | C19: 0 | M19: =C19+(-0.2) -> -0.2 | O19: =MAX(18,B27-(J1925)) -> 30
A23: Overall Decline predicitons
B25: Present | C25: 10 years time | D25: 20 Years time | E25: Thirty years | F25: 40 years
A26: Sex | B26: Male
A27: Chronological | B27: 30 | C27: =B27+10 -> 40 | D27: =C27+10 -> 50 | E27: =D27+10 -> 60 | F27: =E27+10 -> 70
A28: Vitality | B28: =R2 -> 30 | C28: =B28+(B28/100*11.5) -> 33.45 | D28: =C28+(C28/100*32.2) -> 44.2209 | E28: =D28+(D28/100*32.2) -> 58.46003 | F28: =E28+(E28/100*32.2) -> 77.284159
A29: Strength | B29: =R3 -> 30 | C29: =B29+(B29/100*12.3) -> 33.69 | D29: =C29+(C29/100*30.8) -> 44.06652 | E29: =D29+(D29/100*30.8) -> 57.639008 | F29: =E29+(E29/100*30.8) -> 75.391823
A30: Metabolic | B30: =R4 -> 28.619143 | C30: =B30+(B30/100*5.5) -> 30.193196 | D30: =C30+(C30/100*11) -> 33.514447 | E30: =D30+(D30/100*11) -> 37.201036 | F30: =E30+(E30/100*11) -> 41.29315
A31: Mobility | B31: =R5 -> 30 | C31: =B31+(B31/100*9.9) -> 32.97 | D31: =C31+(C31/100*19.8) -> 39.49806 | E31: =D31+(D31/100*19.8) -> 47.318676 | F31: =E31+(E31/100*19.8) -> 56.687774 | N31: Graphing
A32: Cognitive | B32: =R6 -> 30 | C32: =B32+(B32/100*20) -> 36 | D32: =C32+(C32/100*60) -> 57.6 | E32: =D32+(D32/100*60) -> 92.16 | F32: =E32+(E32/100*60) -> 147.456 | N32: Chronological Age | O32: Vitality Decline of an average 50 Year old Woman | Q32: Chronological Age | R32: Strength Decline of an average 50 Year old Woman | T32: Chronological Age | U32: Metabolic Decline of an average 50 Year old Woman | W32: Chronological Age | X32: Mobility Decline of an average 50 Year old Woman | Z32: Chronological Age | AA32: Cognitive Decline of an average 50 Year old Woman
N33: =B27 -> 30 | O33: =R2 -> 30 | Q33: =N33 -> 30 | R33: =R3 -> 30 | T33: =N33 -> 30 | U33: =R4 -> 28.619143 | W33: =N33 -> 30 | X33: =R5 -> 30 | Z33: =N33 -> 30 | AA33: =R6 -> 30
N34: =N33+1 -> 31 | O34: =O33+(O33*0.0115) -> 30.345 | Q34: =Q33+1 -> 31 | R34: =R33+(R33*0.0123) -> 30.369 | T34: =T33+1 -> 31 | U34: =U33+(U33*0.0055) -> 28.776548 | W34: =W33+1 -> 31 | X34: =X33+(X33*0.0099) -> 30.297 | Z34: =Z33+1 -> 31 | AA34: =AA33+(AA33*0.02) -> 30.6
N35: =N34+1 -> 32 | O35: =O34+(O34*0.0115) -> 30.693968 | Q35: =Q34+1 -> 32 | R35: =R34+(R34*0.0123) -> 30.742539 | T35: =T34+1 -> 32 | U35: =U34+(U34*0.0055) -> 28.934819 | W35: =W34+1 -> 32 | X35: =X34+(X34*0.0099) -> 30.59694 | Z35: =Z34+1 -> 32 | AA35: =AA34+(AA34*0.02) -> 31.212
N36: =N35+1 -> 33 | O36: =O35+(O35*0.0115) -> 31.046948 | Q36: =Q35+1 -> 33 | R36: =R35+(R35*0.0123) -> 31.120672 | T36: =T35+1 -> 33 | U36: =U35+(U35*0.0055) -> 29.093961 | W36: =W35+1 -> 33 | X36: =X35+(X35*0.0099) -> 30.89985 | Z36: =Z35+1 -> 33 | AA36: =AA35+(AA35*0.02) -> 31.83624
N37: =N36+1 -> 34 | O37: =O36+(O36*0.0115) -> 31.403988 | Q37: =Q36+1 -> 34 | R37: =R36+(R36*0.0123) -> 31.503456 | T37: =T36+1 -> 34 | U37: =U36+(U36*0.0055) -> 29.253977 | W37: =W36+1 -> 34 | X37: =X36+(X36*0.0099) -> 31.205759 | Z37: =Z36+1 -> 34 | AA37: =AA36+(AA36*0.02) -> 32.472965
N38: =N37+1 -> 35 | O38: =O37+(O37*0.0115) -> 31.765134 | Q38: =Q37+1 -> 35 | R38: =R37+(R37*0.0123) -> 31.890949 | T38: =T37+1 -> 35 | U38: =U37+(U37*0.0055) -> 29.414874 | W38: =W37+1 -> 35 | X38: =X37+(X37*0.0099) -> 31.514696 | Z38: =Z37+1 -> 35 | AA38: =AA37+(AA37*0.02) -> 33.122424
N39: =N38+1 -> 36 | O39: =O38+(O38*0.0115) -> 32.130433 | Q39: =Q38+1 -> 36 | R39: =R38+(R38*0.0123) -> 32.283207 | T39: =T38+1 -> 36 | U39: =U38+(U38*0.0055) -> 29.576656 | W39: =W38+1 -> 36 | X39: =X38+(X38*0.0099) -> 31.826691 | Z39: =Z38+1 -> 36 | AA39: =AA38+(AA38*0.02) -> 33.784873
N40: =N39+1 -> 37 | O40: =O39+(O39*0.0115) -> 32.499933 | Q40: =Q39+1 -> 37 | R40: =R39+(R39*0.0123) -> 32.680291 | T40: =T39+1 -> 37 | U40: =U39+(U39*0.0055) -> 29.739328 | W40: =W39+1 -> 37 | X40: =X39+(X39*0.0099) -> 32.141775 | Z40: =Z39+1 -> 37 | AA40: =AA39+(AA39*0.02) -> 34.46057
N41: =N40+1 -> 38 | O41: =O40+(O40*0.0115) -> 32.873682 | Q41: =Q40+1 -> 38 | R41: =R40+(R40*0.0123) -> 33.082258 | T41: =T40+1 -> 38 | U41: =U40+(U40*0.0055) -> 29.902894 | W41: =W40+1 -> 38 | X41: =X40+(X40*0.0099) -> 32.459979 | Z41: =Z40+1 -> 38 | AA41: =AA40+(AA40*0.02) -> 35.149781
N42: =N41+1 -> 39 | O42: =O41+(O41*0.0115) -> 33.251729 | Q42: =Q41+1 -> 39 | R42: =R41+(R41*0.0123) -> 33.48917 | T42: =T41+1 -> 39 | U42: =U41+(U41*0.0055) -> 30.06736 | W42: =W41+1 -> 39 | X42: =X41+(X41*0.0099) -> 32.781333 | Z42: =Z41+1 -> 39 | AA42: =AA41+(AA41*0.02) -> 35.852777
N43: =N42+1 -> 40 | O43: =O42+(O42*0.0115) -> 33.634124 | Q43: =Q42+1 -> 40 | R43: =R42+(R42*0.0123) -> 33.901087 | T43: =T42+1 -> 40 | U43: =U42+(U42*0.0055) -> 30.23273 | W43: =W42+1 -> 40 | X43: =X42+(X42*0.0099) -> 33.105868 | Z43: =Z42+1 -> 40 | AA43: =AA42+(AA42*0.02) -> 36.569833

Sheet Average_35_Year_old_Man_Pro
A1: Pillar | B1: Metric | D1: 1 | E1: 2 | F1: 3 | G1: 4 | H1: 5 | I1: 6 | J1: 7 | K1: 8 | L1: 9 | M1: 10 | R1: Combined Scores
A2: Vitality | B2: VO2 max (ml/kg/min) | C2: 43.4 | D2: =C2-(C2/100*D1) -> 42.966 | E2: =D2-(D2/100*E1) -> 42.10668 | F2: =E2-(E2/100*F1) -> 40.84348 | G2: =F2-(F2/100*G1) -> 39.20974 | H2: =G2-(G2/100*H1) -> 37.249253 | I2: =H2-(H2/100*I1) -> 35.014298 | J2: =I2-(I2/100*J1) -> 32.563297 | K2: =J2-(J2/100*K1) -> 29.958234 | ... M2: =L2-(L2/100*M1) -> 24.535793 | Q2: Vitality | R2: =B27+ ((1 -((C2 / 43.4) * 0.7 )-((C3 / 100) * 0.3 )) * 100) -> 35
A3: Vitality | B3: FEV1 (% predicted) | C3: 100 | D3: =C3-(C3/100*D1) -> 99 | E3: =D3-(D3/100*E1) -> 97.02 | F3: =E3-(E3/100*F1) -> 94.1094 | G3: =F3-(F3/100*G1) -> 90.345024 | H3: =G3-(G3/100*H1) -> 85.827773 | I3: =H3-(H3/100*I1) -> 80.678106 | J3: =I3-(I3/100*J1) -> 75.030639 | K3: =J3-(J3/100*K1) -> 69.028188 | ... M3: =L3-(L3/100*M1) -> 56.534086 | Q3: Strength | R3: =((O4/100*50)+(O5/100*25)+(O6/100*25)) -> 35 | T3: Functional Biological Age
A4: Strength & Power | B4: Grip strength (kg) | C4: 50 | D4: =C4-(C4/100*D1) -> 49.5 | E4: =D4-(D4/100*E1) -> 48.51 | F4: =E4-(E4/100*F1) -> 47.0547 | G4: =F4-(F4/100*G1) -> 45.172512 | H4: =G4-(G4/100*H1) -> 42.913886 | I4: =H4-(H4/100*I1) -> 40.339053 | J4: =I4-(I4/100*J1) -> 37.515319 | K4: =J4-(J4/100*K1) -> 34.514094 | ... M4: =L4-(L4/100*M1) -> 28.267043 | O4: =IF(B27<30, FORECAST(C4, OFFSET(Strength_Normative_Data!$A$3, MATCH(C4, Strength_Normative_Data!$B$3:$B$5, 1)-1, 0, 2), OFFSET(Strength_Normative_Data!$B$3, MATCH(C4, Strength_Normative_Data!$B$3:$B$5, 1)-1, 0, 2)), FORECAST(C4, OFFSET(Strength_Normative_Data!$A$5, MATCH(C4, Strength_Normative_Data!$B$5:$B$16, -1)-1, 0, 2), OFFSET(Strength_Normative_Data!$B$5, MATCH(C4, Strength_Normative_Data!$B$5:$B$16, -1)-1, 0, 2))) -> 35 | Q4: Metabolic | R4: =B27 - 9*R11 -> 33.920406 | T4: =(R2/100*20)+(R3/100*20)+(R4/100*25)+(R5/100*20)+(R6/100*15) -> 34.730102
A5: Strength & Power | B5: STS Power (W/kg) | C5: 3.7 | M5: =C5-(C5/100*12) -> 3.256 | O5: =FORECAST(C5, OFFSET(Strength_Normative_Data!$O$3, MATCH(C5, Strength_Normative_Data!$P$3:$P$17, -1)-1, 0, 2), OFFSET(Strength_Normative_Data!$P$3, MATCH(C5, Strength_Normative_Data!$P$3:$P$17, -1)-1, 0, 2)) -> 35 | Q5: Functional Mobility | R5: =((O14/100*30)+(O15/100*25)+(O16/100*30)+(O17/100*15)) -> 35
A6: Strength & Power | B6: Vertical jump (cm) | C6: 46.5 | M6: =C6-(C6/100*12) -> 40.92 | O6: =FORECAST(C6, OFFSET(Strength_Normative_Data!$J$3, MATCH(C6, Strength_Normative_Data!$K$3:$K$16, -1)-1, 0, 2), OFFSET(Strength_Normative_Data!$K$3, MATCH(C6, Strength_Normative_Data!$K$3:$K$16, -1)-1, 0, 2)) -> 35 | Q6: Cognitive | R6: =((O18/100*60)+(O19/100*40)) -> 35
A7: Metabolic Health | B7: Body fat (%) | C7: 26 | M7: =C7+(C7/100*6) -> 27.56
A8: Metabolic Health | B8: Waist to height ratio | C8: 0.55 | M8: =C8+(C8/100*4) -> 0.572 | O8: =IF(C8<=0.4,0, IF(C8<=0.5,20*(C8-0.4)/0.1, IF(C8<=0.6,20+40*(C8-0.5)/0.1, 60+40*(MIN(C8,0.75)-0.6)/0.15))) -> 40
A9: Metabolic Health | B9: Fasting glucose (mmol/L) | C9: 5.6
A10: Metabolic Health | B10: HbA1c (%) | C10: 5.6 | M10: =C10+(C10/100*5) -> 5.88 | O10: =IF(C10<5.7,10*(C10/5.7), IF(C10<6.5,10+40*(C10-5.7)/0.8, 50+50*(MIN(C10,9)-6.5)/2.5)) -> 9.8245614 | Q10: Metabolic Index | R10: Metabolic Z score
A11: Metabolic Health | B11: HOMA IR | C11: 2.5 | M11: =C11+(C11/100*14) -> 2.85 | O11: =IF(C11<1.6,10*(C11/1.6), IF(C11<3,10+40*(C11-1.6)/1.4, 50+50*(MIN(C11,7)-3)/4)) -> 35.714286 | Q11: =(0.3*P12)+(0.2*O8)+(0.15*O10)+(0.25*O11)+(0.1*O13) -> 29.002256 | R11: =IF(Q11<=10,1.5-0.1*Q11, IF(Q11<=60,0.5-0.02*(Q11-10), -0.5-0.03*(Q11-60))) -> 0.11995489
A12: Metabolic Health | B12: ApoB (g/L) | C12: 0.98 | M12: =C12+(C12/100*6) -> 1.0388 | O12: =C12*100 -> 98 | P12: =IF(O12<80,5*(O12/80), IF(O12<100,10+20*(O12-80)/20, IF(O12<130,30+25*(O12-100)/30, IF(O12<160,55+25*(O12-130)/30, IF(O12<200,80+20*(O12-160)/40,100))))) -> 28
A13: Metabolic Health | B13: hsCRP (mg/L) | C13: 1.6 | M13: =C13+(C13/100*18) -> 1.888 | O13: =IF(C13<1,10*(C13/1), IF(C13<3,10+40*(C13-1)/2, 50+50*(MIN(C13,10)-3)/7)) -> 22
A14: Functional Mobility | B14: Gait speed (m/s) | C14: 1.43 | M14: =C14+(C14/100*6) -> 1.5158 | O14: 35
A15: Functional Mobility | B15: Timed Up and Go (sec) | C15: 5.8 | M15: =C15+(C15/100*10) -> 6.38 | O15: =FORECAST(C15, OFFSET(Mobility_Normative_Data!$E$3, MATCH(C15, Mobility_Normative_Data!$F$3:$F$18, 1)-1, 0, 2), OFFSET(Mobility_Normative_Data!$F$3, MATCH(C15, Mobility_Normative_Data!$F$3:$F$18, 1)-1, 0, 2)) -> 35
A16: Functional Mobility | B16: Single leg stance (sec) | C16: 41 | M16: =C16+(C16/100*20) -> 49.2 | O16: =FORECAST(C16, OFFSET(Mobility_Normative_Data!$I$3, MATCH(C16, Mobility_Normative_Data!$J$3:$J$17, -1)-1, 0, 2), OFFSET(Mobility_Normative_Data!$J$3, MATCH(C16, Mobility_Normative_Data!$J$3:$J$17, -1)-1, 0, 2)) -> 35
A17: Functional Mobility | B17: Sit and reach (cm) | C17: 36 | M17: =C17+(C17/100*10) -> 39.6 | O17: =FORECAST(C17, OFFSET(Mobility_Normative_Data!$M$3, MATCH(C17, Mobility_Normative_Data!$N$3:$N$17, -1)-1, 0, 2), OFFSET(Mobility_Normative_Data!$N$3, MATCH(C17, Mobility_Normative_Data!$N$3:$N$17, -1)-1, 0, 2)) -> 35
A18: Cognitive Performance | B18: Processing speed (SD) | C18: 0 | M18: =C18 +(-0.2) -> -0.2 | O18: =MAX(18,B27-(C18*25)) -> 35
A19: Cognitive Performance | B19: Working memory (SD) | C19: 0 | M19: =C19+(-0.2) -> -0.2 | O19: =MAX(18,B27-(J1925)) -> 35
A23: Overall Decline predicitons
B25: Present | C25: 10 years time | D25: 20 Years time | E25: Thirty years | F25: 40 years
A26: Sex | B26: Male
A27: Chronological | B27: 35 | C27: =B27+10 -> 45 | D27: =C27+10 -> 55 | E27: =D27+10 -> 65 | F27: =E27+10 -> 75
A28: Vitality | B28: =R2 -> 35 | C28: =B28+(B28/100*11.5) -> 39.025 | D28: =C28+(C28/100*32.2) -> 51.59105 | E28: =D28+(D28/100*32.2) -> 68.203368 | F28: =E28+(E28/100*32.2) -> 90.164853
A29: Strength | B29: =R3 -> 35 | C29: =B29+(B29/100*12.3) -> 39.305 | D29: =C29+(C29/100*30.8) -> 51.41094 | E29: =D29+(D29/100*30.8) -> 67.24551 | F29: =E29+(E29/100*30.8) -> 87.957126
A30: Metabolic | B30: =R4 -> 33.920406 | C30: =B30+(B30/100*5.5) -> 35.786028 | D30: =C30+(C30/100*11) -> 39.722491 | E30: =D30+(D30/100*11) -> 44.091966 | F30: =E30+(E30/100*11) -> 48.942082
A31: Mobility | B31: =R5 -> 35 | C31: =B31+(B31/100*9.9) -> 38.465 | D31: =C31+(C31/100*19.8) -> 46.08107 | E31: =D31+(D31/100*19.8) -> 55.205122 | F31: =E31+(E31/100*19.8) -> 66.135736 | N31: Graphing
A32: Cognitive | B32: =R6 -> 35 | C32: =B32+(B32/100*20) -> 42 | D32: =C32+(C32/100*60) -> 67.2 | E32: =D32+(D32/100*60) -> 107.52 | F32: =E32+(E32/100*60) -> 172.032 | N32: Chronological Age | O32: Vitality Decline of an average 30 Year old Man | Q32: Chronological Age | R32: Strength Decline of an average 30 Year old Man | T32: Chronological Age | U32: Metabolic Decline of an average 30 Year old Man | W32: Chronological Age | X32: Mobility Decline of an average 30 Year old Man | Z32: Chronological Age | AA32: Cognitive Decline of an average 30 Year old Man
N33: =B27 -> 35 | O33: =R2 -> 35 | Q33: =N33 -> 35 | R33: =R3 -> 35 | T33: =N33 -> 35 | U33: =R4 -> 33.920406 | W33: =N33 -> 35 | X33: =R5 -> 35 | Z33: =N33 -> 35 | AA33: =R6 -> 35
N34: =N33+1 -> 36 | O34: =O33+(O33*0.0115) -> 35.4025 | Q34: =Q33+1 -> 36 | R34: =R33+(R33*0.0123) -> 35.4305 | T34: =T33+1 -> 36 | U34: =U33+(U33*0.0055) -> 34.106968 | W34: =W33+1 -> 36 | X34: =X33+(X33*0.0099) -> 35.3465 | Z34: =Z33+1 -> 36 | AA34: =AA33+(AA33*0.02) -> 35.7
N35: =N34+1 -> 37 | O35: =O34+(O34*0.0115) -> 35.809629 | Q35: =Q34+1 -> 37 | R35: =R34+(R34*0.0123) -> 35.866295 | T35: =T34+1 -> 37 | U35: =U34+(U34*0.0055) -> 34.294557 | W35: =W34+1 -> 37 | X35: =X34+(X34*0.0099) -> 35.69643 | Z35: =Z34+1 -> 37 | AA35: =AA34+(AA34*0.02) -> 36.414
A36: Functional Biological Age | N36: =N35+1 -> 38 | O36: =O35+(O35*0.0115) -> 36.221439 | Q36: =Q35+1 -> 38 | R36: =R35+(R35*0.0123) -> 36.307451 | T36: =T35+1 -> 38 | U36: =U35+(U35*0.0055) -> 34.483177 | W36: =W35+1 -> 38 | X36: =X35+(X35*0.0099) -> 36.049825 | Z36: =Z35+1 -> 38 | AA36: =AA35+(AA35*0.02) -> 37.14228
A37: =(B28/100*20)+(B29/100*20)+(B30/100*25)+(B31/100*20)+(B32/100*15) -> 34.730102 | N37: =N36+1 -> 39 | O37: =O36+(O36*0.0115) -> 36.637986 | Q37: =Q36+1 -> 39 | R37: =R36+(R36*0.0123) -> 36.754032 | T37: =T36+1 -> 39 | U37: =U36+(U36*0.0055) -> 34.672834 | W37: =W36+1 -> 39 | X37: =X36+(X36*0.0099) -> 36.406718 | Z37: =Z36+1 -> 39 | AA37: =AA36+(AA36*0.02) -> 37.885126
N38: =N37+1 -> 40 | O38: =O37+(O37*0.0115) -> 37.059323 | Q38: =Q37+1 -> 40 | R38: =R37+(R37*0.0123) -> 37.206107 | T38: =T37+1 -> 40 | U38: =U37+(U37*0.0055) -> 34.863535 | W38: =W37+1 -> 40 | X38: =X37+(X37*0.0099) -> 36.767145 | Z38: =Z37+1 -> 40 | AA38: =AA37+(AA37*0.02) -> 38.642828
N39: =N38+1 -> 41 | O39: =O38+(O38*0.0115) -> 37.485505 | Q39: =Q38+1 -> 41 | R39: =R38+(R38*0.0123) -> 37.663742 | T39: =T38+1 -> 41 | U39: =U38+(U38*0.0055) -> 35.055284 | W39: =W38+1 -> 41 | X39: =X38+(X38*0.0099) -> 37.13114 | Z39: =Z38+1 -> 41 | AA39: =AA38+(AA38*0.02) -> 39.415685
N40: =N39+1 -> 42 | O40: =O39+(O39*0.0115) -> 37.916588 | Q40: =Q39+1 -> 42 | R40: =R39+(R39*0.0123) -> 38.127006 | T40: =T39+1 -> 42 | U40: =U39+(U39*0.0055) -> 35.248088 | W40: =W39+1 -> 42 | X40: =X39+(X39*0.0099) -> 37.498738 | Z40: =Z39+1 -> 42 | AA40: =AA39+(AA39*0.02) -> 40.203998
N41: =N40+1 -> 43 | O41: =O40+(O40*0.0115) -> 38.352629 | Q41: =Q40+1 -> 43 | R41: =R40+(R40*0.0123) -> 38.595968 | T41: =T40+1 -> 43 | U41: =U40+(U40*0.0055) -> 35.441953 | W41: =W40+1 -> 43 | X41: =X40+(X40*0.0099) -> 37.869975 | Z41: =Z40+1 -> 43 | AA41: =AA40+(AA40*0.02) -> 41.008078
B42: Age | C42: Vitality | D42: Age | E42: Strength | F42: Age | G42: Metabolic | H42: Age | I42: Mobility | J42: Age | K42: Cognitive | N42: =N41+1 -> 44 | O42: =O41+(O41*0.0115) -> 38.793684 | Q42: =Q41+1 -> 44 | R42: =R41+(R41*0.0123) -> 39.070699 | T42: =T41+1 -> 44 | U42: =U41+(U41*0.0055) -> 35.636883 | W42: =W41+1 -> 44 | X42: =X41+(X41*0.0099) -> 38.244888 | Z42: =Z41+1 -> 44 | AA42: =AA41+(AA41*0.02) -> 41.82824
B43: =B27 -> 35 | C43: =B28 -> 35 | D43: =B43 -> 35 | E43: =B29 -> 35 | F43: =B27 -> 35 | G43: =B30 -> 33.920406 | H43: =B27 -> 35 | I43: =B31 -> 35 | J43: =B27 -> 35 | K43: =B32 -> 35 | N43: =N42+1 -> 45 | O43: =O42+(O42*0.0115) -> 39.239812 | Q43: =Q42+1 -> 45 | R43: =R42+(R42*0.0123) -> 39.551268 | T43: =T42+1 -> 45 | U43: =U42+(U42*0.0055) -> 35.832886 | W43: =W42+1 -> 45 | X43: =X42+(X42*0.0099) -> 38.623512 | Z43: =Z42+1 -> 45 | AA43: =AA42+(AA42*0.02) -> 42.664805
B44: =C27 -> 45 | C44: =C28 -> 39.025 | D44: =B44 -> 45 | E44: =C29 -> 39.305 | F44: =C27 -> 45 | G44: =C30 -> 35.786028 | H44: =C27 -> 45 | I44: =C31 -> 38.465 | J44: =C27 -> 45 | K44: =C32 -> 42
B45: =D27 -> 55 | C45: =D28 -> 51.59105 | D45: =D27 -> 55 | E45: =D29 -> 51.41094 | F45: =D27 -> 55 | G45: =D30 -> 39.722491 | H45: =D27 -> 55 | I45: =D31 -> 46.08107 | J45: =D27 -> 55 | K45: =D32 -> 67.2
B46: =E27 -> 65 | C46: =E28 -> 68.203368 | D46: =E27 -> 65 | E46: =E29 -> 67.24551 | F46: =E27 -> 65 | G46: =E30 -> 44.091966 | H46: =E27 -> 65 | I46: =E31 -> 55.205122 | J46: =E27 -> 65 | K46: =E32 -> 107.52
B47: =F27 -> 75 | C47: =F28 -> 90.164853 | D47: =F27 -> 75 | E47: =F29 -> 87.957126 | F47: =F27 -> 75 | G47: =F31 -> 66.135736 | H47: =F27 -> 75 | I47: =F31 -> 66.135736 | J47: =F27 -> 75 | K47: =F32 -> 172.032

Sheet Average_35_Year_Old_Woman_Pro
A1: Pillar | B1: Metric | D1: 1 | E1: 2 | F1: 3 | G1: 4 | H1: 5 | I1: 6 | J1: 7 | K1: 8 | L1: 9 | M1: 10 | R1: Combined Scores
A2: Vitality | B2: VO2 max (ml/kg/min) | C2: 34.7 | D2: =C2-(C2/100*D1) -> 34.353 | E2: =D2-(D2/100*E1) -> 33.66594 | F2: =E2-(E2/100*F1) -> 32.655962 | G2: =F2-(F2/100*G1) -> 31.349723 | H2: =G2-(G2/100*H1) -> 29.782237 | I2: =H2-(H2/100*I1) -> 27.995303 | J2: =I2-(I2/100*J1) -> 26.035632 | K2: =J2-(J2/100*K1) -> 23.952781 | ... M2: =L2-(L2/100*M1) -> 19.617328 | Q2: Vitality | R2: =B27+ ((1 -((C2 / 34.7) * 0.7 )-((C3 / 100) * 0.3 )) * 100) -> 35
A3: Vitality | B3: FEV1 (% predicted) | C3: 100 | D3: =C3-(C3/100*D1) -> 99 | E3: =D3-(D3/100*E1) -> 97.02 | F3: =E3-(E3/100*F1) -> 94.1094 | G3: =F3-(F3/100*G1) -> 90.345024 | H3: =G3-(G3/100*H1) -> 85.827773 | I3: =H3-(H3/100*I1) -> 80.678106 | J3: =I3-(I3/100*J1) -> 75.030639 | K3: =J3-(J3/100*K1) -> 69.028188 | ... M3: =L3-(L3/100*M1) -> 56.534086 | Q3: Strength | R3: =((O4/100*50)+(O5/100*25)+(O6/100*25)) -> 35 | T3: Functional Biological Age
A4: Strength & Power | B4: Grip strength (kg) | C4: 31 | D4: =C4-(C4/100*D1) -> 30.69 | E4: =D4-(D4/100*E1) -> 30.0762 | F4: =E4-(E4/100*F1) -> 29.173914 | G4: =F4-(F4/100*G1) -> 28.006957 | H4: =G4-(G4/100*H1) -> 26.60661 | I4: =H4-(H4/100*I1) -> 25.010213 | J4: =I4-(I4/100*J1) -> 23.259498 | K4: =J4-(J4/100*K1) -> 21.398738 | ... M4: =L4-(L4/100*M1) -> 17.525567 | O4: 35 | Q4: Metabolic | R4: =B27 - 9*R11 -> 33.871143 | T4: =(R2/100*20)+(R3/100*20)+(R4/100*25)+(R5/100*20)+(R6/100*15) -> 34.717786
A5: Strength & Power | B5: STS Power (W/kg) | C5: 2.85 | M5: =C5-(C5/100*12) -> 2.508 | O5: =FORECAST(C5, OFFSET(Strength_Normative_Data!$O$3, MATCH(C5, Strength_Normative_Data!$Q$3:$Q$17, -1)-1, 0, 2), OFFSET(Strength_Normative_Data!$Q$3, MATCH(C5, Strength_Normative_Data!$Q$3:$Q$17, -1)-1, 0, 2)) -> 35 | Q5: Functional Mobility | R5: =((O14/100*30)+(O15/100*25)+(O16/100*30)+(O17/100*15)) -> 35
A6: Strength & Power | B6: Vertical jump (cm) | C6: 30 | M6: =C6-(C6/100*12) -> 26.4 | O6: =FORECAST(C6, OFFSET(Strength_Normative_Data!$J$3, MATCH(C6, Strength_Normative_Data!$L$3:$L$16, -1)-1, 0, 2), OFFSET(Strength_Normative_Data!$L$3, MATCH(C6, Strength_Normative_Data!$L$3:$L$16, -1)-1, 0, 2)) -> 35 | Q6: Cognitive | R6: =((O18/100*60)+(O19/100*40)) -> 35
A7: Metabolic Health | B7: Body fat (%) | C7: 32 | M7: =C7+(C7/100*6) -> 33.92
A8: Metabolic Health | B8: Waist to height ratio | C8: 0.51 | M8: =C8+(C8/100*4) -> 0.5304 | O8: =IF(C8<=0.4,0, IF(C8<=0.5,20*(C8-0.4)/0.1, IF(C8<=0.6,20+40*(C8-0.5)/0.1, 60+40*(MIN(C8,0.75)-0.6)/0.15))) -> 24
A9: Metabolic Health | B9: Fasting glucose (mmol/L) | C9: 5.6
A10: Metabolic Health | B10: HbA1c (%) | C10: 5.7 | M10: =C10+(C10/100*5) -> 5.985 | O10: =IF(C10<5.7,10*(C10/5.7), IF(C10<6.5,10+40*(C10-5.7)/0.8, 50+50*(MIN(C10,9)-6.5)/2.5)) -> 10 | Q10: Metabolic Index | R10: Metabolic Z score
A11: Metabolic Health | B11: HOMA IR | C11: 2.5 | M11: =C11+(C11/100*14) -> 2.85 | O11: =IF(C11<1.6,10*(C11/1.6), IF(C11<3,10+40*(C11-1.6)/1.4, 50+50*(MIN(C11,7)-3)/4)) -> 35.714286 | Q11: =(0.3*P12)+(0.2*O8)+(0.15*O10)+(0.25*O11)+(0.1*O13) -> 28.728571 | R11: =IF(Q11<=10,1.5-0.1*Q11, IF(Q11<=60,0.5-0.02*(Q11-10), -0.5-0.03*(Q11-60))) -> 0.12542857
A12: Metabolic Health | B12: ApoB (g/L) | C12: 1.1 | M12: =C12+(C12/100*6) -> 1.166 | O12: =C12*100 -> 110 | P12: =IF(O12<80,5*(O12/80), IF(O12<100,10+20*(O12-80)/20, IF(O12<130,30+25*(O12-100)/30, IF(O12<160,55+25*(O12-130)/30, IF(O12<200,80+20*(O12-160)/40,100))))) -> 38.333333
A13: Metabolic Health | B13: hsCRP (mg/L) | C13: 1.5 | M13: =C13+(C13/100*18) -> 1.77 | O13: =IF(C13<1,10*(C13/1), IF(C13<3,10+40*(C13-1)/2, 50+50*(MIN(C13,10)-3)/7)) -> 20
A14: Functional Mobility | B14: Gait speed (m/s) | C14: 1.34 | M14: =C14+(C14/100*6) -> 1.4204 | O14: 35
A15: Functional Mobility | B15: Timed Up and Go (sec) | C15: 6.2 | M15: =C15+(C15/100*10) -> 6.82 | O15: =FORECAST(C15, OFFSET(Mobility_Normative_Data!$E$3, MATCH(C15, Mobility_Normative_Data!$G$3:$G$18, 1)-1, 0, 2), OFFSET(Mobility_Normative_Data!$G$3, MATCH(C15, Mobility_Normative_Data!$G$3:$G$18, 1)-1, 0, 2)) -> 35
A16: Functional Mobility | B16: Single leg stance (sec) | C16: 41 | M16: =C16+(C16/100*20) -> 49.2 | O16: =FORECAST(C16, OFFSET(Mobility_Normative_Data!$I$3, MATCH(C16, Mobility_Normative_Data!$K$3:$K$17, -1)-1, 0, 2), OFFSET(Mobility_Normative_Data!$K$3, MATCH(C16, Mobility_Normative_Data!$K$3:$K$17, -1)-1, 0, 2)) -> 35
A17: Functional Mobility | B17: Sit and reach (cm) | C17: 38 | M17: =C17+(C17/100*10) -> 41.8 | O17: =FORECAST(C17, OFFSET(Mobility_Normative_Data!$M$3, MATCH(C17, Mobility_Normative_Data!$O$3:$O$17, -1)-1, 0, 2), OFFSET(Mobility_Normative_Data!$O$3, MATCH(C17, Mobility_Normative_Data!$O$3:$O$17, -1)-1, 0, 2)) -> 35
A18: Cognitive Performance | B18: Processing speed (SD) | C18: 0 | M18: =C18 +(-0.2) -> -0.2 | O18: =MAX(18,B27-(C18*25)) -> 35
A19: Cognitive Performance | B19: Working memory (SD) | C19: 0 | M19: =C19+(-0.2) -> -0.2 | O19: =MAX(18,B27-(J1925)) -> 35
A23: Overall Decline predicitons
B25: Present | C25: 10 years time | D25: 20 Years time | E25: Thirty years | F25: 40 years
A26: Sex | B26: Male
A27: Chronological | B27: 35 | C27: =B27+10 -> 45 | D27: =C27+10 -> 55 | E27: =D27+10 -> 65 | F27: =E27+10 -> 75
A28: Vitality | B28: =R2 -> 35 | C28: =B28+(B28/100*11.5) -> 39.025 | D28: =C28+(C28/100*32.2) -> 51.59105 | E28: =D28+(D28/100*32.2) -> 68.203368 | F28: =E28+(E28/100*32.2) -> 90.164853
A29: Strength | B29: =R3 -> 35 | C29: =B29+(B29/100*12.3) -> 39.305 | D29: =C29+(C29/100*30.8) -> 51.41094 | E29: =D29+(D29/100*30.8) -> 67.24551 | F29: =E29+(E29/100*30.8) -> 87.957126
A30: Metabolic | B30: =R4 -> 33.871143 | C30: =B30+(B30/100*5.5) -> 35.734056 | D30: =C30+(C30/100*11) -> 39.664802 | E30: =D30+(D30/100*11) -> 44.02793 | F30: =E30+(E30/100*11) -> 48.871002
A31: Mobility | B31: =R5 -> 35 | C31: =B31+(B31/100*9.9) -> 38.465 | D31: =C31+(C31/100*19.8) -> 46.08107 | E31: =D31+(D31/100*19.8) -> 55.205122 | F31: =E31+(E31/100*19.8) -> 66.135736 | N31: Graphing
A32: Cognitive | B32: =R6 -> 35 | C32: =B32+(B32/100*20) -> 42 | D32: =C32+(C32/100*60) -> 67.2 | E32: =D32+(D32/100*60) -> 107.52 | F32: =E32+(E32/100*60) -> 172.032 | N32: Chronological Age | O32: Vitality Decline of an average 50 Year old Woman | Q32: Chronological Age | R32: Strength Decline of an average 50 Year old Woman | T32: Chronological Age | U32: Metabolic Decline of an average 50 Year old Woman | W32: Chronological Age | X32: Mobility Decline of an average 50 Year old Woman | Z32: Chronological Age | AA32: Cognitive Decline of an average 50 Year old Woman
N33: =B27 -> 35 | O33: =R2 -> 35 | Q33: =N33 -> 35 | R33: =R3 -> 35 | T33: =N33 -> 35 | U33: =R4 -> 33.871143 | W33: =N33 -> 35 | X33: =R5 -> 35 | Z33: =N33 -> 35 | AA33: =R6 -> 35
N34: =N33+1 -> 36 | O34: =O33+(O33*0.0115) -> 35.4025 | Q34: =Q33+1 -> 36 | R34: =R33+(R33*0.0123) -> 35.4305 | T34: =T33+1 -> 36 | U34: =U33+(U33*0.0055) -> 34.057434 | W34: =W33+1 -> 36 | X34: =X33+(X33*0.0099) -> 35.3465 | Z34: =Z33+1 -> 36 | AA34: =AA33+(AA33*0.02) -> 35.7
N35: =N34+1 -> 37 | O35: =O34+(O34*0.0115) -> 35.809629 | Q35: =Q34+1 -> 37 | R35: =R34+(R34*0.0123) -> 35.866295 | T35: =T34+1 -> 37 | U35: =U34+(U34*0.0055) -> 34.24475 | W35: =W34+1 -> 37 | X35: =X34+(X34*0.0099) -> 35.69643 | Z35: =Z34+1 -> 37 | AA35: =AA34+(AA34*0.02) -> 36.414
N36: =N35+1 -> 38 | O36: =O35+(O35*0.0115) -> 36.221439 | Q36: =Q35+1 -> 38 | R36: =R35+(R35*0.0123) -> 36.307451 | T36: =T35+1 -> 38 | U36: =U35+(U35*0.0055) -> 34.433096 | W36: =W35+1 -> 38 | X36: =X35+(X35*0.0099) -> 36.049825 | Z36: =Z35+1 -> 38 | AA36: =AA35+(AA35*0.02) -> 37.14228
N37: =N36+1 -> 39 | O37: =O36+(O36*0.0115) -> 36.637986 | Q37: =Q36+1 -> 39 | R37: =R36+(R36*0.0123) -> 36.754032 | T37: =T36+1 -> 39 | U37: =U36+(U36*0.0055) -> 34.622478 | W37: =W36+1 -> 39 | X37: =X36+(X36*0.0099) -> 36.406718 | Z37: =Z36+1 -> 39 | AA37: =AA36+(AA36*0.02) -> 37.885126
N38: =N37+1 -> 40 | O38: =O37+(O37*0.0115) -> 37.059323 | Q38: =Q37+1 -> 40 | R38: =R37+(R37*0.0123) -> 37.206107 | T38: =T37+1 -> 40 | U38: =U37+(U37*0.0055) -> 34.812902 | W38: =W37+1 -> 40 | X38: =X37+(X37*0.0099) -> 36.767145 | Z38: =Z37+1 -> 40 | AA38: =AA37+(AA37*0.02) -> 38.642828
N39: =N38+1 -> 41 | O39: =O38+(O38*0.0115) -> 37.485505 | Q39: =Q38+1 -> 41 | R39: =R38+(R38*0.0123) -> 37.663742 | T39: =T38+1 -> 41 | U39: =U38+(U38*0.0055) -> 35.004373 | W39: =W38+1 -> 41 | X39: =X38+(X38*0.0099) -> 37.13114 | Z39: =Z38+1 -> 41 | AA39: =AA38+(AA38*0.02) -> 39.415685
N40: =N39+1 -> 42 | O40: =O39+(O39*0.0115) -> 37.916588 | Q40: =Q39+1 -> 42 | R40: =R39+(R39*0.0123) -> 38.127006 | T40: =T39+1 -> 42 | U40: =U39+(U39*0.0055) -> 35.196897 | W40: =W39+1 -> 42 | X40: =X39+(X39*0.0099) -> 37.498738 | Z40: =Z39+1 -> 42 | AA40: =AA39+(AA39*0.02) -> 40.203998
N41: =N40+1 -> 43 | O41: =O40+(O40*0.0115) -> 38.352629 | Q41: =Q40+1 -> 43 | R41: =R40+(R40*0.0123) -> 38.595968 | T41: =T40+1 -> 43 | U41: =U40+(U40*0.0055) -> 35.39048 | W41: =W40+1 -> 43 | X41: =X40+(X40*0.0099) -> 37.869975 | Z41: =Z40+1 -> 43 | AA41: =AA40+(AA40*0.02) -> 41.008078
N42: =N41+1 -> 44 | O42: =O41+(O41*0.0115) -> 38.793684 | Q42: =Q41+1 -> 44 | R42: =R41+(R41*0.0123) -> 39.070699 | T42: =T41+1 -> 44 | U42: =U41+(U41*0.0055) -> 35.585127 | W42: =W41+1 -> 44 | X42: =X41+(X41*0.0099) -> 38.244888 | Z42: =Z41+1 -> 44 | AA42: =AA41+(AA41*0.02) -> 41.82824
N43: =N42+1 -> 45 | O43: =O42+(O42*0.0115) -> 39.239812 | Q43: =Q42+1 -> 45 | R43: =R42+(R42*0.0123) -> 39.551268 | T43: =T42+1 -> 45 | U43: =U42+(U42*0.0055) -> 35.780846 | W43: =W42+1 -> 45 | X43: =X42+(X42*0.0099) -> 38.623512 | Z43: =Z42+1 -> 45 | AA43: =AA42+(AA42*0.02) -> 42.664805

Sheet Average_40_Year_Old_Man_Pro
A1: Pillar | B1: Metric | D1: 1 | E1: 2 | F1: 3 | G1: 4 | H1: 5 | I1: 6 | J1: 7 | K1: 8 | L1: 9 | M1: 10 | R1: Combined Scores
A2: Vitality | B2: VO2 max (ml/kg/min) | C2: 39.5 | D2: =C2-(C2/100*D1) -> 39.105 | E2: =D2-(D2/100*E1) -> 38.3229 | F2: =E2-(E2/100*F1) -> 37.173213 | G2: =F2-(F2/100*G1) -> 35.686284 | H2: =G2-(G2/100*H1) -> 33.90197 | I2: =H2-(H2/100*I1) -> 31.867852 | J2: =I2-(I2/100*J1) -> 29.637102 | K2: =J2-(J2/100*K1) -> 27.266134 | ... M2: =L2-(L2/100*M1) -> 22.330964 | Q2: Vitality | R2: =B27+ ((1 -((C2 / 39.5) * 0.7 )-((C3 / 100) * 0.3 )) * 100) -> 40
A3: Vitality | B3: FEV1 (% predicted) | C3: 100 | D3: =C3-(C3/100*D1) -> 99 | E3: =D3-(D3/100*E1) -> 97.02 | F3: =E3-(E3/100*F1) -> 94.1094 | G3: =F3-(F3/100*G1) -> 90.345024 | H3: =G3-(G3/100*H1) -> 85.827773 | I3: =H3-(H3/100*I1) -> 80.678106 | J3: =I3-(I3/100*J1) -> 75.030639 | K3: =J3-(J3/100*K1) -> 69.028188 | ... M3: =L3-(L3/100*M1) -> 56.534086 | Q3: Strength | R3: =((O4/100*50)+(O5/100*25)+(O6/100*25)) -> 40 | T3: Functional Biological Age
A4: Strength & Power | B4: Grip strength (kg) | C4: 49 | D4: =C4-(C4/100*D1) -> 48.51 | E4: =D4-(D4/100*E1) -> 47.5398 | F4: =E4-(E4/100*F1) -> 46.113606 | G4: =F4-(F4/100*G1) -> 44.269062 | H4: =G4-(G4/100*H1) -> 42.055609 | I4: =H4-(H4/100*I1) -> 39.532272 | J4: =I4-(I4/100*J1) -> 36.765013 | K4: =J4-(J4/100*K1) -> 33.823812 | ... M4: =L4-(L4/100*M1) -> 27.701702 | O4: =IF(B27<30, FORECAST(C4, OFFSET(Strength_Normative_Data!$A$3, MATCH(C4, Strength_Normative_Data!$B$3:$B$5, 1)-1, 0, 2), OFFSET(Strength_Normative_Data!$B$3, MATCH(C4, Strength_Normative_Data!$B$3:$B$5, 1)-1, 0, 2)), FORECAST(C4, OFFSET(Strength_Normative_Data!$A$5, MATCH(C4, Strength_Normative_Data!$B$5:$B$16, -1)-1, 0, 2), OFFSET(Strength_Normative_Data!$B$5, MATCH(C4, Strength_Normative_Data!$B$5:$B$16, -1)-1, 0, 2))) -> 40 | Q4: Metabolic | R4: =B27 - 9*R11 -> 41.157143 | T4: =(R2/100*20)+(R3/100*20)+(R4/100*25)+(R5/100*20)+(R6/100*15) -> 40.289286
A5: Strength & Power | B5: STS Power (W/kg) | C5: 3.5 | M5: =C5-(C5/100*12) -> 3.08 | O5: =FORECAST(C5, OFFSET(Strength_Normative_Data!$O$3, MATCH(C5, Strength_Normative_Data!$P$3:$P$17, -1)-1, 0, 2), OFFSET(Strength_Normative_Data!$P$3, MATCH(C5, Strength_Normative_Data!$P$3:$P$17, -1)-1, 0, 2)) -> 40 | Q5: Functional Mobility | R5: =((O14/100*30)+(O15/100*25)+(O16/100*30)+(O17/100*15)) -> 40
A6: Strength & Power | B6: Vertical jump (cm) | C6: 44 | M6: =C6-(C6/100*12) -> 38.72 | O6: =FORECAST(C6, OFFSET(Strength_Normative_Data!$J$3, MATCH(C6, Strength_Normative_Data!$K$3:$K$16, -1)-1, 0, 2), OFFSET(Strength_Normative_Data!$K$3, MATCH(C6, Strength_Normative_Data!$K$3:$K$16, -1)-1, 0, 2)) -> 40 | Q6: Cognitive | R6: =((O18/100*60)+(O19/100*40)) -> 40
A7: Metabolic Health | B7: Body fat (%) | C7: 22 | M7: =C7+(C7/100*6) -> 23.32
A8: Metabolic Health | B8: Waist to height ratio | C8: 0.6 | M8: =C8+(C8/100*4) -> 0.624 | O8: =IF(C8<=0.4,0, IF(C8<=0.5,20*(C8-0.4)/0.1, IF(C8<=0.6,20+40*(C8-0.5)/0.1, 60+40*(MIN(C8,0.75)-0.6)/0.15))) -> 60
A9: Metabolic Health | B9: Fasting glucose (mmol/L) | C9: 5.6
A10: Metabolic Health | B10: HbA1c (%) | C10: 5.9 | M10: =C10+(C10/100*5) -> 6.195 | O10: =IF(C10<5.7,10*(C10/5.7), IF(C10<6.5,10+40*(C10-5.7)/0.8, 50+50*(MIN(C10,9)-6.5)/2.5)) -> 20 | Q10: Metabolic Index | R10: Metabolic Z score
A11: Metabolic Health | B11: HOMA IR | C11: 2.5 | M11: =C11+(C11/100*14) -> 2.85 | O11: =IF(C11<1.6,10*(C11/1.6), IF(C11<3,10+40*(C11-1.6)/1.4, 50+50*(MIN(C11,7)-3)/4)) -> 35.714286 | Q11: =(0.3*P12)+(0.2*O8)+(0.15*O10)+(0.25*O11)+(0.1*O13) -> 41.428571 | R11: =IF(Q11<=10,1.5-0.1*Q11, IF(Q11<=60,0.5-0.02*(Q11-10), -0.5-0.03*(Q11-60))) -> -0.12857143
A12: Metabolic Health | B12: ApoB (g/L) | C12: 1.3 | M12: =C12+(C12/100*6) -> 1.378 | O12: =C12*100 -> 130 | P12: =IF(O12<80,5*(O12/80), IF(O12<100,10+20*(O12-80)/20, IF(O12<130,30+25*(O12-100)/30, IF(O12<160,55+25*(O12-130)/30, IF(O12<200,80+20*(O12-160)/40,100))))) -> 55
A13: Metabolic Health | B13: hsCRP (mg/L) | C13: 1 | M13: =C13+(C13/100*18) -> 1.18 | O13: =IF(C13<1,10*(C13/1), IF(C13<3,10+40*(C13-1)/2, 50+50*(MIN(C13,10)-3)/7)) -> 10
A14: Functional Mobility | B14: Gait speed (m/s) | C14: 1.43 | M14: =C14+(C14/100*6) -> 1.5158 | O14: 40
A15: Functional Mobility | B15: Timed Up and Go (sec) | C15: 6 | M15: =C15+(C15/100*10) -> 6.6 | O15: =FORECAST(C15, OFFSET(Mobility_Normative_Data!$E$3, MATCH(C15, Mobility_Normative_Data!$F$3:$F$18, 1)-1, 0, 2), OFFSET(Mobility_Normative_Data!$F$3, MATCH(C15, Mobility_Normative_Data!$F$3:$F$18, 1)-1, 0, 2)) -> 40
A16: Functional Mobility | B16: Single leg stance (sec) | C16: 39 | M16: =C16+(C16/100*20) -> 46.8 | O16: =FORECAST(C16, OFFSET(Mobility_Normative_Data!$I$3, MATCH(C16, Mobility_Normative_Data!$J$3:$J$17, -1)-1, 0, 2), OFFSET(Mobility_Normative_Data!$J$3, MATCH(C16, Mobility_Normative_Data!$J$3:$J$17, -1)-1, 0, 2)) -> 40
A17: Functional Mobility | B17: Sit and reach (cm) | C17: 34 | M17: =C17+(C17/100*10) -> 37.4 | O17: =FORECAST(C17, OFFSET(Mobility_Normative_Data!$M$3, MATCH(C17, Mobility_Normative_Data!$N$3:$N$17, -1)-1, 0, 2), OFFSET(Mobility_Normative_Data!$N$3, MATCH(C17, Mobility_Normative_Data!$N$3:$N$17, -1)-1, 0, 2)) -> 40
A18: Cognitive Performance | B18: Processing speed (SD) | C18: 0 | M18: =C18 +(-0.2) -> -0.2 | O18: =MAX(18,B27-(C18*25)) -> 40
A19: Cognitive Performance | B19: Working memory (SD) | C19: 0 | M19: =C19+(-0.2) -> -0.2 | O19: =MAX(18,B27-(J1925)) -> 40
A23: Overall Decline predicitons
B25: Present | C25: 10 years time | D25: 20 Years time | E25: Thirty years | F25: 40 years
A26: Sex | B26: Male
A27: Chronological | B27: 40 | C27: =B27+10 -> 50 | D27: =C27+10 -> 60 | E27: =D27+10 -> 70 | F27: =E27+10 -> 80
A28: Vitality | B28: =R2 -> 40 | C28: =B28+(B28/100*11.5) -> 44.6 | D28: =C28+(C28/100*32.2) -> 58.9612 | E28: =D28+(D28/100*32.2) -> 77.946706 | F28: =E28+(E28/100*32.2) -> 103.04555
A29: Strength | B29: =R3 -> 40 | C29: =B29+(B29/100*12.3) -> 44.92 | D29: =C29+(C29/100*30.8) -> 58.75536 | E29: =D29+(D29/100*30.8) -> 76.852011 | F29: =E29+(E29/100*30.8) -> 100.52243
A30: Metabolic | B30: =R4 -> 41.157143 | C30: =B30+(B30/100*5.5) -> 43.420786 | D30: =C30+(C30/100*11) -> 48.197072 | E30: =D30+(D30/100*11) -> 53.49875 | F30: =E30+(E30/100*11) -> 59.383613
A31: Mobility | B31: =R5 -> 40 | C31: =B31+(B31/100*9.9) -> 43.96 | D31: =C31+(C31/100*19.8) -> 52.66408 | E31: =D31+(D31/100*19.8) -> 63.091568 | F31: =E31+(E31/100*19.8) -> 75.583698 | N31: Graphing
A32: Cognitive | B32: =R6 -> 40 | C32: =B32+(B32/100*20) -> 48 | D32: =C32+(C32/100*60) -> 76.8 | E32: =D32+(D32/100*60) -> 122.88 | F32: =E32+(E32/100*60) -> 196.608 | N32: Chronological Age | O32: Vitality Decline of an average 40 Year old Man | Q32: Chronological Age | R32: Strength Decline of an average 40 Year old Man | T32: Chronological Age | U32: Metabolic Decline of an average 40 Year old Man | W32: Chronological Age | X32: Mobility Decline of an average 40 Year old Man | Z32: Chronological Age | AA32: Cognitive Decline of an average 40 Year old Man
N33: =B27 -> 40 | O33: =R2 -> 40 | Q33: =N33 -> 40 | R33: =R3 -> 40 | T33: =N33 -> 40 | U33: =R4 -> 41.157143 | W33: =N33 -> 40 | X33: =R5 -> 40 | Z33: =N33 -> 40 | AA33: =R6 -> 40
N34: =N33+1 -> 41 | O34: =O33+(O33*0.0115) -> 40.46 | Q34: =Q33+1 -> 41 | R34: =R33+(R33*0.0123) -> 40.492 | T34: =T33+1 -> 41 | U34: =U33+(U33*0.0055) -> 41.383507 | W34: =W33+1 -> 41 | X34: =X33+(X33*0.0099) -> 40.396 | Z34: =Z33+1 -> 41 | AA34: =AA33+(AA33*0.02) -> 40.8
N35: =N34+1 -> 42 | O35: =O34+(O34*0.0115) -> 40.92529 | Q35: =Q34+1 -> 42 | R35: =R34+(R34*0.0123) -> 40.990052 | T35: =T34+1 -> 42 | U35: =U34+(U34*0.0055) -> 41.611116 | W35: =W34+1 -> 42 | X35: =X34+(X34*0.0099) -> 40.79592 | Z35: =Z34+1 -> 42 | AA35: =AA34+(AA34*0.02) -> 41.616
A36: Functional Biological Age | N36: =N35+1 -> 43 | O36: =O35+(O35*0.0115) -> 41.395931 | Q36: =Q35+1 -> 43 | R36: =R35+(R35*0.0123) -> 41.494229 | T36: =T35+1 -> 43 | U36: =U35+(U35*0.0055) -> 41.839978 | W36: =W35+1 -> 43 | X36: =X35+(X35*0.0099) -> 41.1998 | Z36: =Z35+1 -> 43 | AA36: =AA35+(AA35*0.02) -> 42.44832
A37: =(B28/100*20)+(B29/100*20)+(B30/100*25)+(B31/100*20)+(B32/100*15) -> 40.289286 | N37: =N36+1 -> 44 | O37: =O36+(O36*0.0115) -> 41.871984 | Q37: =Q36+1 -> 44 | R37: =R36+(R36*0.0123) -> 42.004608 | T37: =T36+1 -> 44 | U37: =U36+(U36*0.0055) -> 42.070097 | W37: =W36+1 -> 44 | X37: =X36+(X36*0.0099) -> 41.607678 | Z37: =Z36+1 -> 44 | AA37: =AA36+(AA36*0.02) -> 43.297286
N38: =N37+1 -> 45 | O38: =O37+(O37*0.0115) -> 42.353512 | Q38: =Q37+1 -> 45 | R38: =R37+(R37*0.0123) -> 42.521265 | T38: =T37+1 -> 45 | U38: =U37+(U37*0.0055) -> 42.301483 | W38: =W37+1 -> 45 | X38: =X37+(X37*0.0099) -> 42.019594 | Z38: =Z37+1 -> 45 | AA38: =AA37+(AA37*0.02) -> 44.163232
N39: =N38+1 -> 46 | O39: =O38+(O38*0.0115) -> 42.840577 | Q39: =Q38+1 -> 46 | R39: =R38+(R38*0.0123) -> 43.044276 | T39: =T38+1 -> 46 | U39: =U38+(U38*0.0055) -> 42.534141 | W39: =W38+1 -> 46 | X39: =X38+(X38*0.0099) -> 42.435588 | Z39: =Z38+1 -> 46 | AA39: =AA38+(AA38*0.02) -> 45.046497
N40: =N39+1 -> 47 | O40: =O39+(O39*0.0115) -> 43.333244 | Q40: =Q39+1 -> 47 | R40: =R39+(R39*0.0123) -> 43.573721 | T40: =T39+1 -> 47 | U40: =U39+(U39*0.0055) -> 42.768079 | W40: =W39+1 -> 47 | X40: =X39+(X39*0.0099) -> 42.8557 | Z40: =Z39+1 -> 47 | AA40: =AA39+(AA39*0.02) -> 45.947427
N41: =N40+1 -> 48 | O41: =O40+(O40*0.0115) -> 43.831576 | Q41: =Q40+1 -> 48 | R41: =R40+(R40*0.0123) -> 44.109678 | T41: =T40+1 -> 48 | U41: =U40+(U40*0.0055) -> 43.003303 | W41: =W40+1 -> 48 | X41: =X40+(X40*0.0099) -> 43.279972 | Z41: =Z40+1 -> 48 | AA41: =AA40+(AA40*0.02) -> 46.866375
B42: Age | C42: Vitality | D42: Age | E42: Strength | F42: Age | G42: Metabolic | H42: Age | I42: Mobility | J42: Age | K42: Cognitive | N42: =N41+1 -> 49 | O42: =O41+(O41*0.0115) -> 44.335639 | Q42: =Q41+1 -> 49 | R42: =R41+(R41*0.0123) -> 44.652227 | T42: =T41+1 -> 49 | U42: =U41+(U41*0.0055) -> 43.239822 | W42: =W41+1 -> 49 | X42: =X41+(X41*0.0099) -> 43.708444 | Z42: =Z41+1 -> 49 | AA42: =AA41+(AA41*0.02) -> 47.803703
B43: =B27 -> 40 | C43: =B28 -> 40 | D43: =B43 -> 40 | E43: =B29 -> 40 | F43: =B27 -> 40 | G43: =B30 -> 41.157143 | H43: =B27 -> 40 | I43: =B31 -> 40 | J43: =B27 -> 40 | K43: =B32 -> 40 | N43: =N42+1 -> 50 | O43: =O42+(O42*0.0115) -> 44.845499 | Q43: =Q42+1 -> 50 | R43: =R42+(R42*0.0123) -> 45.201449 | T43: =T42+1 -> 50 | U43: =U42+(U42*0.0055) -> 43.477641 | W43: =W42+1 -> 50 | X43: =X42+(X42*0.0099) -> 44.141157 | Z43: =Z42+1 -> 50 | AA43: =AA42+(AA42*0.02) -> 48.759777
B44: =C27 -> 50 | C44: =C28 -> 44.6 | D44: =B44 -> 50 | E44: =C29 -> 44.92 | F44: =C27 -> 50 | G44: =C30 -> 43.420786 | H44: =C27 -> 50 | I44: =C31 -> 43.96 | J44: =C27 -> 50 | K44: =C32 -> 48
B45: =D27 -> 60 | C45: =D28 -> 58.9612 | D45: =D27 -> 60 | E45: =D29 -> 58.75536 | F45: =D27 -> 60 | G45: =D30 -> 48.197072 | H45: =D27 -> 60 | I45: =D31 -> 52.66408 | J45: =D27 -> 60 | K45: =D32 -> 76.8
B46: =E27 -> 70 | C46: =E28 -> 77.946706 | D46: =E27 -> 70 | E46: =E29 -> 76.852011 | F46: =E27 -> 70 | G46: =E30 -> 53.49875 | H46: =E27 -> 70 | I46: =E31 -> 63.091568 | J46: =E27 -> 70 | K46: =E32 -> 122.88
B47: =F27 -> 80 | C47: =F28 -> 103.04555 | D47: =F27 -> 80 | E47: =F29 -> 100.52243 | F47: =F27 -> 80 | G47: =F31 -> 75.583698 | H47: =F27 -> 80 | I47: =F31 -> 75.583698 | J47: =F27 -> 80 | K47: =F32 -> 196.608

Sheet Average_40_Year_Old_Woman_Pro
A1: Pillar | B1: Metric | D1: 1 | E1: 2 | F1: 3 | G1: 4 | H1: 5 | I1: 6 | J1: 7 | K1: 8 | L1: 9 | M1: 10 | R1: Combined Scores
A2: Vitality | B2: VO2 max (ml/kg/min) | C2: 30.6 | D2: =C2-(C2/100*D1) -> 30.294 | E2: =D2-(D2/100*E1) -> 29.68812 | F2: =E2-(E2/100*F1) -> 28.797476 | G2: =F2-(F2/100*G1) -> 27.645577 | H2: =G2-(G2/100*H1) -> 26.263298 | I2: =H2-(H2/100*I1) -> 24.687501 | J2: =I2-(I2/100*J1) -> 22.959376 | K2: =J2-(J2/100*K1) -> 21.122625 | ... M2: =L2-(L2/100*M1) -> 17.29943 | Q2: Vitality | R2: =B27+ ((1 -((C2 / 30.6) * 0.7 )-((C3 / 100) * 0.3 )) * 100) -> 40
A3: Vitality | B3: FEV1 (% predicted) | C3: 100 | D3: =C3-(C3/100*D1) -> 99 | E3: =D3-(D3/100*E1) -> 97.02 | F3: =E3-(E3/100*F1) -> 94.1094 | G3: =F3-(F3/100*G1) -> 90.345024 | H3: =G3-(G3/100*H1) -> 85.827773 | I3: =H3-(H3/100*I1) -> 80.678106 | J3: =I3-(I3/100*J1) -> 75.030639 | K3: =J3-(J3/100*K1) -> 69.028188 | ... M3: =L3-(L3/100*M1) -> 56.534086 | Q3: Strength | R3: =((O4/100*50)+(O5/100*25)+(O6/100*25)) -> 40 | T3: Functional Biological Age
A4: Strength & Power | B4: Grip strength (kg) | C4: 30 | D4: =C4-(C4/100*D1) -> 29.7 | E4: =D4-(D4/100*E1) -> 29.106 | F4: =E4-(E4/100*F1) -> 28.23282 | G4: =F4-(F4/100*G1) -> 27.103507 | H4: =G4-(G4/100*H1) -> 25.748332 | I4: =H4-(H4/100*I1) -> 24.203432 | J4: =I4-(I4/100*J1) -> 22.509192 | K4: =J4-(J4/100*K1) -> 20.708456 | ... M4: =L4-(L4/100*M1) -> 16.960226 | O4: =IF(B27<30, FORECAST(C4, OFFSET(Strength_Normative_Data!$A$3, MATCH(C4, Strength_Normative_Data!$C$3:$C$5, 1)-1, 0, 2), OFFSET(Strength_Normative_Data!$C$3, MATCH(C4, Strength_Normative_Data!$C$3:$C$5, 1)-1, 0, 2)), FORECAST(C4, OFFSET(Strength_Normative_Data!$A$5, MATCH(C4, Strength_Normative_Data!$C$5:$C$16, -1)-1, 0, 2), OFFSET(Strength_Normative_Data!$C$5, MATCH(C4, Strength_Normative_Data!$C$5:$C$16, -1)-1, 0, 2))) -> 40 | Q4: Metabolic | R4: =B27 - 9*R11 -> 38.754143 | T4: =(R2/100*20)+(R3/100*20)+(R4/100*25)+(R5/100*20)+(R6/100*15) -> 39.688536
A5: Strength & Power | B5: STS Power (W/kg) | C5: 2.7 | M5: =C5-(C5/100*12) -> 2.376 | O5: =FORECAST(C5, OFFSET(Strength_Normative_Data!$O$3, MATCH(C5, Strength_Normative_Data!$Q$3:$Q$17, -1)-1, 0, 2), OFFSET(Strength_Normative_Data!$Q$3, MATCH(C5, Strength_Normative_Data!$Q$3:$Q$17, -1)-1, 0, 2)) -> 40 | Q5: Functional Mobility | R5: =((O14/100*30)+(O15/100*25)+(O16/100*30)+(O17/100*15)) -> 40
A6: Strength & Power | B6: Vertical jump (cm) | C6: 28 | M6: =C6-(C6/100*12) -> 24.64 | O6: =FORECAST(C6, OFFSET(Strength_Normative_Data!$J$3, MATCH(C6, Strength_Normative_Data!$L$3:$L$16, -1)-1, 0, 2), OFFSET(Strength_Normative_Data!$L$3, MATCH(C6, Strength_Normative_Data!$L$3:$L$16, -1)-1, 0, 2)) -> 40 | Q6: Cognitive | R6: =((O18/100*60)+(O19/100*40)) -> 40
A7: Metabolic Health | B7: Body fat (%) | C7: 34 | M7: =C7+(C7/100*6) -> 36.04
A8: Metabolic Health | B8: Waist to height ratio | C8: 0.5 | M8: =C8+(C8/100*4) -> 0.52 | O8: =IF(C8<=0.4,0, IF(C8<=0.5,20*(C8-0.4)/0.1, IF(C8<=0.6,20+40*(C8-0.5)/0.1, 60+40*(MIN(C8,0.75)-0.6)/0.15))) -> 20
A9: Metabolic Health | B9: Fasting glucose (mmol/L) | C9: 5.6
A10: Metabolic Health | B10: HbA1c (%) | C10: 5.7 | M10: =C10+(C10/100*5) -> 5.985 | O10: =IF(C10<5.7,10*(C10/5.7), IF(C10<6.5,10+40*(C10-5.7)/0.8, 50+50*(MIN(C10,9)-6.5)/2.5)) -> 10 | Q10: Metabolic Index | R10: Metabolic Z score
A11: Metabolic Health | B11: HOMA IR | C11: 2.5 | M11: =C11+(C11/100*14) -> 2.85 | O11: =IF(C11<1.6,10*(C11/1.6), IF(C11<3,10+40*(C11-1.6)/1.4, 50+50*(MIN(C11,7)-3)/4)) -> 35.714286 | Q11: =(0.3*P12)+(0.2*O8)+(0.15*O10)+(0.25*O11)+(0.1*O13) -> 28.078571 | R11: =IF(Q11<=10,1.5-0.1*Q11, IF(Q11<=60,0.5-0.02*(Q11-10), -0.5-0.03*(Q11-60))) -> 0.13842857
A12: Metabolic Health | B12: ApoB (g/L) | C12: 1.05 | M12: =C12+(C12/100*6) -> 1.113 | O12: =C12*100 -> 105 | P12: =IF(O12<80,5*(O12/80), IF(O12<100,10+20*(O12-80)/20, IF(O12<130,30+25*(O12-100)/30, IF(O12<160,55+25*(O12-130)/30, IF(O12<200,80+20*(O12-160)/40,100))))) -> 34.166667
A13: Metabolic Health | B13: hsCRP (mg/L) | C13: 2.2 | M13: =C13+(C13/100*18) -> 2.596 | O13: =IF(C13<1,10*(C13/1), IF(C13<3,10+40*(C13-1)/2, 50+50*(MIN(C13,10)-3)/7)) -> 34
A14: Functional Mobility | B14: Gait speed (m/s) | C14: 1.39 | M14: =C14+(C14/100*6) -> 1.4734 | O14: 40
A15: Functional Mobility | B15: Timed Up and Go (sec) | C15: 6.5 | M15: =C15+(C15/100*10) -> 7.15 | O15: =FORECAST(C15, OFFSET(Mobility_Normative_Data!$E$3, MATCH(C15, Mobility_Normative_Data!$G$3:$G$18, 1)-1, 0, 2), OFFSET(Mobility_Normative_Data!$G$3, MATCH(C15, Mobility_Normative_Data!$G$3:$G$18, 1)-1, 0, 2)) -> 40
A16: Functional Mobility | B16: Single leg stance (sec) | C16: 39 | M16: =C16+(C16/100*20) -> 46.8 | O16: =FORECAST(C16, OFFSET(Mobility_Normative_Data!$I$3, MATCH(C16, Mobility_Normative_Data!$K$3:$K$17, -1)-1, 0, 2), OFFSET(Mobility_Normative_Data!$K$3, MATCH(C16, Mobility_Normative_Data!$K$3:$K$17, -1)-1, 0, 2)) -> 40
A17: Functional Mobility | B17: Sit and reach (cm) | C17: 37 | M17: =C17+(C17/100*10) -> 40.7 | O17: =FORECAST(C17, OFFSET(Mobility_Normative_Data!$M$3, MATCH(C17, Mobility_Normative_Data!$O$3:$O$17, -1)-1, 0, 2), OFFSET(Mobility_Normative_Data!$O$3, MATCH(C17, Mobility_Normative_Data!$O$3:$O$17, -1)-1, 0, 2)) -> 40
A18: Cognitive Performance | B18: Processing speed (SD) | C18: 0 | M18: =C18 +(-0.2) -> -0.2 | O18: =MAX(18,B27-(C18*25)) -> 40
A19: Cognitive Performance | B19: Working memory (SD) | C19: 0 | M19: =C19+(-0.2) -> -0.2 | O19: =MAX(18,B27-(J1925)) -> 40
A23: Overall Decline predicitons
B25: Present | C25: 10 years time | D25: 20 Years time | E25: Thirty years | F25: 40 years
A26: Sex | B26: Male
A27: Chronological | B27: 40 | C27: =B27+10 -> 50 | D27: =C27+10 -> 60 | E27: =D27+10 -> 70 | F27: =E27+10 -> 80
A28: Vitality | B28: =R2 -> 40 | C28: =B28+(B28/100*11.5) -> 44.6 | D28: =C28+(C28/100*32.2) -> 58.9612 | E28: =D28+(D28/100*32.2) -> 77.946706 | F28: =E28+(E28/100*32.2) -> 103.04555
A29: Strength | B29: =R3 -> 40 | C29: =B29+(B29/100*12.3) -> 44.92 | D29: =C29+(C29/100*30.8) -> 58.75536 | E29: =D29+(D29/100*30.8) -> 76.852011 | F29: =E29+(E29/100*30.8) -> 100.52243
A30: Metabolic | B30: =R4 -> 38.754143 | C30: =B30+(B30/100*5.5) -> 40.885621 | D30: =C30+(C30/100*11) -> 45.383039 | E30: =D30+(D30/100*11) -> 50.375173 | F30: =E30+(E30/100*11) -> 55.916442
A31: Mobility | B31: =R5 -> 40 | C31: =B31+(B31/100*9.9) -> 43.96 | D31: =C31+(C31/100*19.8) -> 52.66408 | E31: =D31+(D31/100*19.8) -> 63.091568 | F31: =E31+(E31/100*19.8) -> 75.583698 | N31: Graphing
A32: Cognitive | B32: =R6 -> 40 | C32: =B32+(B32/100*20) -> 48 | D32: =C32+(C32/100*60) -> 76.8 | E32: =D32+(D32/100*60) -> 122.88 | F32: =E32+(E32/100*60) -> 196.608 | N32: Chronological Age | O32: Vitality Decline of an average 40 Year old Woman | Q32: Chronological Age | R32: Strength Decline of an average 40 Year old Woman | T32: Chronological Age | U32: Metabolic Decline of an average 40 Year old Woman | W32: Chronological Age | X32: Mobility Decline of an average 40 Year old Woman | Z32: Chronological Age | AA32: Cognitive Decline of an average 40 Year old Woman
N33: =B27 -> 40 | O33: =R2 -> 40 | Q33: =N33 -> 40 | R33: =R3 -> 40 | T33: =N33 -> 40 | U33: =R4 -> 38.754143 | W33: =N33 -> 40 | X33: =R5 -> 40 | Z33: =N33 -> 40 | AA33: =R6 -> 40
N34: =N33+1 -> 41 | O34: =O33+(O33*0.0115) -> 40.46 | Q34: =Q33+1 -> 41 | R34: =R33+(R33*0.0123) -> 40.492 | T34: =T33+1 -> 41 | U34: =U33+(U33*0.0055) -> 38.967291 | W34: =W33+1 -> 41 | X34: =X33+(X33*0.0099) -> 40.396 | Z34: =Z33+1 -> 41 | AA34: =AA33+(AA33*0.02) -> 40.8
N35: =N34+1 -> 42 | O35: =O34+(O34*0.0115) -> 40.92529 | Q35: =Q34+1 -> 42 | R35: =R34+(R34*0.0123) -> 40.990052 | T35: =T34+1 -> 42 | U35: =U34+(U34*0.0055) -> 39.181611 | W35: =W34+1 -> 42 | X35: =X34+(X34*0.0099) -> 40.79592 | Z35: =Z34+1 -> 42 | AA35: =AA34+(AA34*0.02) -> 41.616
A36: Functional Biological Age | N36: =N35+1 -> 43 | O36: =O35+(O35*0.0115) -> 41.395931 | Q36: =Q35+1 -> 43 | R36: =R35+(R35*0.0123) -> 41.494229 | T36: =T35+1 -> 43 | U36: =U35+(U35*0.0055) -> 39.39711 | W36: =W35+1 -> 43 | X36: =X35+(X35*0.0099) -> 41.1998 | Z36: =Z35+1 -> 43 | AA36: =AA35+(AA35*0.02) -> 42.44832
A37: =(B28/100*20)+(B29/100*20)+(B30/100*25)+(B31/100*20)+(B32/100*15) -> 39.688536 | N37: =N36+1 -> 44 | O37: =O36+(O36*0.0115) -> 41.871984 | Q37: =Q36+1 -> 44 | R37: =R36+(R36*0.0123) -> 42.004608 | T37: =T36+1 -> 44 | U37: =U36+(U36*0.0055) -> 39.613794 | W37: =W36+1 -> 44 | X37: =X36+(X36*0.0099) -> 41.607678 | Z37: =Z36+1 -> 44 | AA37: =AA36+(AA36*0.02) -> 43.297286
N38: =N37+1 -> 45 | O38: =O37+(O37*0.0115) -> 42.353512 | Q38: =Q37+1 -> 45 | R38: =R37+(R37*0.0123) -> 42.521265 | T38: =T37+1 -> 45 | U38: =U37+(U37*0.0055) -> 39.83167 | W38: =W37+1 -> 45 | X38: =X37+(X37*0.0099) -> 42.019594 | Z38: =Z37+1 -> 45 | AA38: =AA37+(AA37*0.02) -> 44.163232
N39: =N38+1 -> 46 | O39: =O38+(O38*0.0115) -> 42.840577 | Q39: =Q38+1 -> 46 | R39: =R38+(R38*0.0123) -> 43.044276 | T39: =T38+1 -> 46 | U39: =U38+(U38*0.0055) -> 40.050744 | W39: =W38+1 -> 46 | X39: =X38+(X38*0.0099) -> 42.435588 | Z39: =Z38+1 -> 46 | AA39: =AA38+(AA38*0.02) -> 45.046497
N40: =N39+1 -> 47 | O40: =O39+(O39*0.0115) -> 43.333244 | Q40: =Q39+1 -> 47 | R40: =R39+(R39*0.0123) -> 43.573721 | T40: =T39+1 -> 47 | U40: =U39+(U39*0.0055) -> 40.271023 | W40: =W39+1 -> 47 | X40: =X39+(X39*0.0099) -> 42.8557 | Z40: =Z39+1 -> 47 | AA40: =AA39+(AA39*0.02) -> 45.947427
N41: =N40+1 -> 48 | O41: =O40+(O40*0.0115) -> 43.831576 | Q41: =Q40+1 -> 48 | R41: =R40+(R40*0.0123) -> 44.109678 | T41: =T40+1 -> 48 | U41: =U40+(U40*0.0055) -> 40.492513 | W41: =W40+1 -> 48 | X41: =X40+(X40*0.0099) -> 43.279972 | Z41: =Z40+1 -> 48 | AA41: =AA40+(AA40*0.02) -> 46.866375
B42: Age | C42: Vitality | D42: Age | E42: Strength | F42: Age | G42: Metabolic | H42: Age | I42: Mobility | J42: Age | K42: Cognitive | N42: =N41+1 -> 49 | O42: =O41+(O41*0.0115) -> 44.335639 | Q42: =Q41+1 -> 49 | R42: =R41+(R41*0.0123) -> 44.652227 | T42: =T41+1 -> 49 | U42: =U41+(U41*0.0055) -> 40.715222 | W42: =W41+1 -> 49 | X42: =X41+(X41*0.0099) -> 43.708444 | Z42: =Z41+1 -> 49 | AA42: =AA41+(AA41*0.02) -> 47.803703
B43: =B27 -> 40 | C43: =B28 -> 40 | D43: =B43 -> 40 | E43: =B29 -> 40 | F43: =B27 -> 40 | G43: =B30 -> 38.754143 | H43: =B27 -> 40 | I43: =B31 -> 40 | J43: =B27 -> 40 | K43: =B32 -> 40 | N43: =N42+1 -> 50 | O43: =O42+(O42*0.0115) -> 44.845499 | Q43: =Q42+1 -> 50 | R43: =R42+(R42*0.0123) -> 45.201449 | T43: =T42+1 -> 50 | U43: =U42+(U42*0.0055) -> 40.939156 | W43: =W42+1 -> 50 | X43: =X42+(X42*0.0099) -> 44.141157 | Z43: =Z42+1 -> 50 | AA43: =AA42+(AA42*0.02) -> 48.759777
B44: =C27 -> 50 | C44: =C28 -> 44.6 | D44: =B44 -> 50 | E44: =C29 -> 44.92 | F44: =C27 -> 50 | G44: =C30 -> 40.885621 | H44: =C27 -> 50 | I44: =C31 -> 43.96 | J44: =C27 -> 50 | K44: =C32 -> 48
B45: =D27 -> 60 | C45: =D28 -> 58.9612 | D45: =D27 -> 60 | E45: =D29 -> 58.75536 | F45: =D27 -> 60 | G45: =D30 -> 45.383039 | H45: =D27 -> 60 | I45: =D31 -> 52.66408 | J45: =D27 -> 60 | K45: =D32 -> 76.8
B46: =E27 -> 70 | C46: =E28 -> 77.946706 | D46: =E27 -> 70 | E46: =E29 -> 76.852011 | F46: =E27 -> 70 | G46: =E30 -> 50.375173 | H46: =E27 -> 70 | I46: =E31 -> 63.091568 | J46: =E27 -> 70 | K46: =E32 -> 122.88
B47: =F27 -> 80 | C47: =F28 -> 103.04555 | D47: =F27 -> 80 | E47: =F29 -> 100.52243 | F47: =F27 -> 80 | G47: =F31 -> 75.583698 | H47: =F27 -> 80 | I47: =F31 -> 75.583698 | J47: =F27 -> 80 | K47: =F32 -> 196.608

Sheet Average_45_Year_Old_Man_Pro
A1: Pillar | B1: Metric | D1: 1 | E1: 2 | F1: 3 | G1: 4 | H1: 5 | I1: 6 | J1: 7 | K1: 8 | L1: 9 | M1: 10 | R1: Combined Scores
A2: Vitality | B2: VO2 max (ml/kg/min) | C2: 39.5 | D2: =C2-(C2/100*D1) -> 39.105 | E2: =D2-(D2/100*E1) -> 38.3229 | F2: =E2-(E2/100*F1) -> 37.173213 | G2: =F2-(F2/100*G1) -> 35.686284 | H2: =G2-(G2/100*H1) -> 33.90197 | I2: =H2-(H2/100*I1) -> 31.867852 | J2: =I2-(I2/100*J1) -> 29.637102 | K2: =J2-(J2/100*K1) -> 27.266134 | ... M2: =L2-(L2/100*M1) -> 22.330964 | Q2: Vitality | R2: =B27+ ((1 -((C2 / 39.5) * 0.7 )-((C3 / 100) * 0.3 )) * 100) -> 45
A3: Vitality | B3: FEV1 (% predicted) | C3: 100 | D3: =C3-(C3/100*D1) -> 99 | E3: =D3-(D3/100*E1) -> 97.02 | F3: =E3-(E3/100*F1) -> 94.1094 | G3: =F3-(F3/100*G1) -> 90.345024 | H3: =G3-(G3/100*H1) -> 85.827773 | I3: =H3-(H3/100*I1) -> 80.678106 | J3: =I3-(I3/100*J1) -> 75.030639 | K3: =J3-(J3/100*K1) -> 69.028188 | ... M3: =L3-(L3/100*M1) -> 56.534086 | Q3: Strength | R3: =((O4/100*50)+(O5/100*25)+(O6/100*25)) -> 45 | T3: Functional Biological Age
A4: Strength & Power | B4: Grip strength (kg) | C4: 47 | D4: =C4-(C4/100*D1) -> 46.53 | E4: =D4-(D4/100*E1) -> 45.5994 | F4: =E4-(E4/100*F1) -> 44.231418 | G4: =F4-(F4/100*G1) -> 42.462161 | H4: =G4-(G4/100*H1) -> 40.339053 | I4: =H4-(H4/100*I1) -> 37.91871 | J4: =I4-(I4/100*J1) -> 35.2644 | K4: =J4-(J4/100*K1) -> 32.443248 | ... M4: =L4-(L4/100*M1) -> 26.57102 | O4: =IF(B27<30, FORECAST(C4, OFFSET(Strength_Normative_Data!$A$3, MATCH(C4, Strength_Normative_Data!$B$3:$B$5, 1)-1, 0, 2), OFFSET(Strength_Normative_Data!$B$3, MATCH(C4, Strength_Normative_Data!$B$3:$B$5, 1)-1, 0, 2)), FORECAST(C4, OFFSET(Strength_Normative_Data!$A$5, MATCH(C4, Strength_Normative_Data!$B$5:$B$16, -1)-1, 0, 2), OFFSET(Strength_Normative_Data!$B$5, MATCH(C4, Strength_Normative_Data!$B$5:$B$16, -1)-1, 0, 2))) -> 45 | Q4: Metabolic | R4: =B27 - 9*R11 -> 46.337143 | T4: =(R2/100*20)+(R3/100*20)+(R4/100*25)+(R5/100*20)+(R6/100*15) -> 45.334286
A5: Strength & Power | B5: STS Power (W/kg) | C5: 3.3 | M5: =C5-(C5/100*12) -> 2.904 | O5: =FORECAST(C5, OFFSET(Strength_Normative_Data!$O$3, MATCH(C5, Strength_Normative_Data!$P$3:$P$17, -1)-1, 0, 2), OFFSET(Strength_Normative_Data!$P$3, MATCH(C5, Strength_Normative_Data!$P$3:$P$17, -1)-1, 0, 2)) -> 45 | Q5: Functional Mobility | R5: =((O14/100*30)+(O15/100*25)+(O16/100*30)+(O17/100*15)) -> 45
A6: Strength & Power | B6: Vertical jump (cm) | C6: 41.5 | M6: =C6-(C6/100*12) -> 36.52 | O6: =FORECAST(C6, OFFSET(Strength_Normative_Data!$J$3, MATCH(C6, Strength_Normative_Data!$K$3:$K$16, -1)-1, 0, 2), OFFSET(Strength_Normative_Data!$K$3, MATCH(C6, Strength_Normative_Data!$K$3:$K$16, -1)-1, 0, 2)) -> 45 | Q6: Cognitive | R6: =((O18/100*60)+(O19/100*40)) -> 45
A7: Metabolic Health | B7: Body fat (%) | C7: 23 | M7: =C7+(C7/100*6) -> 24.38
A8: Metabolic Health | B8: Waist to height ratio | C8: 0.6 | M8: =C8+(C8/100*4) -> 0.624 | O8: =IF(C8<=0.4,0, IF(C8<=0.5,20*(C8-0.4)/0.1, IF(C8<=0.6,20+40*(C8-0.5)/0.1, 60+40*(MIN(C8,0.75)-0.6)/0.15))) -> 60
A9: Metabolic Health | B9: Fasting glucose (mmol/L) | C9: 5.6
A10: Metabolic Health | B10: HbA1c (%) | C10: 5.9 | M10: =C10+(C10/100*5) -> 6.195 | O10: =IF(C10<5.7,10*(C10/5.7), IF(C10<6.5,10+40*(C10-5.7)/0.8, 50+50*(MIN(C10,9)-6.5)/2.5)) -> 20 | Q10: Metabolic Index | R10: Metabolic Z score
A11: Metabolic Health | B11: HOMA IR | C11: 2.5 | M11: =C11+(C11/100*14) -> 2.85 | O11: =IF(C11<1.6,10*(C11/1.6), IF(C11<3,10+40*(C11-1.6)/1.4, 50+50*(MIN(C11,7)-3)/4)) -> 35.714286 | Q11: =(0.3*P12)+(0.2*O8)+(0.15*O10)+(0.25*O11)+(0.1*O13) -> 42.428571 | R11: =IF(Q11<=10,1.5-0.1*Q11, IF(Q11<=60,0.5-0.02*(Q11-10), -0.5-0.03*(Q11-60))) -> -0.14857143
A12: Metabolic Health | B12: ApoB (g/L) | C12: 1.3 | M12: =C12+(C12/100*6) -> 1.378 | O12: =C12*100 -> 130 | P12: =IF(O12<80,5*(O12/80), IF(O12<100,10+20*(O12-80)/20, IF(O12<130,30+25*(O12-100)/30, IF(O12<160,55+25*(O12-130)/30, IF(O12<200,80+20*(O12-160)/40,100))))) -> 55
A13: Metabolic Health | B13: hsCRP (mg/L) | C13: 1.5 | M13: =C13+(C13/100*18) -> 1.77 | O13: =IF(C13<1,10*(C13/1), IF(C13<3,10+40*(C13-1)/2, 50+50*(MIN(C13,10)-3)/7)) -> 20
A14: Functional Mobility | B14: Gait speed (m/s) | C14: 1.43 | M14: =C14+(C14/100*6) -> 1.5158 | O14: 45
A15: Functional Mobility | B15: Timed Up and Go (sec) | C15: 6.5 | M15: =C15+(C15/100*10) -> 7.15 | O15: =FORECAST(C15, OFFSET(Mobility_Normative_Data!$E$3, MATCH(C15, Mobility_Normative_Data!$F$3:$F$18, 1)-1, 0, 2), OFFSET(Mobility_Normative_Data!$F$3, MATCH(C15, Mobility_Normative_Data!$F$3:$F$18, 1)-1, 0, 2)) -> 45
A16: Functional Mobility | B16: Single leg stance (sec) | C16: 37 | M16: =C16+(C16/100*20) -> 44.4 | O16: =FORECAST(C16, OFFSET(Mobility_Normative_Data!$I$3, MATCH(C16, Mobility_Normative_Data!$J$3:$J$17, -1)-1, 0, 2), OFFSET(Mobility_Normative_Data!$J$3, MATCH(C16, Mobility_Normative_Data!$J$3:$J$17, -1)-1, 0, 2)) -> 45
A17: Functional Mobility | B17: Sit and reach (cm) | C17: 32.5 | M17: =C17+(C17/100*10) -> 35.75 | O17: =FORECAST(C17, OFFSET(Mobility_Normative_Data!$M$3, MATCH(C17, Mobility_Normative_Data!$N$3:$N$17, -1)-1, 0, 2), OFFSET(Mobility_Normative_Data!$N$3, MATCH(C17, Mobility_Normative_Data!$N$3:$N$17, -1)-1, 0, 2)) -> 45
A18: Cognitive Performance | B18: Processing speed (SD) | C18: 0 | M18: =C18 +(-0.2) -> -0.2 | O18: =MAX(18,B27-(C18*25)) -> 45
A19: Cognitive Performance | B19: Working memory (SD) | C19: 0 | M19: =C19+(-0.2) -> -0.2 | O19: =MAX(18,B27-(J1925)) -> 45
A23: Overall Decline predicitons
B25: Present | C25: 10 years time | D25: 20 Years time | E25: Thirty years | F25: 40 years
A26: Sex | B26: Male
A27: Chronological | B27: 45 | C27: =B27+10 -> 55 | D27: =C27+10 -> 65 | E27: =D27+10 -> 75 | F27: =E27+10 -> 85
A28: Vitality | B28: =R2 -> 45 | C28: =B28+(B28/100*11.5) -> 50.175 | D28: =C28+(C28/100*32.2) -> 66.33135 | E28: =D28+(D28/100*32.2) -> 87.690045 | F28: =E28+(E28/100*32.2) -> 115.92624
A29: Strength | B29: =R3 -> 45 | C29: =B29+(B29/100*12.3) -> 50.535 | D29: =C29+(C29/100*30.8) -> 66.09978 | E29: =D29+(D29/100*30.8) -> 86.458512 | F29: =E29+(E29/100*30.8) -> 113.08773
A30: Metabolic | B30: =R4 -> 46.337143 | C30: =B30+(B30/100*5.5) -> 48.885686 | D30: =C30+(C30/100*11) -> 54.263111 | E30: =D30+(D30/100*11) -> 60.232053 | F30: =E30+(E30/100*11) -> 66.857579
A31: Mobility | B31: =R5 -> 45 | C31: =B31+(B31/100*9.9) -> 49.455 | D31: =C31+(C31/100*19.8) -> 59.24709 | E31: =D31+(D31/100*19.8) -> 70.978014 | F31: =E31+(E31/100*19.8) -> 85.031661 | N31: Graphing
A32: Cognitive | B32: =R6 -> 45 | C32: =B32+(B32/100*20) -> 54 | D32: =C32+(C32/100*60) -> 86.4 | E32: =D32+(D32/100*60) -> 138.24 | F32: =E32+(E32/100*60) -> 221.184 | N32: Chronological Age | O32: Vitality Decline of an average 40 Year old Man | Q32: Chronological Age | R32: Strength Decline of an average 40 Year old Man | T32: Chronological Age | U32: Metabolic Decline of an average 40 Year old Man | W32: Chronological Age | X32: Mobility Decline of an average 40 Year old Man | Z32: Chronological Age | AA32: Cognitive Decline of an average 40 Year old Man
N33: =B27 -> 45 | O33: =R2 -> 45 | Q33: =N33 -> 45 | R33: =R3 -> 45 | T33: =N33 -> 45 | U33: =R4 -> 46.337143 | W33: =N33 -> 45 | X33: =R5 -> 45 | Z33: =N33 -> 45 | AA33: =R6 -> 45
N34: =N33+1 -> 46 | O34: =O33+(O33*0.0115) -> 45.5175 | Q34: =Q33+1 -> 46 | R34: =R33+(R33*0.0123) -> 45.5535 | T34: =T33+1 -> 46 | U34: =U33+(U33*0.0055) -> 46.591997 | W34: =W33+1 -> 46 | X34: =X33+(X33*0.0099) -> 45.4455 | Z34: =Z33+1 -> 46 | AA34: =AA33+(AA33*0.02) -> 45.9
N35: =N34+1 -> 47 | O35: =O34+(O34*0.0115) -> 46.040951 | Q35: =Q34+1 -> 47 | R35: =R34+(R34*0.0123) -> 46.113808 | T35: =T34+1 -> 47 | U35: =U34+(U34*0.0055) -> 46.848253 | W35: =W34+1 -> 47 | X35: =X34+(X34*0.0099) -> 45.89541 | Z35: =Z34+1 -> 47 | AA35: =AA34+(AA34*0.02) -> 46.818
A36: Functional Biological Age | N36: =N35+1 -> 48 | O36: =O35+(O35*0.0115) -> 46.570422 | Q36: =Q35+1 -> 48 | R36: =R35+(R35*0.0123) -> 46.681008 | T36: =T35+1 -> 48 | U36: =U35+(U35*0.0055) -> 47.105919 | W36: =W35+1 -> 48 | X36: =X35+(X35*0.0099) -> 46.349775 | Z36: =Z35+1 -> 48 | AA36: =AA35+(AA35*0.02) -> 47.75436
A37: =(B28/100*20)+(B29/100*20)+(B30/100*25)+(B31/100*20)+(B32/100*15) -> 45.334286 | N37: =N36+1 -> 49 | O37: =O36+(O36*0.0115) -> 47.105982 | Q37: =Q36+1 -> 49 | R37: =R36+(R36*0.0123) -> 47.255184 | T37: =T36+1 -> 49 | U37: =U36+(U36*0.0055) -> 47.365001 | W37: =W36+1 -> 49 | X37: =X36+(X36*0.0099) -> 46.808638 | Z37: =Z36+1 -> 49 | AA37: =AA36+(AA36*0.02) -> 48.709447
N38: =N37+1 -> 50 | O38: =O37+(O37*0.0115) -> 47.647701 | Q38: =Q37+1 -> 50 | R38: =R37+(R37*0.0123) -> 47.836423 | T38: =T37+1 -> 50 | U38: =U37+(U37*0.0055) -> 47.625509 | W38: =W37+1 -> 50 | X38: =X37+(X37*0.0099) -> 47.272043 | Z38: =Z37+1 -> 50 | AA38: =AA37+(AA37*0.02) -> 49.683636
N39: =N38+1 -> 51 | O39: =O38+(O38*0.0115) -> 48.195649 | Q39: =Q38+1 -> 51 | R39: =R38+(R38*0.0123) -> 48.424811 | T39: =T38+1 -> 51 | U39: =U38+(U38*0.0055) -> 47.887449 | W39: =W38+1 -> 51 | X39: =X38+(X38*0.0099) -> 47.740037 | Z39: =Z38+1 -> 51 | AA39: =AA38+(AA38*0.02) -> 50.677309
N40: =N39+1 -> 52 | O40: =O39+(O39*0.0115) -> 48.749899 | Q40: =Q39+1 -> 52 | R40: =R39+(R39*0.0123) -> 49.020436 | T40: =T39+1 -> 52 | U40: =U39+(U39*0.0055) -> 48.15083 | W40: =W39+1 -> 52 | X40: =X39+(X39*0.0099) -> 48.212663 | Z40: =Z39+1 -> 52 | AA40: =AA39+(AA39*0.02) -> 51.690855
N41: =N40+1 -> 53 | O41: =O40+(O40*0.0115) -> 49.310523 | Q41: =Q40+1 -> 53 | R41: =R40+(R40*0.0123) -> 49.623388 | T41: =T40+1 -> 53 | U41: =U40+(U40*0.0055) -> 48.415659 | W41: =W40+1 -> 53 | X41: =X40+(X40*0.0099) -> 48.689968 | Z41: =Z40+1 -> 53 | AA41: =AA40+(AA40*0.02) -> 52.724672
B42: Age | C42: Vitality | D42: Age | E42: Strength | F42: Age | G42: Metabolic | H42: Age | I42: Mobility | J42: Age | K42: Cognitive | N42: =N41+1 -> 54 | O42: =O41+(O41*0.0115) -> 49.877594 | Q42: =Q41+1 -> 54 | R42: =R41+(R41*0.0123) -> 50.233755 | T42: =T41+1 -> 54 | U42: =U41+(U41*0.0055) -> 48.681946 | W42: =W41+1 -> 54 | X42: =X41+(X41*0.0099) -> 49.171999 | Z42: =Z41+1 -> 54 | AA42: =AA41+(AA41*0.02) -> 53.779166
B43: =B27 -> 45 | C43: =B28 -> 45 | D43: =B43 -> 45 | E43: =B29 -> 45 | F43: =B27 -> 45 | G43: =B30 -> 46.337143 | H43: =B27 -> 45 | I43: =B31 -> 45 | J43: =B27 -> 45 | K43: =B32 -> 45 | N43: =N42+1 -> 55 | O43: =O42+(O42*0.0115) -> 50.451187 | Q43: =Q42+1 -> 55 | R43: =R42+(R42*0.0123) -> 50.85163 | T43: =T42+1 -> 55 | U43: =U42+(U42*0.0055) -> 48.949696 | W43: =W42+1 -> 55 | X43: =X42+(X42*0.0099) -> 49.658802 | Z43: =Z42+1 -> 55 | AA43: =AA42+(AA42*0.02) -> 54.854749
B44: =C27 -> 55 | C44: =C28 -> 50.175 | D44: =B44 -> 55 | E44: =C29 -> 50.535 | F44: =C27 -> 55 | G44: =C30 -> 48.885686 | H44: =C27 -> 55 | I44: =C31 -> 49.455 | J44: =C27 -> 55 | K44: =C32 -> 54
B45: =D27 -> 65 | C45: =D28 -> 66.33135 | D45: =D27 -> 65 | E45: =D29 -> 66.09978 | F45: =D27 -> 65 | G45: =D30 -> 54.263111 | H45: =D27 -> 65 | I45: =D31 -> 59.24709 | J45: =D27 -> 65 | K45: =D32 -> 86.4
B46: =E27 -> 75 | C46: =E28 -> 87.690045 | D46: =E27 -> 75 | E46: =E29 -> 86.458512 | F46: =E27 -> 75 | G46: =E30 -> 60.232053 | H46: =E27 -> 75 | I46: =E31 -> 70.978014 | J46: =E27 -> 75 | K46: =E32 -> 138.24
B47: =F27 -> 85 | C47: =F28 -> 115.92624 | D47: =F27 -> 85 | E47: =F29 -> 113.08773 | F47: =F27 -> 85 | G47: =F31 -> 85.031661 | H47: =F27 -> 85 | I47: =F31 -> 85.031661 | J47: =F27 -> 85 | K47: =F32 -> 221.184

Sheet Average_45_Year_Old_Woman_P
A1: Pillar | B1: Metric | D1: 1 | E1: 2 | F1: 3 | G1: 4 | H1: 5 | I1: 6 | J1: 7 | K1: 8 | L1: 9 | M1: 10 | R1: Combined Scores
A2: Vitality | B2: VO2 max (ml/kg/min) | C2: 30.6 | D2: =C2-(C2/100*D1) -> 30.294 | E2: =D2-(D2/100*E1) -> 29.68812 | F2: =E2-(E2/100*F1) -> 28.797476 | G2: =F2-(F2/100*G1) -> 27.645577 | H2: =G2-(G2/100*H1) -> 26.263298 | I2: =H2-(H2/100*I1) -> 24.687501 | J2: =I2-(I2/100*J1) -> 22.959376 | K2: =J2-(J2/100*K1) -> 21.122625 | ... M2: =L2-(L2/100*M1) -> 17.29943 | Q2: Vitality | R2: =B27+ ((1 -((C2 / 30.6) * 0.7 )-((C3 / 100) * 0.3 )) * 100) -> 45
A3: Vitality | B3: FEV1 (% predicted) | C3: 100 | D3: =C3-(C3/100*D1) -> 99 | E3: =D3-(D3/100*E1) -> 97.02 | F3: =E3-(E3/100*F1) -> 94.1094 | G3: =F3-(F3/100*G1) -> 90.345024 | H3: =G3-(G3/100*H1) -> 85.827773 | I3: =H3-(H3/100*I1) -> 80.678106 | J3: =I3-(I3/100*J1) -> 75.030639 | K3: =J3-(J3/100*K1) -> 69.028188 | ... M3: =L3-(L3/100*M1) -> 56.534086 | Q3: Strength | R3: =((O4/100*50)+(O5/100*25)+(O6/100*25)) -> 45 | T3: Functional Biological Age
A4: Strength & Power | B4: Grip strength (kg) | C4: 29 | D4: =C4-(C4/100*D1) -> 28.71 | E4: =D4-(D4/100*E1) -> 28.1358 | F4: =E4-(E4/100*F1) -> 27.291726 | G4: =F4-(F4/100*G1) -> 26.200057 | H4: =G4-(G4/100*H1) -> 24.890054 | I4: =H4-(H4/100*I1) -> 23.396651 | J4: =I4-(I4/100*J1) -> 21.758885 | K4: =J4-(J4/100*K1) -> 20.018174 | ... M4: =L4-(L4/100*M1) -> 16.394885 | O4: =IF(B27<30, FORECAST(C4, OFFSET(Strength_Normative_Data!$A$3, MATCH(C4, Strength_Normative_Data!$C$3:$C$5, 1)-1, 0, 2), OFFSET(Strength_Normative_Data!$C$3, MATCH(C4, Strength_Normative_Data!$C$3:$C$5, 1)-1, 0, 2)), FORECAST(C4, OFFSET(Strength_Normative_Data!$A$5, MATCH(C4, Strength_Normative_Data!$C$5:$C$16, -1)-1, 0, 2), OFFSET(Strength_Normative_Data!$C$5, MATCH(C4, Strength_Normative_Data!$C$5:$C$16, -1)-1, 0, 2))) -> 45 | Q4: Metabolic | R4: =B27 - 9*R11 -> 43.754143 | T4: =(R2/100*20)+(R3/100*20)+(R4/100*25)+(R5/100*20)+(R6/100*15) -> #N/A
A5: Strength & Power | B5: STS Power (W/kg) | C5: 2.55 | M5: =C5-(C5/100*12) -> 2.244 | O5: =FORECAST(C5, OFFSET(Strength_Normative_Data!$O$3, MATCH(C5, Strength_Normative_Data!$Q$3:$Q$17, -1)-1, 0, 2), OFFSET(Strength_Normative_Data!$Q$3, MATCH(C5, Strength_Normative_Data!$Q$3:$Q$17, -1)-1, 0, 2)) -> 45 | Q5: Functional Mobility | R5: =((O14/100*30)+(O15/100*25)+(O16/100*30)+(O17/100*15)) -> #N/A
A6: Strength & Power | B6: Vertical jump (cm) | C6: 26 | M6: =C6-(C6/100*12) -> 22.88 | O6: =FORECAST(C6, OFFSET(Strength_Normative_Data!$J$3, MATCH(C6, Strength_Normative_Data!$L$3:$L$16, -1)-1, 0, 2), OFFSET(Strength_Normative_Data!$L$3, MATCH(C6, Strength_Normative_Data!$L$3:$L$16, -1)-1, 0, 2)) -> 45 | Q6: Cognitive | R6: =((O18/100*60)+(O19/100*40)) -> 45
A7: Metabolic Health | B7: Body fat (%) | C7: 34 | M7: =C7+(C7/100*6) -> 36.04
A8: Metabolic Health | B8: Waist to height ratio | C8: 0.5 | M8: =C8+(C8/100*4) -> 0.52 | O8: =IF(C8<=0.4,0, IF(C8<=0.5,20*(C8-0.4)/0.1, IF(C8<=0.6,20+40*(C8-0.5)/0.1, 60+40*(MIN(C8,0.75)-0.6)/0.15))) -> 20
A9: Metabolic Health | B9: Fasting glucose (mmol/L) | C9: 5.6
A10: Metabolic Health | B10: HbA1c (%) | C10: 5.7 | M10: =C10+(C10/100*5) -> 5.985 | O10: =IF(C10<5.7,10*(C10/5.7), IF(C10<6.5,10+40*(C10-5.7)/0.8, 50+50*(MIN(C10,9)-6.5)/2.5)) -> 10 | Q10: Metabolic Index | R10: Metabolic Z score
A11: Metabolic Health | B11: HOMA IR | C11: 2.5 | M11: =C11+(C11/100*14) -> 2.85 | O11: =IF(C11<1.6,10*(C11/1.6), IF(C11<3,10+40*(C11-1.6)/1.4, 50+50*(MIN(C11,7)-3)/4)) -> 35.714286 | Q11: =(0.3*P12)+(0.2*O8)+(0.15*O10)+(0.25*O11)+(0.1*O13) -> 28.078571 | R11: =IF(Q11<=10,1.5-0.1*Q11, IF(Q11<=60,0.5-0.02*(Q11-10), -0.5-0.03*(Q11-60))) -> 0.13842857
A12: Metabolic Health | B12: ApoB (g/L) | C12: 1.05 | M12: =C12+(C12/100*6) -> 1.113 | O12: =C12*100 -> 105 | P12: =IF(O12<80,5*(O12/80), IF(O12<100,10+20*(O12-80)/20, IF(O12<130,30+25*(O12-100)/30, IF(O12<160,55+25*(O12-130)/30, IF(O12<200,80+20*(O12-160)/40,100))))) -> 34.166667
A13: Metabolic Health | B13: hsCRP (mg/L) | C13: 2.2 | M13: =C13+(C13/100*18) -> 2.596 | O13: =IF(C13<1,10*(C13/1), IF(C13<3,10+40*(C13-1)/2, 50+50*(MIN(C13,10)-3)/7)) -> 34
A14: Functional Mobility | B14: Gait speed (m/s) | C14: 1.39 | M14: =C14+(C14/100*6) -> 1.4734 | O14: =IFERROR(FORECAST(C14, OFFSET(Mobility_Normative_Data!$A$3, MATCH(C14, Mobility_Normative_Data!$C$3:$C$17, -1)-1, 0, 2), OFFSET(Mobility_Normative_Data!$C$3, MATCH(C14, Mobility_Normative_Data!$C$3:$C$17, -1)-1, 0, 2)), INDEX(Mobility_Normative_Data!$A$3:$A$17, MATCH(C14, Mobility_Normative_Data!$C$3:$C$17, -1))) -> #N/A
A15: Functional Mobility | B15: Timed Up and Go (sec) | C15: 7 | M15: =C15+(C15/100*10) -> 7.7 | O15: =FORECAST(C15, OFFSET(Mobility_Normative_Data!$E$3, MATCH(C15, Mobility_Normative_Data!$G$3:$G$18, 1)-1, 0, 2), OFFSET(Mobility_Normative_Data!$G$3, MATCH(C15, Mobility_Normative_Data!$G$3:$G$18, 1)-1, 0, 2)) -> 45
A16: Functional Mobility | B16: Single leg stance (sec) | C16: 37 | M16: =C16+(C16/100*20) -> 44.4 | O16: =FORECAST(C16, OFFSET(Mobility_Normative_Data!$I$3, MATCH(C16, Mobility_Normative_Data!$K$3:$K$17, -1)-1, 0, 2), OFFSET(Mobility_Normative_Data!$K$3, MATCH(C16, Mobility_Normative_Data!$K$3:$K$17, -1)-1, 0, 2)) -> 45
A17: Functional Mobility | B17: Sit and reach (cm) | C17: 35.5 | M17: =C17+(C17/100*10) -> 39.05 | O17: =FORECAST(C17, OFFSET(Mobility_Normative_Data!$M$3, MATCH(C17, Mobility_Normative_Data!$O$3:$O$17, -1)-1, 0, 2), OFFSET(Mobility_Normative_Data!$O$3, MATCH(C17, Mobility_Normative_Data!$O$3:$O$17, -1)-1, 0, 2)) -> 45
A18: Cognitive Performance | B18: Processing speed (SD) | C18: 0 | M18: =C18 +(-0.2) -> -0.2 | O18: =MAX(18,B27-(C18*25)) -> 45
A19: Cognitive Performance | B19: Working memory (SD) | C19: 0 | M19: =C19+(-0.2) -> -0.2 | O19: =MAX(18,B27-(J1925)) -> 45
A23: Overall Decline predicitons
B25: Present | C25: 10 years time | D25: 20 Years time | E25: Thirty years | F25: 40 years
A26: Sex | B26: Male
A27: Chronological | B27: 45 | C27: =B27+10 -> 55 | D27: =C27+10 -> 65 | E27: =D27+10 -> 75 | F27: =E27+10 -> 85
A28: Vitality | B28: =R2 -> 45 | C28: =B28+(B28/100*11.5) -> 50.175 | D28: =C28+(C28/100*32.2) -> 66.33135 | E28: =D28+(D28/100*32.2) -> 87.690045 | F28: =E28+(E28/100*32.2) -> 115.92624
A29: Strength | B29: =R3 -> 45 | C29: =B29+(B29/100*12.3) -> 50.535 | D29: =C29+(C29/100*30.8) -> 66.09978 | E29: =D29+(D29/100*30.8) -> 86.458512 | F29: =E29+(E29/100*30.8) -> 113.08773
A30: Metabolic | B30: =R4 -> 43.754143 | C30: =B30+(B30/100*5.5) -> 46.160621 | D30: =C30+(C30/100*11) -> 51.238289 | E30: =D30+(D30/100*11) -> 56.874501 | F30: =E30+(E30/100*11) -> 63.130696
A31: Mobility | B31: =R5 -> #N/A | C31: =B31+(B31/100*9.9) -> #N/A | D31: =C31+(C31/100*19.8) -> #N/A | E31: =D31+(D31/100*19.8) -> #N/A | F31: =E31+(E31/100*19.8) -> #N/A | N31: Graphing
A32: Cognitive | B32: =R6 -> 45 | C32: =B32+(B32/100*20) -> 54 | D32: =C32+(C32/100*60) -> 86.4 | E32: =D32+(D32/100*60) -> 138.24 | F32: =E32+(E32/100*60) -> 221.184 | N32: Chronological Age | O32: Vitality Decline of an average 50 Year old Woman | Q32: Chronological Age | R32: Strength Decline of an average 50 Year old Woman | T32: Chronological Age | U32: Metabolic Decline of an average 50 Year old Woman | W32: Chronological Age | X32: Mobility Decline of an average 50 Year old Woman | Z32: Chronological Age | AA32: Cognitive Decline of an average 50 Year old Woman
N33: =B27 -> 45 | O33: =R2 -> 45 | Q33: =N33 -> 45 | R33: =R3 -> 45 | T33: =N33 -> 45 | U33: =R4 -> 43.754143 | W33: =N33 -> 45 | X33: =R5 -> #N/A | Z33: =N33 -> 45 | AA33: =R6 -> 45
N34: =N33+1 -> 46 | O34: =O33+(O33*0.0115) -> 45.5175 | Q34: =Q33+1 -> 46 | R34: =R33+(R33*0.0123) -> 45.5535 | T34: =T33+1 -> 46 | U34: =U33+(U33*0.0055) -> 43.994791 | W34: =W33+1 -> 46 | X34: =X33+(X33*0.0099) -> #N/A | Z34: =Z33+1 -> 46 | AA34: =AA33+(AA33*0.02) -> 45.9
N35: =N34+1 -> 47 | O35: =O34+(O34*0.0115) -> 46.040951 | Q35: =Q34+1 -> 47 | R35: =R34+(R34*0.0123) -> 46.113808 | T35: =T34+1 -> 47 | U35: =U34+(U34*0.0055) -> 44.236762 | W35: =W34+1 -> 47 | X35: =X34+(X34*0.0099) -> #N/A | Z35: =Z34+1 -> 47 | AA35: =AA34+(AA34*0.02) -> 46.818
A36: Functional Biological Age | N36: =N35+1 -> 48 | O36: =O35+(O35*0.0115) -> 46.570422 | Q36: =Q35+1 -> 48 | R36: =R35+(R35*0.0123) -> 46.681008 | T36: =T35+1 -> 48 | U36: =U35+(U35*0.0055) -> 44.480064 | W36: =W35+1 -> 48 | X36: =X35+(X35*0.0099) -> #N/A | Z36: =Z35+1 -> 48 | AA36: =AA35+(AA35*0.02) -> 47.75436
A37: =(B28/100*20)+(B29/100*20)+(B30/100*25)+(B31/100*20)+(B32/100*15) -> #N/A | N37: =N36+1 -> 49 | O37: =O36+(O36*0.0115) -> 47.105982 | Q37: =Q36+1 -> 49 | R37: =R36+(R36*0.0123) -> 47.255184 | T37: =T36+1 -> 49 | U37: =U36+(U36*0.0055) -> 44.724705 | W37: =W36+1 -> 49 | X37: =X36+(X36*0.0099) -> #N/A | Z37: =Z36+1 -> 49 | AA37: =AA36+(AA36*0.02) -> 48.709447
N38: =N37+1 -> 50 | O38: =O37+(O37*0.0115) -> 47.647701 | Q38: =Q37+1 -> 50 | R38: =R37+(R37*0.0123) -> 47.836423 | T38: =T37+1 -> 50 | U38: =U37+(U37*0.0055) -> 44.97069 | W38: =W37+1 -> 50 | X38: =X37+(X37*0.0099) -> #N/A | Z38: =Z37+1 -> 50 | AA38: =AA37+(AA37*0.02) -> 49.683636
N39: =N38+1 -> 51 | O39: =O38+(O38*0.0115) -> 48.195649 | Q39: =Q38+1 -> 51 | R39: =R38+(R38*0.0123) -> 48.424811 | T39: =T38+1 -> 51 | U39: =U38+(U38*0.0055) -> 45.218029 | W39: =W38+1 -> 51 | X39: =X38+(X38*0.0099) -> #N/A | Z39: =Z38+1 -> 51 | AA39: =AA38+(AA38*0.02) -> 50.677309
N40: =N39+1 -> 52 | O40: =O39+(O39*0.0115) -> 48.749899 | Q40: =Q39+1 -> 52 | R40: =R39+(R39*0.0123) -> 49.020436 | T40: =T39+1 -> 52 | U40: =U39+(U39*0.0055) -> 45.466728 | W40: =W39+1 -> 52 | X40: =X39+(X39*0.0099) -> #N/A | Z40: =Z39+1 -> 52 | AA40: =AA39+(AA39*0.02) -> 51.690855
N41: =N40+1 -> 53 | O41: =O40+(O40*0.0115) -> 49.310523 | Q41: =Q40+1 -> 53 | R41: =R40+(R40*0.0123) -> 49.623388 | T41: =T40+1 -> 53 | U41: =U40+(U40*0.0055) -> 45.716795 | W41: =W40+1 -> 53 | X41: =X40+(X40*0.0099) -> #N/A | Z41: =Z40+1 -> 53 | AA41: =AA40+(AA40*0.02) -> 52.724672
B42: Age | C42: Vitality | D42: Age | E42: Strength | F42: Age | G42: Metabolic | H42: Age | I42: Mobility | J42: Age | K42: Cognitive | N42: =N41+1 -> 54 | O42: =O41+(O41*0.0115) -> 49.877594 | Q42: =Q41+1 -> 54 | R42: =R41+(R41*0.0123) -> 50.233755 | T42: =T41+1 -> 54 | U42: =U41+(U41*0.0055) -> 45.968238 | W42: =W41+1 -> 54 | X42: =X41+(X41*0.0099) -> #N/A | Z42: =Z41+1 -> 54 | AA42: =AA41+(AA41*0.02) -> 53.779166
B43: =B27 -> 45 | C43: =B28 -> 45 | D43: =B43 -> 45 | E43: =B29 -> 45 | F43: =B27 -> 45 | G43: =B30 -> 43.754143 | H43: =B27 -> 45 | I43: =B31 -> #N/A | J43: =B27 -> 45 | K43: =B32 -> 45 | N43: =N42+1 -> 55 | O43: =O42+(O42*0.0115) -> 50.451187 | Q43: =Q42+1 -> 55 | R43: =R42+(R42*0.0123) -> 50.85163 | T43: =T42+1 -> 55 | U43: =U42+(U42*0.0055) -> 46.221063 | W43: =W42+1 -> 55 | X43: =X42+(X42*0.0099) -> #N/A | Z43: =Z42+1 -> 55 | AA43: =AA42+(AA42*0.02) -> 54.854749
B44: =C27 -> 55 | C44: =C28 -> 50.175 | D44: =B44 -> 55 | E44: =C29 -> 50.535 | F44: =C27 -> 55 | G44: =C30 -> 46.160621 | H44: =C27 -> 55 | I44: =C31 -> #N/A | J44: =C27 -> 55 | K44: =C32 -> 54
B45: =D27 -> 65 | C45: =D28 -> 66.33135 | D45: =D27 -> 65 | E45: =D29 -> 66.09978 | F45: =D27 -> 65 | G45: =D30 -> 51.238289 | H45: =D27 -> 65 | I45: =D31 -> #N/A | J45: =D27 -> 65 | K45: =D32 -> 86.4
B46: =E27 -> 75 | C46: =E28 -> 87.690045 | D46: =E27 -> 75 | E46: =E29 -> 86.458512 | F46: =E27 -> 75 | G46: =E30 -> 56.874501 | H46: =E27 -> 75 | I46: =E31 -> #N/A | J46: =E27 -> 75 | K46: =E32 -> 138.24
B47: =F27 -> 85 | C47: =F28 -> 115.92624 | D47: =F27 -> 85 | E47: =F29 -> 113.08773 | F47: =F27 -> 85 | G47: =F31 -> #N/A | H47: =F27 -> 85 | I47: =F31 -> #N/A | J47: =F27 -> 85 | K47: =F32 -> 221.184

Sheet Average_50_Year_Old_Man_Pro
A1: Pillar | B1: Metric | D1: 1 | E1: 2 | F1: 3 | G1: 4 | H1: 5 | I1: 6 | J1: 7 | K1: 8 | L1: 9 | M1: 10 | R1: Combined Scores
A2: Vitality | B2: VO2 max (ml/kg/min) | C2: 34.5 | D2: =C2-(C2/100*D1) -> 34.155 | E2: =D2-(D2/100*E1) -> 33.4719 | F2: =E2-(E2/100*F1) -> 32.467743 | G2: =F2-(F2/100*G1) -> 31.169033 | H2: =G2-(G2/100*H1) -> 29.610582 | I2: =H2-(H2/100*I1) -> 27.833947 | J2: =I2-(I2/100*J1) -> 25.88557 | K2: =J2-(J2/100*K1) -> 23.814725 | ... M2: =L2-(L2/100*M1) -> 19.50426 | Q2: Vitality | R2: =B27+ ((1 -((C2 / 34.5) * 0.7 )-((C3 / 100) * 0.3 )) * 100) -> 50
A3: Vitality | B3: FEV1 (% predicted) | C3: 100 | D3: =C3-(C3/100*D1) -> 99 | E3: =D3-(D3/100*E1) -> 97.02 | F3: =E3-(E3/100*F1) -> 94.1094 | G3: =F3-(F3/100*G1) -> 90.345024 | H3: =G3-(G3/100*H1) -> 85.827773 | I3: =H3-(H3/100*I1) -> 80.678106 | J3: =I3-(I3/100*J1) -> 75.030639 | K3: =J3-(J3/100*K1) -> 69.028188 | ... M3: =L3-(L3/100*M1) -> 56.534086 | Q3: Strength | R3: =((O4/100*50)+(O5/100*25)+(O6/100*25)) -> 50 | T3: Functional Biological Age
A4: Strength & Power | B4: Grip strength (kg) | C4: 46 | D4: =C4-(C4/100*D1) -> 45.54 | E4: =D4-(D4/100*E1) -> 44.6292 | F4: =E4-(E4/100*F1) -> 43.290324 | G4: =F4-(F4/100*G1) -> 41.558711 | H4: =G4-(G4/100*H1) -> 39.480775 | I4: =H4-(H4/100*I1) -> 37.111929 | J4: =I4-(I4/100*J1) -> 34.514094 | K4: =J4-(J4/100*K1) -> 31.752966 | ... M4: =L4-(L4/100*M1) -> 26.005679 | O4: =IF(B27<30, FORECAST(C4, OFFSET(Strength_Normative_Data!$A$3, MATCH(C4, Strength_Normative_Data!$B$3:$B$5, 1)-1, 0, 2), OFFSET(Strength_Normative_Data!$B$3, MATCH(C4, Strength_Normative_Data!$B$3:$B$5, 1)-1, 0, 2)), FORECAST(C4, OFFSET(Strength_Normative_Data!$A$5, MATCH(C4, Strength_Normative_Data!$B$5:$B$16, -1)-1, 0, 2), OFFSET(Strength_Normative_Data!$B$5, MATCH(C4, Strength_Normative_Data!$B$5:$B$16, -1)-1, 0, 2))) -> 50 | Q4: Metabolic | R4: =B27 - 9*R11 -> 51.193143 | T4: =(R2/100*20)+(R3/100*20)+(R4/100*25)+(R5/100*20)+(R6/100*15) -> 50.298286
A5: Strength & Power | B5: STS Power (W/kg) | C5: 3.1 | M5: =C5-(C5/100*12) -> 2.728 | O5: =FORECAST(C5, OFFSET(Strength_Normative_Data!$O$3, MATCH(C5, Strength_Normative_Data!$P$3:$P$17, -1)-1, 0, 2), OFFSET(Strength_Normative_Data!$P$3, MATCH(C5, Strength_Normative_Data!$P$3:$P$17, -1)-1, 0, 2)) -> 50 | Q5: Functional Mobility | R5: =((O14/100*30)+(O15/100*25)+(O16/100*30)+(O17/100*15)) -> 50
A6: Strength & Power | B6: Vertical jump (cm) | C6: 39 | M6: =C6-(C6/100*12) -> 34.32 | O6: =FORECAST(C6, OFFSET(Strength_Normative_Data!$J$3, MATCH(C6, Strength_Normative_Data!$K$3:$K$16, -1)-1, 0, 2), OFFSET(Strength_Normative_Data!$K$3, MATCH(C6, Strength_Normative_Data!$K$3:$K$16, -1)-1, 0, 2)) -> 50 | Q6: Cognitive | R6: =((O18/100*60)+(O19/100*40)) -> 50
A7: Metabolic Health | B7: Body fat (%) | C7: 25 | M7: =C7+(C7/100*6) -> 26.5
A8: Metabolic Health | B8: Waist to height ratio | C8: 0.6 | M8: =C8+(C8/100*4) -> 0.624 | O8: =IF(C8<=0.4,0, IF(C8<=0.5,20*(C8-0.4)/0.1, IF(C8<=0.6,20+40*(C8-0.5)/0.1, 60+40*(MIN(C8,0.75)-0.6)/0.15))) -> 60
A9: Metabolic Health | B9: Fasting glucose (mmol/L) | C9: 5.6
A10: Metabolic Health | B10: HbA1c (%) | C10: 5.9 | M10: =C10+(C10/100*5) -> 6.195 | O10: =IF(C10<5.7,10*(C10/5.7), IF(C10<6.5,10+40*(C10-5.7)/0.8, 50+50*(MIN(C10,9)-6.5)/2.5)) -> 20 | Q10: Metabolic Index | R10: Metabolic Z score
A11: Metabolic Health | B11: HOMA IR | C11: 2.5 | M11: =C11+(C11/100*14) -> 2.85 | O11: =IF(C11<1.6,10*(C11/1.6), IF(C11<3,10+40*(C11-1.6)/1.4, 50+50*(MIN(C11,7)-3)/4)) -> 35.714286 | Q11: =(0.3*P12)+(0.2*O8)+(0.15*O10)+(0.25*O11)+(0.1*O13) -> 41.628571 | R11: =IF(Q11<=10,1.5-0.1*Q11, IF(Q11<=60,0.5-0.02*(Q11-10), -0.5-0.03*(Q11-60))) -> -0.13257143
A12: Metabolic Health | B12: ApoB (g/L) | C12: 1.3 | M12: =C12+(C12/100*6) -> 1.378 | O12: =C12*100 -> 130 | P12: =IF(O12<80,5*(O12/80), IF(O12<100,10+20*(O12-80)/20, IF(O12<130,30+25*(O12-100)/30, IF(O12<160,55+25*(O12-130)/30, IF(O12<200,80+20*(O12-160)/40,100))))) -> 55
A13: Metabolic Health | B13: hsCRP (mg/L) | C13: 1.1 | M13: =C13+(C13/100*18) -> 1.298 | O13: =IF(C13<1,10*(C13/1), IF(C13<3,10+40*(C13-1)/2, 50+50*(MIN(C13,10)-3)/7)) -> 12
A14: Functional Mobility | B14: Gait speed (m/s) | C14: 1.43 | M14: =C14+(C14/100*6) -> 1.5158 | O14: 50
A15: Functional Mobility | B15: Timed Up and Go (sec) | C15: 7 | M15: =C15+(C15/100*10) -> 7.7 | O15: =FORECAST(C15, OFFSET(Mobility_Normative_Data!$E$3, MATCH(C15, Mobility_Normative_Data!$F$3:$F$18, 1)-1, 0, 2), OFFSET(Mobility_Normative_Data!$F$3, MATCH(C15, Mobility_Normative_Data!$F$3:$F$18, 1)-1, 0, 2)) -> 50
A16: Functional Mobility | B16: Single leg stance (sec) | C16: 35 | M16: =C16+(C16/100*20) -> 42 | O16: =FORECAST(C16, OFFSET(Mobility_Normative_Data!$I$3, MATCH(C16, Mobility_Normative_Data!$J$3:$J$17, -1)-1, 0, 2), OFFSET(Mobility_Normative_Data!$J$3, MATCH(C16, Mobility_Normative_Data!$J$3:$J$17, -1)-1, 0, 2)) -> 50
A17: Functional Mobility | B17: Sit and reach (cm) | C17: 31 | M17: =C17+(C17/100*10) -> 34.1 | O17: =FORECAST(C17, OFFSET(Mobility_Normative_Data!$M$3, MATCH(C17, Mobility_Normative_Data!$N$3:$N$17, -1)-1, 0, 2), OFFSET(Mobility_Normative_Data!$N$3, MATCH(C17, Mobility_Normative_Data!$N$3:$N$17, -1)-1, 0, 2)) -> 50
A18: Cognitive Performance | B18: Processing speed (SD) | C18: 0 | M18: =C18 +(-0.2) -> -0.2 | O18: =MAX(18,B27-(C18*25)) -> 50
A19: Cognitive Performance | B19: Working memory (SD) | C19: 0 | M19: =C19+(-0.2) -> -0.2 | O19: =MAX(18,B27-(J1925)) -> 50
A23: Overall Decline predicitons
B25: Present | C25: 10 years time | D25: 20 Years time | E25: Thirty years | F25: 40 years
A26: Sex | B26: Male
A27: Chronological | B27: 50 | C27: =B27+10 -> 60 | D27: =C27+10 -> 70 | E27: =D27+10 -> 80 | F27: =E27+10 -> 90
A28: Vitality | B28: =R2 -> 50 | C28: =B28+(B28/100*11.5) -> 55.75 | D28: =C28+(C28/100*32.2) -> 73.7015 | E28: =D28+(D28/100*32.2) -> 97.433383 | F28: =E28+(E28/100*32.2) -> 128.80693
A29: Strength | B29: =R3 -> 50 | C29: =B29+(B29/100*12.3) -> 56.15 | D29: =C29+(C29/100*30.8) -> 73.4442 | E29: =D29+(D29/100*30.8) -> 96.065014 | F29: =E29+(E29/100*30.8) -> 125.65304
A30: Metabolic | B30: =R4 -> 51.193143 | C30: =B30+(B30/100*5.5) -> 54.008766 | D30: =C30+(C30/100*11) -> 59.94973 | E30: =D30+(D30/100*11) -> 66.5442 | F30: =E30+(E30/100*11) -> 73.864062
A31: Mobility | B31: =R5 -> 50 | C31: =B31+(B31/100*9.9) -> 54.95 | D31: =C31+(C31/100*19.8) -> 65.8301 | E31: =D31+(D31/100*19.8) -> 78.86446 | F31: =E31+(E31/100*19.8) -> 94.479623 | N31: Graphing
A32: Cognitive | B32: =R6 -> 50 | C32: =B32+(B32/100*20) -> 60 | D32: =C32+(C32/100*60) -> 96 | E32: =D32+(D32/100*60) -> 153.6 | F32: =E32+(E32/100*60) -> 245.76 | N32: Chronological Age | O32: Vitality Decline of an average 40 Year old Man | Q32: Chronological Age | R32: Strength Decline of an average 40 Year old Man | T32: Chronological Age | U32: Metabolic Decline of an average 40 Year old Man | W32: Chronological Age | X32: Mobility Decline of an average 40 Year old Man | Z32: Chronological Age | AA32: Cognitive Decline of an average 40 Year old Man
N33: =B27 -> 50 | O33: =R2 -> 50 | Q33: =N33 -> 50 | R33: =R3 -> 50 | T33: =N33 -> 50 | U33: =R4 -> 51.193143 | W33: =N33 -> 50 | X33: =R5 -> 50 | Z33: =N33 -> 50 | AA33: =R6 -> 50
N34: =N33+1 -> 51 | O34: =O33+(O33*0.0115) -> 50.575 | Q34: =Q33+1 -> 51 | R34: =R33+(R33*0.0123) -> 50.615 | T34: =T33+1 -> 51 | U34: =U33+(U33*0.0055) -> 51.474705 | W34: =W33+1 -> 51 | X34: =X33+(X33*0.0099) -> 50.495 | Z34: =Z33+1 -> 51 | AA34: =AA33+(AA33*0.02) -> 51
N35: =N34+1 -> 52 | O35: =O34+(O34*0.0115) -> 51.156613 | Q35: =Q34+1 -> 52 | R35: =R34+(R34*0.0123) -> 51.237565 | T35: =T34+1 -> 52 | U35: =U34+(U34*0.0055) -> 51.757816 | W35: =W34+1 -> 52 | X35: =X34+(X34*0.0099) -> 50.9949 | Z35: =Z34+1 -> 52 | AA35: =AA34+(AA34*0.02) -> 52.02
A36: Functional Biological Age | N36: =N35+1 -> 53 | O36: =O35+(O35*0.0115) -> 51.744914 | Q36: =Q35+1 -> 53 | R36: =R35+(R35*0.0123) -> 51.867787 | T36: =T35+1 -> 53 | U36: =U35+(U35*0.0055) -> 52.042484 | W36: =W35+1 -> 53 | X36: =X35+(X35*0.0099) -> 51.49975 | Z36: =Z35+1 -> 53 | AA36: =AA35+(AA35*0.02) -> 53.0604
A37: =(B28/100*20)+(B29/100*20)+(B30/100*25)+(B31/100*20)+(B32/100*15) -> 50.298286 | N37: =N36+1 -> 54 | O37: =O36+(O36*0.0115) -> 52.33998 | Q37: =Q36+1 -> 54 | R37: =R36+(R36*0.0123) -> 52.50576 | T37: =T36+1 -> 54 | U37: =U36+(U36*0.0055) -> 52.328718 | W37: =W36+1 -> 54 | X37: =X36+(X36*0.0099) -> 52.009598 | Z37: =Z36+1 -> 54 | AA37: =AA36+(AA36*0.02) -> 54.121608
N38: =N37+1 -> 55 | O38: =O37+(O37*0.0115) -> 52.94189 | Q38: =Q37+1 -> 55 | R38: =R37+(R37*0.0123) -> 53.151581 | T38: =T37+1 -> 55 | U38: =U37+(U37*0.0055) -> 52.616526 | W38: =W37+1 -> 55 | X38: =X37+(X37*0.0099) -> 52.524493 | Z38: =Z37+1 -> 55 | AA38: =AA37+(AA37*0.02) -> 55.20404
N39: =N38+1 -> 56 | O39: =O38+(O38*0.0115) -> 53.550722 | Q39: =Q38+1 -> 56 | R39: =R38+(R38*0.0123) -> 53.805346 | T39: =T38+1 -> 56 | U39: =U38+(U38*0.0055) -> 52.905917 | W39: =W38+1 -> 56 | X39: =X38+(X38*0.0099) -> 53.044485 | Z39: =Z38+1 -> 56 | AA39: =AA38+(AA38*0.02) -> 56.308121
N40: =N39+1 -> 57 | O40: =O39+(O39*0.0115) -> 54.166555 | Q40: =Q39+1 -> 57 | R40: =R39+(R39*0.0123) -> 54.467151 | T40: =T39+1 -> 57 | U40: =U39+(U39*0.0055) -> 53.196899 | W40: =W39+1 -> 57 | X40: =X39+(X39*0.0099) -> 53.569625 | Z40: =Z39+1 -> 57 | AA40: =AA39+(AA39*0.02) -> 57.434283
N41: =N40+1 -> 58 | O41: =O40+(O40*0.0115) -> 54.78947 | Q41: =Q40+1 -> 58 | R41: =R40+(R40*0.0123) -> 55.137097 | T41: =T40+1 -> 58 | U41: =U40+(U40*0.0055) -> 53.489482 | W41: =W40+1 -> 58 | X41: =X40+(X40*0.0099) -> 54.099965 | Z41: =Z40+1 -> 58 | AA41: =AA40+(AA40*0.02) -> 58.582969
B42: Age | C42: Vitality | D42: Age | E42: Strength | F42: Age | G42: Metabolic | H42: Age | I42: Mobility | J42: Age | K42: Cognitive | N42: =N41+1 -> 59 | O42: =O41+(O41*0.0115) -> 55.419549 | Q42: =Q41+1 -> 59 | R42: =R41+(R41*0.0123) -> 55.815284 | T42: =T41+1 -> 59 | U42: =U41+(U41*0.0055) -> 53.783674 | W42: =W41+1 -> 59 | X42: =X41+(X41*0.0099) -> 54.635554 | Z42: =Z41+1 -> 59 | AA42: =AA41+(AA41*0.02) -> 59.754628
B43: =B27 -> 50 | C43: =B28 -> 50 | D43: =B43 -> 50 | E43: =B29 -> 50 | F43: =B27 -> 50 | G43: =B30 -> 51.193143 | H43: =B27 -> 50 | I43: =B31 -> 50 | J43: =B27 -> 50 | K43: =B32 -> 50 | N43: =N42+1 -> 60 | O43: =O42+(O42*0.0115) -> 56.056874 | Q43: =Q42+1 -> 60 | R43: =R42+(R42*0.0123) -> 56.501812 | T43: =T42+1 -> 60 | U43: =U42+(U42*0.0055) -> 54.079484 | W43: =W42+1 -> 60 | X43: =X42+(X42*0.0099) -> 55.176446 | Z43: =Z42+1 -> 60 | AA43: =AA42+(AA42*0.02) -> 60.949721
B44: =C27 -> 60 | C44: =C28 -> 55.75 | D44: =B44 -> 60 | E44: =C29 -> 56.15 | F44: =C27 -> 60 | G44: =C30 -> 54.008766 | H44: =C27 -> 60 | I44: =C31 -> 54.95 | J44: =C27 -> 60 | K44: =C32 -> 60
B45: =D27 -> 70 | C45: =D28 -> 73.7015 | D45: =D27 -> 70 | E45: =D29 -> 73.4442 | F45: =D27 -> 70 | G45: =D30 -> 59.94973 | H45: =D27 -> 70 | I45: =D31 -> 65.8301 | J45: =D27 -> 70 | K45: =D32 -> 96
B46: =E27 -> 80 | C46: =E28 -> 97.433383 | D46: =E27 -> 80 | E46: =E29 -> 96.065014 | F46: =E27 -> 80 | G46: =E30 -> 66.5442 | H46: =E27 -> 80 | I46: =E31 -> 78.86446 | J46: =E27 -> 80 | K46: =E32 -> 153.6
B47: =F27 -> 90 | C47: =F28 -> 128.80693 | D47: =F27 -> 90 | E47: =F29 -> 125.65304 | F47: =F27 -> 90 | G47: =F31 -> 94.479623 | H47: =F27 -> 90 | I47: =F31 -> 94.479623 | J47: =F27 -> 90 | K47: =F32 -> 245.76

Sheet Average_50_Year_Old_Woman_Pro
A1: Pillar | B1: Metric | D1: 1 | E1: 2 | F1: 3 | G1: 4 | H1: 5 | I1: 6 | J1: 7 | K1: 8 | L1: 9 | M1: 10 | R1: Combined Scores
A2: Vitality | B2: VO2 max (ml/kg/min) | C2: 26.6 | D2: =C2-(C2/100*D1) -> 26.334 | E2: =D2-(D2/100*E1) -> 25.80732 | F2: =E2-(E2/100*F1) -> 25.0331 | G2: =F2-(F2/100*G1) -> 24.031776 | H2: =G2-(G2/100*H1) -> 22.830188 | I2: =H2-(H2/100*I1) -> 21.460376 | J2: =I2-(I2/100*J1) -> 19.95815 | K2: =J2-(J2/100*K1) -> 18.361498 | ... M2: =L2-(L2/100*M1) -> 15.038067 | Q2: Vitality | R2: =B27+ ((1 -((C2 / 26.6) * 0.7 )-((C3 / 100) * 0.3 )) * 100) -> 50
A3: Vitality | B3: FEV1 (% predicted) | C3: 100 | D3: =C3-(C3/100*D1) -> 99 | E3: =D3-(D3/100*E1) -> 97.02 | F3: =E3-(E3/100*F1) -> 94.1094 | G3: =F3-(F3/100*G1) -> 90.345024 | H3: =G3-(G3/100*H1) -> 85.827773 | I3: =H3-(H3/100*I1) -> 80.678106 | J3: =I3-(I3/100*J1) -> 75.030639 | K3: =J3-(J3/100*K1) -> 69.028188 | ... M3: =L3-(L3/100*M1) -> 56.534086 | Q3: Strength | R3: =((O4/100*50)+(O5/100*25)+(O6/100*25)) -> 50 | T3: Functional Biological Age
A4: Strength & Power | B4: Grip strength (kg) | C4: 28 | D4: =C4-(C4/100*D1) -> 27.72 | E4: =D4-(D4/100*E1) -> 27.1656 | F4: =E4-(E4/100*F1) -> 26.350632 | G4: =F4-(F4/100*G1) -> 25.296607 | H4: =G4-(G4/100*H1) -> 24.031776 | I4: =H4-(H4/100*I1) -> 22.58987 | J4: =I4-(I4/100*J1) -> 21.008579 | K4: =J4-(J4/100*K1) -> 19.327893 | ... M4: =L4-(L4/100*M1) -> 15.829544 | O4: =IF(B27<30, FORECAST(C4, OFFSET(Strength_Normative_Data!$A$3, MATCH(C4, Strength_Normative_Data!$C$3:$C$5, 1)-1, 0, 2), OFFSET(Strength_Normative_Data!$C$3, MATCH(C4, Strength_Normative_Data!$C$3:$C$5, 1)-1, 0, 2)), FORECAST(C4, OFFSET(Strength_Normative_Data!$A$5, MATCH(C4, Strength_Normative_Data!$C$5:$C$16, -1)-1, 0, 2), OFFSET(Strength_Normative_Data!$C$5, MATCH(C4, Strength_Normative_Data!$C$5:$C$16, -1)-1, 0, 2))) -> 50 | Q4: Metabolic | R4: =B27 - 9*R11 -> 50.007714 | T4: =(R2/100*20)+(R3/100*20)+(R4/100*25)+(R5/100*20)+(R6/100*15) -> 50.001929
A5: Strength & Power | B5: STS Power (W/kg) | C5: 2.4 | M5: =C5-(C5/100*12) -> 2.112 | O5: =FORECAST(C5, OFFSET(Strength_Normative_Data!$O$3, MATCH(C5, Strength_Normative_Data!$Q$3:$Q$17, -1)-1, 0, 2), OFFSET(Strength_Normative_Data!$Q$3, MATCH(C5, Strength_Normative_Data!$Q$3:$Q$17, -1)-1, 0, 2)) -> 50 | Q5: Functional Mobility | R5: =((O14/100*30)+(O15/100*25)+(O16/100*30)+(O17/100*15)) -> 50
A6: Strength & Power | B6: Vertical jump (cm) | C6: 24 | M6: =C6-(C6/100*12) -> 21.12 | O6: =FORECAST(C6, OFFSET(Strength_Normative_Data!$J$3, MATCH(C6, Strength_Normative_Data!$L$3:$L$16, -1)-1, 0, 2), OFFSET(Strength_Normative_Data!$L$3, MATCH(C6, Strength_Normative_Data!$L$3:$L$16, -1)-1, 0, 2)) -> 50 | Q6: Cognitive | R6: =((O18/100*60)+(O19/100*40)) -> 50
A7: Metabolic Health | B7: Body fat (%) | C7: 38 | M7: =C7+(C7/100*6) -> 40.28
A8: Metabolic Health | B8: Waist to height ratio | C8: 0.55 | M8: =C8+(C8/100*4) -> 0.572 | O8: =IF(C8<=0.4,0, IF(C8<=0.5,20*(C8-0.4)/0.1, IF(C8<=0.6,20+40*(C8-0.5)/0.1, 60+40*(MIN(C8,0.75)-0.6)/0.15))) -> 40
A9: Metabolic Health | B9: Fasting glucose (mmol/L) | C9: 5.5
A10: Metabolic Health | B10: HbA1c (%) | C10: 6 | M10: =C10+(C10/100*5) -> 6.3 | O10: =IF(C10<5.7,10*(C10/5.7), IF(C10<6.5,10+40*(C10-5.7)/0.8, 50+50*(MIN(C10,9)-6.5)/2.5)) -> 25 | Q10: Metabolic Index | R10: Metabolic Z score
A11: Metabolic Health | B11: HOMA IR | C11: 2.6 | M11: =C11+(C11/100*14) -> 2.964 | O11: =IF(C11<1.6,10*(C11/1.6), IF(C11<3,10+40*(C11-1.6)/1.4, 50+50*(MIN(C11,7)-3)/4)) -> 38.571429 | Q11: =(0.3*P12)+(0.2*O8)+(0.15*O10)+(0.25*O11)+(0.1*O13) -> 35.042857 | R11: =IF(Q11<=10,1.5-0.1*Q11, IF(Q11<=60,0.5-0.02*(Q11-10), -0.5-0.03*(Q11-60))) -> -0.00085714286
A12: Metabolic Health | B12: ApoB (g/L) | C12: 1.05 | M12: =C12+(C12/100*6) -> 1.113 | O12: =C12*100 -> 105 | P12: =IF(O12<80,5*(O12/80), IF(O12<100,10+20*(O12-80)/20, IF(O12<130,30+25*(O12-100)/30, IF(O12<160,55+25*(O12-130)/30, IF(O12<200,80+20*(O12-160)/40,100))))) -> 34.166667
A13: Metabolic Health | B13: hsCRP (mg/L) | C13: 2.2 | M13: =C13+(C13/100*18) -> 2.596 | O13: =IF(C13<1,10*(C13/1), IF(C13<3,10+40*(C13-1)/2, 50+50*(MIN(C13,10)-3)/7)) -> 34
A14: Functional Mobility | B14: Gait speed (m/s) | C14: 1.31 | M14: =C14+(C14/100*6) -> 1.3886 | O14: =IFERROR(FORECAST(C14, OFFSET(Mobility_Normative_Data!$A$3, MATCH(C14, Mobility_Normative_Data!$C$3:$C$17, -1)-1, 0, 2), OFFSET(Mobility_Normative_Data!$C$3, MATCH(C14, Mobility_Normative_Data!$C$3:$C$17, -1)-1, 0, 2)), INDEX(Mobility_Normative_Data!$A$3:$A$17, MATCH(C14, Mobility_Normative_Data!$C$3:$C$17, -1))) -> 50
A15: Functional Mobility | B15: Timed Up and Go (sec) | C15: 7.5 | M15: =C15+(C15/100*10) -> 8.25 | O15: =FORECAST(C15, OFFSET(Mobility_Normative_Data!$E$3, MATCH(C15, Mobility_Normative_Data!$G$3:$G$18, 1)-1, 0, 2), OFFSET(Mobility_Normative_Data!$G$3, MATCH(C15, Mobility_Normative_Data!$G$3:$G$18, 1)-1, 0, 2)) -> 50
A16: Functional Mobility | B16: Single leg stance (sec) | C16: 35 | M16: =C16+(C16/100*20) -> 42 | O16: =FORECAST(C16, OFFSET(Mobility_Normative_Data!$I$3, MATCH(C16, Mobility_Normative_Data!$K$3:$K$17, -1)-1, 0, 2), OFFSET(Mobility_Normative_Data!$K$3, MATCH(C16, Mobility_Normative_Data!$K$3:$K$17, -1)-1, 0, 2)) -> 50
A17: Functional Mobility | B17: Sit and reach (cm) | C17: 34 | M17: =C17+(C17/100*10) -> 37.4 | O17: =FORECAST(C17, OFFSET(Mobility_Normative_Data!$M$3, MATCH(C17, Mobility_Normative_Data!$O$3:$O$17, -1)-1, 0, 2), OFFSET(Mobility_Normative_Data!$O$3, MATCH(C17, Mobility_Normative_Data!$O$3:$O$17, -1)-1, 0, 2)) -> 50
A18: Cognitive Performance | B18: Processing speed (SD) | C18: 0 | M18: =C18 +(-0.2) -> -0.2 | O18: =MAX(18,B27-(C18*25)) -> 50
A19: Cognitive Performance | B19: Working memory (SD) | C19: 0 | M19: =C19+(-0.2) -> -0.2 | O19: =MAX(18,B27-(J1925)) -> 50
A23: Overall Decline predicitons
B25: Present | C25: 10 years time | D25: 20 Years time | E25: Thirty years | F25: 40 years
A26: Sex | B26: Male
A27: Chronological | B27: 50 | C27: =B27+10 -> 60 | D27: =C27+10 -> 70 | E27: =D27+10 -> 80 | F27: =E27+10 -> 90
A28: Vitality | B28: =R2 -> 50 | C28: =B28+(B28/100*11.5) -> 55.75 | D28: =C28+(C28/100*32.2) -> 73.7015 | E28: =D28+(D28/100*32.2) -> 97.433383 | F28: =E28+(E28/100*32.2) -> 128.80693
A29: Strength | B29: =R3 -> 50 | C29: =B29+(B29/100*12.3) -> 56.15 | D29: =C29+(C29/100*30.8) -> 73.4442 | E29: =D29+(D29/100*30.8) -> 96.065014 | F29: =E29+(E29/100*30.8) -> 125.65304
A30: Metabolic | B30: =R4 -> 50.007714 | C30: =B30+(B30/100*5.5) -> 52.758139 | D30: =C30+(C30/100*11) -> 58.561534 | E30: =D30+(D30/100*11) -> 65.003303 | F30: =E30+(E30/100*11) -> 72.153666
A31: Mobility | B31: =R5 -> 50 | C31: =B31+(B31/100*9.9) -> 54.95 | D31: =C31+(C31/100*19.8) -> 65.8301 | E31: =D31+(D31/100*19.8) -> 78.86446 | F31: =E31+(E31/100*19.8) -> 94.479623 | N31: Graphing
A32: Cognitive | B32: =R6 -> 50 | C32: =B32+(B32/100*20) -> 60 | D32: =C32+(C32/100*60) -> 96 | E32: =D32+(D32/100*60) -> 153.6 | F32: =E32+(E32/100*60) -> 245.76 | N32: Chronological Age | O32: Vitality Decline of an average 50 Year old Woman | Q32: Chronological Age | R32: Strength Decline of an average 50 Year old Woman | T32: Chronological Age | U32: Metabolic Decline of an average 50 Year old Woman | W32: Chronological Age | X32: Mobility Decline of an average 50 Year old Woman | Z32: Chronological Age | AA32: Cognitive Decline of an average 50 Year old Woman
N33: =B27 -> 50 | O33: =R2 -> 50 | Q33: =N33 -> 50 | R33: =R3 -> 50 | T33: =N33 -> 50 | U33: =R4 -> 50.007714 | W33: =N33 -> 50 | X33: =R5 -> 50 | Z33: =N33 -> 50 | AA33: =R6 -> 50
N34: =N33+1 -> 51 | O34: =O33+(O33*0.0115) -> 50.575 | Q34: =Q33+1 -> 51 | R34: =R33+(R33*0.0123) -> 50.615 | T34: =T33+1 -> 51 | U34: =U33+(U33*0.0055) -> 50.282757 | W34: =W33+1 -> 51 | X34: =X33+(X33*0.0099) -> 50.495 | Z34: =Z33+1 -> 51 | AA34: =AA33+(AA33*0.02) -> 51
N35: =N34+1 -> 52 | O35: =O34+(O34*0.0115) -> 51.156613 | Q35: =Q34+1 -> 52 | R35: =R34+(R34*0.0123) -> 51.237565 | T35: =T34+1 -> 52 | U35: =U34+(U34*0.0055) -> 50.559312 | W35: =W34+1 -> 52 | X35: =X34+(X34*0.0099) -> 50.9949 | Z35: =Z34+1 -> 52 | AA35: =AA34+(AA34*0.02) -> 52.02
A36: Functional Biological Age | N36: =N35+1 -> 53 | O36: =O35+(O35*0.0115) -> 51.744914 | Q36: =Q35+1 -> 53 | R36: =R35+(R35*0.0123) -> 51.867787 | T36: =T35+1 -> 53 | U36: =U35+(U35*0.0055) -> 50.837388 | W36: =W35+1 -> 53 | X36: =X35+(X35*0.0099) -> 51.49975 | Z36: =Z35+1 -> 53 | AA36: =AA35+(AA35*0.02) -> 53.0604
A37: =(B28/100*20)+(B29/100*20)+(B30/100*25)+(B31/100*20)+(B32/100*15) -> 50.001929 | N37: =N36+1 -> 54 | O37: =O36+(O36*0.0115) -> 52.33998 | Q37: =Q36+1 -> 54 | R37: =R36+(R36*0.0123) -> 52.50576 | T37: =T36+1 -> 54 | U37: =U36+(U36*0.0055) -> 51.116994 | W37: =W36+1 -> 54 | X37: =X36+(X36*0.0099) -> 52.009598 | Z37: =Z36+1 -> 54 | AA37: =AA36+(AA36*0.02) -> 54.121608
N38: =N37+1 -> 55 | O38: =O37+(O37*0.0115) -> 52.94189 | Q38: =Q37+1 -> 55 | R38: =R37+(R37*0.0123) -> 53.151581 | T38: =T37+1 -> 55 | U38: =U37+(U37*0.0055) -> 51.398137 | W38: =W37+1 -> 55 | X38: =X37+(X37*0.0099) -> 52.524493 | Z38: =Z37+1 -> 55 | AA38: =AA37+(AA37*0.02) -> 55.20404
N39: =N38+1 -> 56 | O39: =O38+(O38*0.0115) -> 53.550722 | Q39: =Q38+1 -> 56 | R39: =R38+(R38*0.0123) -> 53.805346 | T39: =T38+1 -> 56 | U39: =U38+(U38*0.0055) -> 51.680827 | W39: =W38+1 -> 56 | X39: =X38+(X38*0.0099) -> 53.044485 | Z39: =Z38+1 -> 56 | AA39: =AA38+(AA38*0.02) -> 56.308121
N40: =N39+1 -> 57 | O40: =O39+(O39*0.0115) -> 54.166555 | Q40: =Q39+1 -> 57 | R40: =R39+(R39*0.0123) -> 54.467151 | T40: =T39+1 -> 57 | U40: =U39+(U39*0.0055) -> 51.965071 | W40: =W39+1 -> 57 | X40: =X39+(X39*0.0099) -> 53.569625 | Z40: =Z39+1 -> 57 | AA40: =AA39+(AA39*0.02) -> 57.434283
N41: =N40+1 -> 58 | O41: =O40+(O40*0.0115) -> 54.78947 | Q41: =Q40+1 -> 58 | R41: =R40+(R40*0.0123) -> 55.137097 | T41: =T40+1 -> 58 | U41: =U40+(U40*0.0055) -> 52.250879 | W41: =W40+1 -> 58 | X41: =X40+(X40*0.0099) -> 54.099965 | Z41: =Z40+1 -> 58 | AA41: =AA40+(AA40*0.02) -> 58.582969
B42: Age | C42: Vitality | D42: Age | E42: Strength | F42: Age | G42: Metabolic | H42: Age | I42: Mobility | J42: Age | K42: Cognitive | N42: =N41+1 -> 59 | O42: =O41+(O41*0.0115) -> 55.419549 | Q42: =Q41+1 -> 59 | R42: =R41+(R41*0.0123) -> 55.815284 | T42: =T41+1 -> 59 | U42: =U41+(U41*0.0055) -> 52.538259 | W42: =W41+1 -> 59 | X42: =X41+(X41*0.0099) -> 54.635554 | Z42: =Z41+1 -> 59 | AA42: =AA41+(AA41*0.02) -> 59.754628
B43: =B27 -> 50 | C43: =B28 -> 50 | D43: =B43 -> 50 | E43: =B29 -> 50 | F43: =B27 -> 50 | G43: =B30 -> 50.007714 | H43: =B27 -> 50 | I43: =B31 -> 50 | J43: =B27 -> 50 | K43: =B32 -> 50 | N43: =N42+1 -> 60 | O43: =O42+(O42*0.0115) -> 56.056874 | Q43: =Q42+1 -> 60 | R43: =R42+(R42*0.0123) -> 56.501812 | T43: =T42+1 -> 60 | U43: =U42+(U42*0.0055) -> 52.82722 | W43: =W42+1 -> 60 | X43: =X42+(X42*0.0099) -> 55.176446 | Z43: =Z42+1 -> 60 | AA43: =AA42+(AA42*0.02) -> 60.949721
B44: =C27 -> 60 | C44: =C28 -> 55.75 | D44: =B44 -> 60 | E44: =C29 -> 56.15 | F44: =C27 -> 60 | G44: =C30 -> 52.758139 | H44: =C27 -> 60 | I44: =C31 -> 54.95 | J44: =C27 -> 60 | K44: =C32 -> 60
B45: =D27 -> 70 | C45: =D28 -> 73.7015 | D45: =D27 -> 70 | E45: =D29 -> 73.4442 | F45: =D27 -> 70 | G45: =D30 -> 58.561534 | H45: =D27 -> 70 | I45: =D31 -> 65.8301 | J45: =D27 -> 70 | K45: =D32 -> 96
B46: =E27 -> 80 | C46: =E28 -> 97.433383 | D46: =E27 -> 80 | E46: =E29 -> 96.065014 | F46: =E27 -> 80 | G46: =E30 -> 65.003303 | H46: =E27 -> 80 | I46: =E31 -> 78.86446 | J46: =E27 -> 80 | K46: =E32 -> 153.6
B47: =F27 -> 90 | C47: =F28 -> 128.80693 | D47: =F27 -> 90 | E47: =F29 -> 125.65304 | F47: =F27 -> 90 | G47: =F31 -> 94.479623 | H47: =F27 -> 90 | I47: =F31 -> 94.479623 | J47: =F27 -> 90 | K47: =F32 -> 245.76

Sheet Average_55_Year_Old_Man_Pro 
A1: Pillar | B1: Metric | D1: 1 | E1: 2 | F1: 3 | G1: 4 | H1: 5 | I1: 6 | J1: 7 | K1: 8 | L1: 9 | M1: 10 | R1: Combined Scores
A2: Vitality | B2: VO2 max (ml/kg/min) | C2: 34.5 | D2: =C2-(C2/100*D1) -> 34.155 | E2: =D2-(D2/100*E1) -> 33.4719 | F2: =E2-(E2/100*F1) -> 32.467743 | G2: =F2-(F2/100*G1) -> 31.169033 | H2: =G2-(G2/100*H1) -> 29.610582 | I2: =H2-(H2/100*I1) -> 27.833947 | J2: =I2-(I2/100*J1) -> 25.88557 | K2: =J2-(J2/100*K1) -> 23.814725 | ... M2: =L2-(L2/100*M1) -> 19.50426 | Q2: Vitality | R2: =B27+ ((1 -((C2 / 34.5) * 0.7 )-((C3 / 100) * 0.3 )) * 100) -> 55
A3: Vitality | B3: FEV1 (% predicted) | C3: 100 | D3: =C3-(C3/100*D1) -> 99 | E3: =D3-(D3/100*E1) -> 97.02 | F3: =E3-(E3/100*F1) -> 94.1094 | G3: =F3-(F3/100*G1) -> 90.345024 | H3: =G3-(G3/100*H1) -> 85.827773 | I3: =H3-(H3/100*I1) -> 80.678106 | J3: =I3-(I3/100*J1) -> 75.030639 | K3: =J3-(J3/100*K1) -> 69.028188 | ... M3: =L3-(L3/100*M1) -> 56.534086 | Q3: Strength | R3: =((O4/100*50)+(O5/100*25)+(O6/100*25)) -> 55 | T3: Functional Biological Age
A4: Strength & Power | B4: Grip strength (kg) | C4: 44 | D4: =C4-(C4/100*D1) -> 43.56 | E4: =D4-(D4/100*E1) -> 42.6888 | F4: =E4-(E4/100*F1) -> 41.408136 | G4: =F4-(F4/100*G1) -> 39.751811 | H4: =G4-(G4/100*H1) -> 37.76422 | I4: =H4-(H4/100*I1) -> 35.498367 | J4: =I4-(I4/100*J1) -> 33.013481 | K4: =J4-(J4/100*K1) -> 30.372403 | ... M4: =L4-(L4/100*M1) -> 24.874998 | O4: =IF(B27<30, FORECAST(C4, OFFSET(Strength_Normative_Data!$A$3, MATCH(C4, Strength_Normative_Data!$B$3:$B$5, 1)-1, 0, 2), OFFSET(Strength_Normative_Data!$B$3, MATCH(C4, Strength_Normative_Data!$B$3:$B$5, 1)-1, 0, 2)), FORECAST(C4, OFFSET(Strength_Normative_Data!$A$5, MATCH(C4, Strength_Normative_Data!$B$5:$B$16, -1)-1, 0, 2), OFFSET(Strength_Normative_Data!$B$5, MATCH(C4, Strength_Normative_Data!$B$5:$B$16, -1)-1, 0, 2))) -> 55 | Q4: Metabolic | R4: =B27 - 9*R11 -> 56.830857 | T4: =(R2/100*20)+(R3/100*20)+(R4/100*25)+(R5/100*20)+(R6/100*15) -> 55.457714
A5: Strength & Power | B5: STS Power (W/kg) | C5: 2.9 | M5: =C5-(C5/100*12) -> 2.552 | O5: =FORECAST(C5, OFFSET(Strength_Normative_Data!$O$3, MATCH(C5, Strength_Normative_Data!$P$3:$P$17, -1)-1, 0, 2), OFFSET(Strength_Normative_Data!$P$3, MATCH(C5, Strength_Normative_Data!$P$3:$P$17, -1)-1, 0, 2)) -> 55 | Q5: Functional Mobility | R5: =((O14/100*30)+(O15/100*25)+(O16/100*30)+(O17/100*15)) -> 55
A6: Strength & Power | B6: Vertical jump (cm) | C6: 35.5 | M6: =C6-(C6/100*12) -> 31.24 | O6: =FORECAST(C6, OFFSET(Strength_Normative_Data!$J$3, MATCH(C6, Strength_Normative_Data!$K$3:$K$16, -1)-1, 0, 2), OFFSET(Strength_Normative_Data!$K$3, MATCH(C6, Strength_Normative_Data!$K$3:$K$16, -1)-1, 0, 2)) -> 55 | Q6: Cognitive | R6: =((O18/100*60)+(O19/100*40)) -> 55
A7: Metabolic Health | B7: Body fat (%) | C7: 30 | M7: =C7+(C7/100*6) -> 31.8
A8: Metabolic Health | B8: Waist to height ratio | C8: 0.6 | M8: =C8+(C8/100*4) -> 0.624 | O8: =IF(C8<=0.4,0, IF(C8<=0.5,20*(C8-0.4)/0.1, IF(C8<=0.6,20+40*(C8-0.5)/0.1, 60+40*(MIN(C8,0.75)-0.6)/0.15))) -> 60
A9: Metabolic Health | B9: Fasting glucose (mmol/L) | C9: 5.6
A10: Metabolic Health | B10: HbA1c (%) | C10: 5.9 | M10: =C10+(C10/100*5) -> 6.195 | O10: =IF(C10<5.7,10*(C10/5.7), IF(C10<6.5,10+40*(C10-5.7)/0.8, 50+50*(MIN(C10,9)-6.5)/2.5)) -> 20 | Q10: Metabolic Index | R10: Metabolic Z score
A11: Metabolic Health | B11: HOMA IR | C11: 2.8 | M11: =C11+(C11/100*14) -> 3.192 | O11: =IF(C11<1.6,10*(C11/1.6), IF(C11<3,10+40*(C11-1.6)/1.4, 50+50*(MIN(C11,7)-3)/4)) -> 44.285714 | Q11: =(0.3*P12)+(0.2*O8)+(0.15*O10)+(0.25*O11)+(0.1*O13) -> 45.171429 | R11: =IF(Q11<=10,1.5-0.1*Q11, IF(Q11<=60,0.5-0.02*(Q11-10), -0.5-0.03*(Q11-60))) -> -0.20342857
A12: Metabolic Health | B12: ApoB (g/L) | C12: 1.3 | M12: =C12+(C12/100*6) -> 1.378 | O12: =C12*100 -> 130 | P12: =IF(O12<80,5*(O12/80), IF(O12<100,10+20*(O12-80)/20, IF(O12<130,30+25*(O12-100)/30, IF(O12<160,55+25*(O12-130)/30, IF(O12<200,80+20*(O12-160)/40,100))))) -> 55
A13: Metabolic Health | B13: hsCRP (mg/L) | C13: 1.8 | M13: =C13+(C13/100*18) -> 2.124 | O13: =IF(C13<1,10*(C13/1), IF(C13<3,10+40*(C13-1)/2, 50+50*(MIN(C13,10)-3)/7)) -> 26
A14: Functional Mobility | B14: Gait speed (m/s) | C14: v | M14: =C14+(C14/100*6) -> #VALUE! | O14: 55
A15: Functional Mobility | B15: Timed Up and Go (sec) | C15: 7.5 | M15: =C15+(C15/100*10) -> 8.25 | O15: =FORECAST(C15, OFFSET(Mobility_Normative_Data!$E$3, MATCH(C15, Mobility_Normative_Data!$F$3:$F$18, 1)-1, 0, 2), OFFSET(Mobility_Normative_Data!$F$3, MATCH(C15, Mobility_Normative_Data!$F$3:$F$18, 1)-1, 0, 2)) -> 55
A16: Functional Mobility | B16: Single leg stance (sec) | C16: 33 | M16: =C16+(C16/100*20) -> 39.6 | O16: =FORECAST(C16, OFFSET(Mobility_Normative_Data!$I$3, MATCH(C16, Mobility_Normative_Data!$J$3:$J$17, -1)-1, 0, 2), OFFSET(Mobility_Normative_Data!$J$3, MATCH(C16, Mobility_Normative_Data!$J$3:$J$17, -1)-1, 0, 2)) -> 55
A17: Functional Mobility | B17: Sit and reach (cm) | C17: 29.5 | M17: =C17+(C17/100*10) -> 32.45 | O17: =FORECAST(C17, OFFSET(Mobility_Normative_Data!$M$3, MATCH(C17, Mobility_Normative_Data!$N$3:$N$17, -1)-1, 0, 2), OFFSET(Mobility_Normative_Data!$N$3, MATCH(C17, Mobility_Normative_Data!$N$3:$N$17, -1)-1, 0, 2)) -> 55
A18: Cognitive Performance | B18: Processing speed (SD) | C18: 0 | M18: =C18 +(-0.2) -> -0.2 | O18: =MAX(18,B27-(C18*25)) -> 55
A19: Cognitive Performance | B19: Working memory (SD) | C19: 0 | M19: =C19+(-0.2) -> -0.2 | O19: =MAX(18,B27-(J1925)) -> 55
A23: Overall Decline predicitons
B25: Present | C25: 10 years time | D25: 20 Years time | E25: Thirty years | F25: 40 years
A26: Sex | B26: Male
A27: Chronological | B27: 55 | C27: =B27+10 -> 65 | D27: =C27+10 -> 75 | E27: =D27+10 -> 85 | F27: =E27+10 -> 95
A28: Vitality | B28: =R2 -> 55 | C28: =B28+(B28/100*11.5) -> 61.325 | D28: =C28+(C28/100*32.2) -> 81.07165 | E28: =D28+(D28/100*32.2) -> 107.17672 | F28: =E28+(E28/100*32.2) -> 141.68763
A29: Strength | B29: =R3 -> 55 | C29: =B29+(B29/100*12.3) -> 61.765 | D29: =C29+(C29/100*30.8) -> 80.78862 | E29: =D29+(D29/100*30.8) -> 105.67151 | F29: =E29+(E29/100*30.8) -> 138.21834
A30: Metabolic | B30: =R4 -> 56.830857 | C30: =B30+(B30/100*5.5) -> 59.956554 | D30: =C30+(C30/100*11) -> 66.551775 | E30: =D30+(D30/100*11) -> 73.872471 | F30: =E30+(E30/100*11) -> 81.998442
A31: Mobility | B31: =R5 -> 55 | C31: =B31+(B31/100*9.9) -> 60.445 | D31: =C31+(C31/100*19.8) -> 72.41311 | E31: =D31+(D31/100*19.8) -> 86.750906 | F31: =E31+(E31/100*19.8) -> 103.92759 | N31: Graphing
A32: Cognitive | B32: =R6 -> 55 | C32: =B32+(B32/100*20) -> 66 | D32: =C32+(C32/100*60) -> 105.6 | E32: =D32+(D32/100*60) -> 168.96 | F32: =E32+(E32/100*60) -> 270.336 | N32: Chronological Age | O32: Vitality Decline of an average 50 Year old Man | Q32: Chronological Age | R32: Strength Decline of an average 50 Year old Man | T32: Chronological Age | U32: Metabolic Decline of an average 50 Year old Man | W32: Chronological Age | X32: Mobility Decline of an average 50 Year old Man | Z32: Chronological Age | AA32: Cognitive Decline of an average 50 Year old Man
N33: =B27 -> 55 | O33: =R2 -> 55 | Q33: =N33 -> 55 | R33: =R3 -> 55 | T33: =N33 -> 55 | U33: =R4 -> 56.830857 | W33: =N33 -> 55 | X33: =R5 -> 55 | Z33: =N33 -> 55 | AA33: =R6 -> 55
N34: =N33+1 -> 56 | O34: =O33+(O33*0.0115) -> 55.6325 | Q34: =Q33+1 -> 56 | R34: =R33+(R33*0.0123) -> 55.6765 | T34: =T33+1 -> 56 | U34: =U33+(U33*0.0055) -> 57.143427 | W34: =W33+1 -> 56 | X34: =X33+(X33*0.0099) -> 55.5445 | Z34: =Z33+1 -> 56 | AA34: =AA33+(AA33*0.02) -> 56.1
N35: =N34+1 -> 57 | O35: =O34+(O34*0.0115) -> 56.272274 | Q35: =Q34+1 -> 57 | R35: =R34+(R34*0.0123) -> 56.361321 | T35: =T34+1 -> 57 | U35: =U34+(U34*0.0055) -> 57.457716 | W35: =W34+1 -> 57 | X35: =X34+(X34*0.0099) -> 56.094391 | Z35: =Z34+1 -> 57 | AA35: =AA34+(AA34*0.02) -> 57.222
A36: Functional Biological Age | N36: =N35+1 -> 58 | O36: =O35+(O35*0.0115) -> 56.919405 | Q36: =Q35+1 -> 58 | R36: =R35+(R35*0.0123) -> 57.054565 | T36: =T35+1 -> 58 | U36: =U35+(U35*0.0055) -> 57.773733 | W36: =W35+1 -> 58 | X36: =X35+(X35*0.0099) -> 56.649725 | Z36: =Z35+1 -> 58 | AA36: =AA35+(AA35*0.02) -> 58.36644
A37: =(B28/100*20)+(B29/100*20)+(B30/100*25)+(B31/100*20)+(B32/100*15) -> 55.457714 | N37: =N36+1 -> 59 | O37: =O36+(O36*0.0115) -> 57.573978 | Q37: =Q36+1 -> 59 | R37: =R36+(R36*0.0123) -> 57.756336 | T37: =T36+1 -> 59 | U37: =U36+(U36*0.0055) -> 58.091489 | W37: =W36+1 -> 59 | X37: =X36+(X36*0.0099) -> 57.210557 | Z37: =Z36+1 -> 59 | AA37: =AA36+(AA36*0.02) -> 59.533769
N38: =N37+1 -> 60 | O38: =O37+(O37*0.0115) -> 58.236079 | Q38: =Q37+1 -> 60 | R38: =R37+(R37*0.0123) -> 58.466739 | T38: =T37+1 -> 60 | U38: =U37+(U37*0.0055) -> 58.410992 | W38: =W37+1 -> 60 | X38: =X37+(X37*0.0099) -> 57.776942 | Z38: =Z37+1 -> 60 | AA38: =AA37+(AA37*0.02) -> 60.724444
N39: =N38+1 -> 61 | O39: =O38+(O38*0.0115) -> 58.905794 | Q39: =Q38+1 -> 61 | R39: =R38+(R38*0.0123) -> 59.18588 | T39: =T38+1 -> 61 | U39: =U38+(U38*0.0055) -> 58.732252 | W39: =W38+1 -> 61 | X39: =X38+(X38*0.0099) -> 58.348934 | Z39: =Z38+1 -> 61 | AA39: =AA38+(AA38*0.02) -> 61.938933
N40: =N39+1 -> 62 | O40: =O39+(O39*0.0115) -> 59.58321 | Q40: =Q39+1 -> 62 | R40: =R39+(R39*0.0123) -> 59.913867 | T40: =T39+1 -> 62 | U40: =U39+(U39*0.0055) -> 59.05528 | W40: =W39+1 -> 62 | X40: =X39+(X39*0.0099) -> 58.926588 | Z40: =Z39+1 -> 62 | AA40: =AA39+(AA39*0.02) -> 63.177712
N41: =N40+1 -> 63 | O41: =O40+(O40*0.0115) -> 60.268417 | Q41: =Q40+1 -> 63 | R41: =R40+(R40*0.0123) -> 60.650807 | T41: =T40+1 -> 63 | U41: =U40+(U40*0.0055) -> 59.380084 | W41: =W40+1 -> 63 | X41: =X40+(X40*0.0099) -> 59.509961 | Z41: =Z40+1 -> 63 | AA41: =AA40+(AA40*0.02) -> 64.441266
B42: Age | C42: Vitality | D42: Age | E42: Strength | F42: Age | G42: Metabolic | H42: Age | I42: Mobility | J42: Age | K42: Cognitive | N42: =N41+1 -> 64 | O42: =O41+(O41*0.0115) -> 60.961504 | Q42: =Q41+1 -> 64 | R42: =R41+(R41*0.0123) -> 61.396812 | T42: =T41+1 -> 64 | U42: =U41+(U41*0.0055) -> 59.706674 | W42: =W41+1 -> 64 | X42: =X41+(X41*0.0099) -> 60.09911 | Z42: =Z41+1 -> 64 | AA42: =AA41+(AA41*0.02) -> 65.730091
B43: =B27 -> 55 | C43: =B28 -> 55 | D43: =B43 -> 55 | E43: =B29 -> 55 | F43: =B27 -> 55 | G43: =B30 -> 56.830857 | H43: =B27 -> 55 | I43: =B31 -> 55 | J43: =B27 -> 55 | K43: =B32 -> 55 | N43: =N42+1 -> 65 | O43: =O42+(O42*0.0115) -> 61.662561 | Q43: =Q42+1 -> 65 | R43: =R42+(R42*0.0123) -> 62.151993 | T43: =T42+1 -> 65 | U43: =U42+(U42*0.0055) -> 60.035061 | W43: =W42+1 -> 65 | X43: =X42+(X42*0.0099) -> 60.694091 | Z43: =Z42+1 -> 65 | AA43: =AA42+(AA42*0.02) -> 67.044693
B44: =C27 -> 65 | C44: =C28 -> 61.325 | D44: =B44 -> 65 | E44: =C29 -> 61.765 | F44: =C27 -> 65 | G44: =C30 -> 59.956554 | H44: =C27 -> 65 | I44: =C31 -> 60.445 | J44: =C27 -> 65 | K44: =C32 -> 66
B45: =D27 -> 75 | C45: =D28 -> 81.07165 | D45: =D27 -> 75 | E45: =D29 -> 80.78862 | F45: =D27 -> 75 | G45: =D30 -> 66.551775 | H45: =D27 -> 75 | I45: =D31 -> 72.41311 | J45: =D27 -> 75 | K45: =D32 -> 105.6
B46: =E27 -> 85 | C46: =E28 -> 107.17672 | D46: =E27 -> 85 | E46: =E29 -> 105.67151 | F46: =E27 -> 85 | G46: =E30 -> 73.872471 | H46: =E27 -> 85 | I46: =E31 -> 86.750906 | J46: =E27 -> 85 | K46: =E32 -> 168.96
B47: =F27 -> 95 | C47: =F28 -> 141.68763 | D47: =F27 -> 95 | E47: =F29 -> 138.21834 | F47: =F27 -> 95 | G47: =F31 -> 103.92759 | H47: =F27 -> 95 | I47: =F31 -> 103.92759 | J47: =F27 -> 95 | K47: =F32 -> 270.336

Sheet Average_55_Year_Old_Woman_P 
A1: Pillar | B1: Metric | D1: 1 | E1: 2 | F1: 3 | G1: 4 | H1: 5 | I1: 6 | J1: 7 | K1: 8 | L1: 9 | M1: 10 | R1: Combined Scores
A2: Vitality | B2: VO2 max (ml/kg/min) | C2: 26.6 | D2: =C2-(C2/100*D1) -> 26.334 | E2: =D2-(D2/100*E1) -> 25.80732 | F2: =E2-(E2/100*F1) -> 25.0331 | G2: =F2-(F2/100*G1) -> 24.031776 | H2: =G2-(G2/100*H1) -> 22.830188 | I2: =H2-(H2/100*I1) -> 21.460376 | J2: =I2-(I2/100*J1) -> 19.95815 | K2: =J2-(J2/100*K1) -> 18.361498 | ... M2: =L2-(L2/100*M1) -> 15.038067 | Q2: Vitality | R2: =B27+ ((1 -((C2 / 26.6) * 0.7 )-((C3 / 100) * 0.3 )) * 100) -> 55
A3: Vitality | B3: FEV1 (% predicted) | C3: 100 | D3: =C3-(C3/100*D1) -> 99 | E3: =D3-(D3/100*E1) -> 97.02 | F3: =E3-(E3/100*F1) -> 94.1094 | G3: =F3-(F3/100*G1) -> 90.345024 | H3: =G3-(G3/100*H1) -> 85.827773 | I3: =H3-(H3/100*I1) -> 80.678106 | J3: =I3-(I3/100*J1) -> 75.030639 | K3: =J3-(J3/100*K1) -> 69.028188 | ... M3: =L3-(L3/100*M1) -> 56.534086 | Q3: Strength | R3: =((O4/100*50)+(O5/100*25)+(O6/100*25)) -> 55 | T3: Functional Biological Age
A4: Strength & Power | B4: Grip strength (kg) | C4: 27 | D4: =C4-(C4/100*D1) -> 26.73 | E4: =D4-(D4/100*E1) -> 26.1954 | F4: =E4-(E4/100*F1) -> 25.409538 | G4: =F4-(F4/100*G1) -> 24.393156 | H4: =G4-(G4/100*H1) -> 23.173499 | I4: =H4-(H4/100*I1) -> 21.783089 | J4: =I4-(I4/100*J1) -> 20.258273 | K4: =J4-(J4/100*K1) -> 18.637611 | ... M4: =L4-(L4/100*M1) -> 15.264203 | O4: =IF(B27<30, FORECAST(C4, OFFSET(Strength_Normative_Data!$A$3, MATCH(C4, Strength_Normative_Data!$C$3:$C$5, 1)-1, 0, 2), OFFSET(Strength_Normative_Data!$C$3, MATCH(C4, Strength_Normative_Data!$C$3:$C$5, 1)-1, 0, 2)), FORECAST(C4, OFFSET(Strength_Normative_Data!$A$5, MATCH(C4, Strength_Normative_Data!$C$5:$C$16, -1)-1, 0, 2), OFFSET(Strength_Normative_Data!$C$5, MATCH(C4, Strength_Normative_Data!$C$5:$C$16, -1)-1, 0, 2))) -> 55 | Q4: Metabolic | R4: =B27 - 9*R11 -> 56.285714 | T4: =(R2/100*20)+(R3/100*20)+(R4/100*25)+(R5/100*20)+(R6/100*15) -> 55.021429
A5: Strength & Power | B5: STS Power (W/kg) | C5: 2.25 | M5: =C5-(C5/100*12) -> 1.98 | O5: =FORECAST(C5, OFFSET(Strength_Normative_Data!$O$3, MATCH(C5, Strength_Normative_Data!$Q$3:$Q$17, -1)-1, 0, 2), OFFSET(Strength_Normative_Data!$Q$3, MATCH(C5, Strength_Normative_Data!$Q$3:$Q$17, -1)-1, 0, 2)) -> 55 | Q5: Functional Mobility | R5: =((O14/100*30)+(O15/100*25)+(O16/100*30)+(O17/100*15)) -> 53.5
A6: Strength & Power | B6: Vertical jump (cm) | C6: 21.5 | M6: =C6-(C6/100*12) -> 18.92 | O6: =FORECAST(C6, OFFSET(Strength_Normative_Data!$J$3, MATCH(C6, Strength_Normative_Data!$L$3:$L$16, -1)-1, 0, 2), OFFSET(Strength_Normative_Data!$L$3, MATCH(C6, Strength_Normative_Data!$L$3:$L$16, -1)-1, 0, 2)) -> 55 | Q6: Cognitive | R6: =((O18/100*60)+(O19/100*40)) -> 55
A7: Metabolic Health | B7: Body fat (%) | C7: 40 | M7: =C7+(C7/100*6) -> 42.4
A8: Metabolic Health | B8: Waist to height ratio | C8: 0.6 | M8: =C8+(C8/100*4) -> 0.624 | O8: =IF(C8<=0.4,0, IF(C8<=0.5,20*(C8-0.4)/0.1, IF(C8<=0.6,20+40*(C8-0.5)/0.1, 60+40*(MIN(C8,0.75)-0.6)/0.15))) -> 60
A9: Metabolic Health | B9: Fasting glucose (mmol/L) | C9: 5.5
A10: Metabolic Health | B10: HbA1c (%) | C10: 6 | M10: =C10+(C10/100*5) -> 6.3 | O10: =IF(C10<5.7,10*(C10/5.7), IF(C10<6.5,10+40*(C10-5.7)/0.8, 50+50*(MIN(C10,9)-6.5)/2.5)) -> 25 | Q10: Metabolic Index | R10: Metabolic Z score
A11: Metabolic Health | B11: HOMA IR | C11: 2.6 | M11: =C11+(C11/100*14) -> 2.964 | O11: =IF(C11<1.6,10*(C11/1.6), IF(C11<3,10+40*(C11-1.6)/1.4, 50+50*(MIN(C11,7)-3)/4)) -> 38.571429 | Q11: =(0.3*P12)+(0.2*O8)+(0.15*O10)+(0.25*O11)+(0.1*O13) -> 42.142857 | R11: =IF(Q11<=10,1.5-0.1*Q11, IF(Q11<=60,0.5-0.02*(Q11-10), -0.5-0.03*(Q11-60))) -> -0.14285714
A12: Metabolic Health | B12: ApoB (g/L) | C12: 1.15 | M12: =C12+(C12/100*6) -> 1.219 | O12: =C12*100 -> 115 | P12: =IF(O12<80,5*(O12/80), IF(O12<100,10+20*(O12-80)/20, IF(O12<130,30+25*(O12-100)/30, IF(O12<160,55+25*(O12-130)/30, IF(O12<200,80+20*(O12-160)/40,100))))) -> 42.5
A13: Metabolic Health | B13: hsCRP (mg/L) | C13: 2.5 | M13: =C13+(C13/100*18) -> 2.95 | O13: =IF(C13<1,10*(C13/1), IF(C13<3,10+40*(C13-1)/2, 50+50*(MIN(C13,10)-3)/7)) -> 40
A14: Functional Mobility | B14: Gait speed (m/s) | C14: 1.31 | M14: =C14+(C14/100*6) -> 1.3886 | O14: =IFERROR(FORECAST(C14, OFFSET(Mobility_Normative_Data!$A$3, MATCH(C14, Mobility_Normative_Data!$C$3:$C$17, -1)-1, 0, 2), OFFSET(Mobility_Normative_Data!$C$3, MATCH(C14, Mobility_Normative_Data!$C$3:$C$17, -1)-1, 0, 2)), INDEX(Mobility_Normative_Data!$A$3:$A$17, MATCH(C14, Mobility_Normative_Data!$C$3:$C$17, -1))) -> 50
A15: Functional Mobility | B15: Timed Up and Go (sec) | C15: 8 | M15: =C15+(C15/100*10) -> 8.8 | O15: =FORECAST(C15, OFFSET(Mobility_Normative_Data!$E$3, MATCH(C15, Mobility_Normative_Data!$G$3:$G$18, 1)-1, 0, 2), OFFSET(Mobility_Normative_Data!$G$3, MATCH(C15, Mobility_Normative_Data!$G$3:$G$18, 1)-1, 0, 2)) -> 55
A16: Functional Mobility | B16: Single leg stance (sec) | C16: 32 | M16: =C16+(C16/100*20) -> 38.4 | O16: =FORECAST(C16, OFFSET(Mobility_Normative_Data!$I$3, MATCH(C16, Mobility_Normative_Data!$K$3:$K$17, -1)-1, 0, 2), OFFSET(Mobility_Normative_Data!$K$3, MATCH(C16, Mobility_Normative_Data!$K$3:$K$17, -1)-1, 0, 2)) -> 55
A17: Functional Mobility | B17: Sit and reach (cm) | C17: 32.5 | M17: =C17+(C17/100*10) -> 35.75 | O17: =FORECAST(C17, OFFSET(Mobility_Normative_Data!$M$3, MATCH(C17, Mobility_Normative_Data!$O$3:$O$17, -1)-1, 0, 2), OFFSET(Mobility_Normative_Data!$O$3, MATCH(C17, Mobility_Normative_Data!$O$3:$O$17, -1)-1, 0, 2)) -> 55
A18: Cognitive Performance | B18: Processing speed (SD) | C18: 0 | M18: =C18 +(-0.2) -> -0.2 | O18: =MAX(18,B27-(C18*25)) -> 55
A19: Cognitive Performance | B19: Working memory (SD) | C19: 0 | M19: =C19+(-0.2) -> -0.2 | O19: =MAX(18,B27-(J1925)) -> 55
A23: Overall Decline predicitons
B25: Present | C25: 10 years time | D25: 20 Years time | E25: Thirty years | F25: 40 years
A26: Sex | B26: Male
A27: Chronological | B27: 55 | C27: =B27+10 -> 65 | D27: =C27+10 -> 75 | E27: =D27+10 -> 85 | F27: =E27+10 -> 95
A28: Vitality | B28: =R2 -> 55 | C28: =B28+(B28/100*11.5) -> 61.325 | D28: =C28+(C28/100*32.2) -> 81.07165 | E28: =D28+(D28/100*32.2) -> 107.17672 | F28: =E28+(E28/100*32.2) -> 141.68763
A29: Strength | B29: =R3 -> 55 | C29: =B29+(B29/100*12.3) -> 61.765 | D29: =C29+(C29/100*30.8) -> 80.78862 | E29: =D29+(D29/100*30.8) -> 105.67151 | F29: =E29+(E29/100*30.8) -> 138.21834
A30: Metabolic | B30: =R4 -> 56.285714 | C30: =B30+(B30/100*5.5) -> 59.381429 | D30: =C30+(C30/100*11) -> 65.913386 | E30: =D30+(D30/100*11) -> 73.163858 | F30: =E30+(E30/100*11) -> 81.211883
A31: Mobility | B31: =R5 -> 53.5 | C31: =B31+(B31/100*9.9) -> 58.7965 | D31: =C31+(C31/100*19.8) -> 70.438207 | E31: =D31+(D31/100*19.8) -> 84.384972 | F31: =E31+(E31/100*19.8) -> 101.0932 | N31: Graphing
A32: Cognitive | B32: =R6 -> 55 | C32: =B32+(B32/100*20) -> 66 | D32: =C32+(C32/100*60) -> 105.6 | E32: =D32+(D32/100*60) -> 168.96 | F32: =E32+(E32/100*60) -> 270.336 | N32: Chronological Age | O32: Vitality Decline of an average 50 Year old Woman | Q32: Chronological Age | R32: Strength Decline of an average 50 Year old Woman | T32: Chronological Age | U32: Metabolic Decline of an average 50 Year old Woman | W32: Chronological Age | X32: Mobility Decline of an average 50 Year old Woman | Z32: Chronological Age | AA32: Cognitive Decline of an average 50 Year old Woman
N33: =B27 -> 55 | O33: =R2 -> 55 | Q33: =N33 -> 55 | R33: =R3 -> 55 | T33: =N33 -> 55 | U33: =R4 -> 56.285714 | W33: =N33 -> 55 | X33: =R5 -> 53.5 | Z33: =N33 -> 55 | AA33: =R6 -> 55
N34: =N33+1 -> 56 | O34: =O33+(O33*0.0115) -> 55.6325 | Q34: =Q33+1 -> 56 | R34: =R33+(R33*0.0123) -> 55.6765 | T34: =T33+1 -> 56 | U34: =U33+(U33*0.0055) -> 56.595286 | W34: =W33+1 -> 56 | X34: =X33+(X33*0.0099) -> 54.02965 | Z34: =Z33+1 -> 56 | AA34: =AA33+(AA33*0.02) -> 56.1
N35: =N34+1 -> 57 | O35: =O34+(O34*0.0115) -> 56.272274 | Q35: =Q34+1 -> 57 | R35: =R34+(R34*0.0123) -> 56.361321 | T35: =T34+1 -> 57 | U35: =U34+(U34*0.0055) -> 56.90656 | W35: =W34+1 -> 57 | X35: =X34+(X34*0.0099) -> 54.564544 | Z35: =Z34+1 -> 57 | AA35: =AA34+(AA34*0.02) -> 57.222
A36: Functional Biological Age | N36: =N35+1 -> 58 | O36: =O35+(O35*0.0115) -> 56.919405 | Q36: =Q35+1 -> 58 | R36: =R35+(R35*0.0123) -> 57.054565 | T36: =T35+1 -> 58 | U36: =U35+(U35*0.0055) -> 57.219546 | W36: =W35+1 -> 58 | X36: =X35+(X35*0.0099) -> 55.104733 | Z36: =Z35+1 -> 58 | AA36: =AA35+(AA35*0.02) -> 58.36644
A37: =(B28/100*20)+(B29/100*20)+(B30/100*25)+(B31/100*20)+(B32/100*15) -> 55.021429 | N37: =N36+1 -> 59 | O37: =O36+(O36*0.0115) -> 57.573978 | Q37: =Q36+1 -> 59 | R37: =R36+(R36*0.0123) -> 57.756336 | T37: =T36+1 -> 59 | U37: =U36+(U36*0.0055) -> 57.534253 | W37: =W36+1 -> 59 | X37: =X36+(X36*0.0099) -> 55.650269 | Z37: =Z36+1 -> 59 | AA37: =AA36+(AA36*0.02) -> 59.533769
N38: =N37+1 -> 60 | O38: =O37+(O37*0.0115) -> 58.236079 | Q38: =Q37+1 -> 60 | R38: =R37+(R37*0.0123) -> 58.466739 | T38: =T37+1 -> 60 | U38: =U37+(U37*0.0055) -> 57.850692 | W38: =W37+1 -> 60 | X38: =X37+(X37*0.0099) -> 56.201207 | Z38: =Z37+1 -> 60 | AA38: =AA37+(AA37*0.02) -> 60.724444
N39: =N38+1 -> 61 | O39: =O38+(O38*0.0115) -> 58.905794 | Q39: =Q38+1 -> 61 | R39: =R38+(R38*0.0123) -> 59.18588 | T39: =T38+1 -> 61 | U39: =U38+(U38*0.0055) -> 58.168871 | W39: =W38+1 -> 61 | X39: =X38+(X38*0.0099) -> 56.757599 | Z39: =Z38+1 -> 61 | AA39: =AA38+(AA38*0.02) -> 61.938933
N40: =N39+1 -> 62 | O40: =O39+(O39*0.0115) -> 59.58321 | Q40: =Q39+1 -> 62 | R40: =R39+(R39*0.0123) -> 59.913867 | T40: =T39+1 -> 62 | U40: =U39+(U39*0.0055) -> 58.488799 | W40: =W39+1 -> 62 | X40: =X39+(X39*0.0099) -> 57.319499 | Z40: =Z39+1 -> 62 | AA40: =AA39+(AA39*0.02) -> 63.177712
N41: =N40+1 -> 63 | O41: =O40+(O40*0.0115) -> 60.268417 | Q41: =Q40+1 -> 63 | R41: =R40+(R40*0.0123) -> 60.650807 | T41: =T40+1 -> 63 | U41: =U40+(U40*0.0055) -> 58.810488 | W41: =W40+1 -> 63 | X41: =X40+(X40*0.0099) -> 57.886962 | Z41: =Z40+1 -> 63 | AA41: =AA40+(AA40*0.02) -> 64.441266
B42: Age | C42: Vitality | D42: Age | E42: Strength | F42: Age | G42: Metabolic | H42: Age | I42: Mobility | J42: Age | K42: Cognitive | N42: =N41+1 -> 64 | O42: =O41+(O41*0.0115) -> 60.961504 | Q42: =Q41+1 -> 64 | R42: =R41+(R41*0.0123) -> 61.396812 | T42: =T41+1 -> 64 | U42: =U41+(U41*0.0055) -> 59.133945 | W42: =W41+1 -> 64 | X42: =X41+(X41*0.0099) -> 58.460043 | Z42: =Z41+1 -> 64 | AA42: =AA41+(AA41*0.02) -> 65.730091
B43: =B27 -> 55 | C43: =B28 -> 55 | D43: =B43 -> 55 | E43: =B29 -> 55 | F43: =B27 -> 55 | G43: =B30 -> 56.285714 | H43: =B27 -> 55 | I43: =B31 -> 53.5 | J43: =B27 -> 55 | K43: =B32 -> 55 | N43: =N42+1 -> 65 | O43: =O42+(O42*0.0115) -> 61.662561 | Q43: =Q42+1 -> 65 | R43: =R42+(R42*0.0123) -> 62.151993 | T43: =T42+1 -> 65 | U43: =U42+(U42*0.0055) -> 59.459182 | W43: =W42+1 -> 65 | X43: =X42+(X42*0.0099) -> 59.038798 | Z43: =Z42+1 -> 65 | AA43: =AA42+(AA42*0.02) -> 67.044693
B44: =C27 -> 65 | C44: =C28 -> 61.325 | D44: =B44 -> 65 | E44: =C29 -> 61.765 | F44: =C27 -> 65 | G44: =C30 -> 59.381429 | H44: =C27 -> 65 | I44: =C31 -> 58.7965 | J44: =C27 -> 65 | K44: =C32 -> 66
B45: =D27 -> 75 | C45: =D28 -> 81.07165 | D45: =D27 -> 75 | E45: =D29 -> 80.78862 | F45: =D27 -> 75 | G45: =D30 -> 65.913386 | H45: =D27 -> 75 | I45: =D31 -> 70.438207 | J45: =D27 -> 75 | K45: =D32 -> 105.6
B46: =E27 -> 85 | C46: =E28 -> 107.17672 | D46: =E27 -> 85 | E46: =E29 -> 105.67151 | F46: =E27 -> 85 | G46: =E30 -> 73.163858 | H46: =E27 -> 85 | I46: =E31 -> 84.384972 | J46: =E27 -> 85 | K46: =E32 -> 168.96
B47: =F27 -> 95 | C47: =F28 -> 141.68763 | D47: =F27 -> 95 | E47: =F29 -> 138.21834 | F47: =F27 -> 95 | G47: =F31 -> 101.0932 | H47: =F27 -> 95 | I47: =F31 -> 101.0932 | J47: =F27 -> 95 | K47: =F32 -> 270.336

Sheet Average_60_Year_Old_Man_Pro 
A1: Pillar | B1: Metric | D1: 1 | E1: 2 | F1: 3 | G1: 4 | H1: 5 | I1: 6 | J1: 7 | K1: 8 | L1: 9 | M1: 10 | R1: Combined Scores
A2: Vitality | B2: VO2 max (ml/kg/min) | C2: 30.2 | D2: =C2-(C2/100*D1) -> 29.898 | E2: =D2-(D2/100*E1) -> 29.30004 | F2: =E2-(E2/100*F1) -> 28.421039 | G2: =F2-(F2/100*G1) -> 27.284197 | H2: =G2-(G2/100*H1) -> 25.919987 | I2: =H2-(H2/100*I1) -> 24.364788 | J2: =I2-(I2/100*J1) -> 22.659253 | K2: =J2-(J2/100*K1) -> 20.846513 | ... M2: =L2-(L2/100*M1) -> 17.073294 | Q2: Vitality | R2: =B27+ ((1 -((C2 / 30.2) * 0.7 )-((C3 / 100) * 0.3 )) * 100) -> 60
A3: Vitality | B3: FEV1 (% predicted) | C3: 100 | D3: =C3-(C3/100*D1) -> 99 | E3: =D3-(D3/100*E1) -> 97.02 | F3: =E3-(E3/100*F1) -> 94.1094 | G3: =F3-(F3/100*G1) -> 90.345024 | H3: =G3-(G3/100*H1) -> 85.827773 | I3: =H3-(H3/100*I1) -> 80.678106 | J3: =I3-(I3/100*J1) -> 75.030639 | K3: =J3-(J3/100*K1) -> 69.028188 | ... M3: =L3-(L3/100*M1) -> 56.534086 | Q3: Strength | R3: =((O4/100*50)+(O5/100*25)+(O6/100*25)) -> 60 | T3: Functional Biological Age
A4: Strength & Power | B4: Grip strength (kg) | C4: 42 | D4: =C4-(C4/100*D1) -> 41.58 | E4: =D4-(D4/100*E1) -> 40.7484 | F4: =E4-(E4/100*F1) -> 39.525948 | G4: =F4-(F4/100*G1) -> 37.94491 | H4: =G4-(G4/100*H1) -> 36.047665 | I4: =H4-(H4/100*I1) -> 33.884805 | J4: =I4-(I4/100*J1) -> 31.512868 | K4: =J4-(J4/100*K1) -> 28.991839 | ... M4: =L4-(L4/100*M1) -> 23.744316 | O4: =IF(B27<30, FORECAST(C4, OFFSET(Strength_Normative_Data!$A$3, MATCH(C4, Strength_Normative_Data!$B$3:$B$5, 1)-1, 0, 2), OFFSET(Strength_Normative_Data!$B$3, MATCH(C4, Strength_Normative_Data!$B$3:$B$5, 1)-1, 0, 2)), FORECAST(C4, OFFSET(Strength_Normative_Data!$A$5, MATCH(C4, Strength_Normative_Data!$B$5:$B$16, -1)-1, 0, 2), OFFSET(Strength_Normative_Data!$B$5, MATCH(C4, Strength_Normative_Data!$B$5:$B$16, -1)-1, 0, 2))) -> 60 | Q4: Metabolic | R4: =B27 - 9*R11 -> 60.507857 | T4: =(R2/100*20)+(R3/100*20)+(R4/100*25)+(R5/100*20)+(R6/100*15) -> 60.126964
A5: Strength & Power | B5: STS Power (W/kg) | C5: 2.7 | M5: =C5-(C5/100*12) -> 2.376 | O5: =FORECAST(C5, OFFSET(Strength_Normative_Data!$O$3, MATCH(C5, Strength_Normative_Data!$P$3:$P$17, -1)-1, 0, 2), OFFSET(Strength_Normative_Data!$P$3, MATCH(C5, Strength_Normative_Data!$P$3:$P$17, -1)-1, 0, 2)) -> 60 | Q5: Functional Mobility | R5: =((O14/100*30)+(O15/100*25)+(O16/100*30)+(O17/100*15)) -> 60
A6: Strength & Power | B6: Vertical jump (cm) | C6: 32 | M6: =C6-(C6/100*12) -> 28.16 | O6: =FORECAST(C6, OFFSET(Strength_Normative_Data!$J$3, MATCH(C6, Strength_Normative_Data!$K$3:$K$16, -1)-1, 0, 2), OFFSET(Strength_Normative_Data!$K$3, MATCH(C6, Strength_Normative_Data!$K$3:$K$16, -1)-1, 0, 2)) -> 60 | Q6: Cognitive | R6: =((O18/100*60)+(O19/100*40)) -> 60
A7: Metabolic Health | B7: Body fat (%) | C7: 27 | M7: =C7+(C7/100*6) -> 28.62
A8: Metabolic Health | B8: Waist to height ratio | C8: 0.57 | M8: =C8+(C8/100*4) -> 0.5928 | O8: =IF(C8<=0.4,0, IF(C8<=0.5,20*(C8-0.4)/0.1, IF(C8<=0.6,20+40*(C8-0.5)/0.1, 60+40*(MIN(C8,0.75)-0.6)/0.15))) -> 48
A9: Metabolic Health | B9: Fasting glucose (mmol/L) | C9: 5.6
A10: Metabolic Health | B10: HbA1c (%) | C10: 5.8 | M10: =C10+(C10/100*5) -> 6.09 | O10: =IF(C10<5.7,10*(C10/5.7), IF(C10<6.5,10+40*(C10-5.7)/0.8, 50+50*(MIN(C10,9)-6.5)/2.5)) -> 15 | Q10: Metabolic Index | R10: Metabolic Z score
A11: Metabolic Health | B11: HOMA IR | C11: 2.8 | M11: =C11+(C11/100*14) -> 3.192 | O11: =IF(C11<1.6,10*(C11/1.6), IF(C11<3,10+40*(C11-1.6)/1.4, 50+50*(MIN(C11,7)-3)/4)) -> 44.285714 | Q11: =(0.3*P12)+(0.2*O8)+(0.15*O10)+(0.25*O11)+(0.1*O13) -> 37.821429 | R11: =IF(Q11<=10,1.5-0.1*Q11, IF(Q11<=60,0.5-0.02*(Q11-10), -0.5-0.03*(Q11-60))) -> -0.056428571
A12: Metabolic Health | B12: ApoB (g/L) | C12: 1.1 | M12: =C12+(C12/100*6) -> 1.166 | O12: =C12*100 -> 110 | P12: =IF(O12<80,5*(O12/80), IF(O12<100,10+20*(O12-80)/20, IF(O12<130,30+25*(O12-100)/30, IF(O12<160,55+25*(O12-130)/30, IF(O12<200,80+20*(O12-160)/40,100))))) -> 38.333333
A13: Metabolic Health | B13: hsCRP (mg/L) | C13: 2.2 | M13: =C13+(C13/100*18) -> 2.596 | O13: =IF(C13<1,10*(C13/1), IF(C13<3,10+40*(C13-1)/2, 50+50*(MIN(C13,10)-3)/7)) -> 34
A14: Functional Mobility | B14: Gait speed (m/s) | C14: 1.33 | M14: =C14+(C14/100*6) -> 1.4098 | O14: 60
A15: Functional Mobility | B15: Timed Up and Go (sec) | C15: 8 | M15: =C15+(C15/100*10) -> 8.8 | O15: =FORECAST(C15, OFFSET(Mobility_Normative_Data!$E$3, MATCH(C15, Mobility_Normative_Data!$F$3:$F$18, 1)-1, 0, 2), OFFSET(Mobility_Normative_Data!$F$3, MATCH(C15, Mobility_Normative_Data!$F$3:$F$18, 1)-1, 0, 2)) -> 60
A16: Functional Mobility | B16: Single leg stance (sec) | C16: 30 | M16: =C16+(C16/100*20) -> 36 | O16: =FORECAST(C16, OFFSET(Mobility_Normative_Data!$I$3, MATCH(C16, Mobility_Normative_Data!$J$3:$J$17, -1)-1, 0, 2), OFFSET(Mobility_Normative_Data!$J$3, MATCH(C16, Mobility_Normative_Data!$J$3:$J$17, -1)-1, 0, 2)) -> 60
A17: Functional Mobility | B17: Sit and reach (cm) | C17: 28 | M17: =C17+(C17/100*10) -> 30.8 | O17: =FORECAST(C17, OFFSET(Mobility_Normative_Data!$M$3, MATCH(C17, Mobility_Normative_Data!$N$3:$N$17, -1)-1, 0, 2), OFFSET(Mobility_Normative_Data!$N$3, MATCH(C17, Mobility_Normative_Data!$N$3:$N$17, -1)-1, 0, 2)) -> 60
A18: Cognitive Performance | B18: Processing speed (SD) | C18: 0 | M18: =C18 +(-0.2) -> -0.2 | O18: =MAX(18,B27-(C18*25)) -> 60
A19: Cognitive Performance | B19: Working memory (SD) | C19: 0 | M19: =C19+(-0.2) -> -0.2 | O19: =MAX(18,B27-(J1925)) -> 60
A23: Overall Decline predicitons
B25: Present | C25: 10 years time | D25: 20 Years time | E25: Thirty years | F25: 40 years
A26: Sex | B26: Male
A27: Chronological | B27: 60 | C27: =B27+10 -> 70 | D27: =C27+10 -> 80 | E27: =D27+10 -> 90 | F27: =E27+10 -> 100
A28: Vitality | B28: =R2 -> 60 | C28: =B28+(B28/100*11.5) -> 66.9 | D28: =C28+(C28/100*32.2) -> 88.4418 | E28: =D28+(D28/100*32.2) -> 116.92006 | F28: =E28+(E28/100*32.2) -> 154.56832
A29: Strength | B29: =R3 -> 60 | C29: =B29+(B29/100*12.3) -> 67.38 | D29: =C29+(C29/100*30.8) -> 88.13304 | E29: =D29+(D29/100*30.8) -> 115.27802 | F29: =E29+(E29/100*30.8) -> 150.78365
A30: Metabolic | B30: =R4 -> 60.507857 | C30: =B30+(B30/100*5.5) -> 63.835789 | D30: =C30+(C30/100*11) -> 70.857726 | E30: =D30+(D30/100*11) -> 78.652076 | F30: =E30+(E30/100*11) -> 87.303804
A31: Mobility | B31: =R5 -> 60 | C31: =B31+(B31/100*9.9) -> 65.94 | D31: =C31+(C31/100*19.8) -> 78.99612 | E31: =D31+(D31/100*19.8) -> 94.637352 | F31: =E31+(E31/100*19.8) -> 113.37555 | N31: Graphing
A32: Cognitive | B32: =R6 -> 60 | C32: =B32+(B32/100*20) -> 72 | D32: =C32+(C32/100*60) -> 115.2 | E32: =D32+(D32/100*60) -> 184.32 | F32: =E32+(E32/100*60) -> 294.912 | N32: Chronological Age | O32: Vitality Decline of an average 60 Year old Man | Q32: Chronological Age | R32: Strength Decline of an average 60 Year old Man | T32: Chronological Age | U32: Metabolic Decline of an average 60 Year old Man | W32: Chronological Age | X32: Mobility Decline of an average 60 Year old Man | Z32: Chronological Age | AA32: Cognitive Decline of an average 60 Year old Man
N33: =B27 -> 60 | O33: =R2 -> 60 | Q33: =N33 -> 60 | R33: =R3 -> 60 | T33: =N33 -> 60 | U33: =R4 -> 60.507857 | W33: =N33 -> 60 | X33: =R5 -> 60 | Z33: =N33 -> 60 | AA33: =R6 -> 60
N34: =N33+1 -> 61 | O34: =O33+(O33*0.0115) -> 60.69 | Q34: =Q33+1 -> 61 | R34: =R33+(R33*0.0123) -> 60.738 | T34: =T33+1 -> 61 | U34: =U33+(U33*0.0055) -> 60.84065 | W34: =W33+1 -> 61 | X34: =X33+(X33*0.0099) -> 60.594 | Z34: =Z33+1 -> 61 | AA34: =AA33+(AA33*0.02) -> 61.2
N35: =N34+1 -> 62 | O35: =O34+(O34*0.0115) -> 61.387935 | Q35: =Q34+1 -> 62 | R35: =R34+(R34*0.0123) -> 61.485077 | T35: =T34+1 -> 62 | U35: =U34+(U34*0.0055) -> 61.175274 | W35: =W34+1 -> 62 | X35: =X34+(X34*0.0099) -> 61.193881 | Z35: =Z34+1 -> 62 | AA35: =AA34+(AA34*0.02) -> 62.424
A36: Functional Biological Age | N36: =N35+1 -> 63 | O36: =O35+(O35*0.0115) -> 62.093896 | Q36: =Q35+1 -> 63 | R36: =R35+(R35*0.0123) -> 62.241344 | T36: =T35+1 -> 63 | U36: =U35+(U35*0.0055) -> 61.511738 | W36: =W35+1 -> 63 | X36: =X35+(X35*0.0099) -> 61.7997 | Z36: =Z35+1 -> 63 | AA36: =AA35+(AA35*0.02) -> 63.67248
A37: =(B28/100*20)+(B29/100*20)+(B30/100*25)+(B31/100*20)+(B32/100*15) -> 60.126964 | N37: =N36+1 -> 64 | O37: =O36+(O36*0.0115) -> 62.807976 | Q37: =Q36+1 -> 64 | R37: =R36+(R36*0.0123) -> 63.006912 | T37: =T36+1 -> 64 | U37: =U36+(U36*0.0055) -> 61.850052 | W37: =W36+1 -> 64 | X37: =X36+(X36*0.0099) -> 62.411517 | Z37: =Z36+1 -> 64 | AA37: =AA36+(AA36*0.02) -> 64.94593
N38: =N37+1 -> 65 | O38: =O37+(O37*0.0115) -> 63.530268 | Q38: =Q37+1 -> 65 | R38: =R37+(R37*0.0123) -> 63.781897 | T38: =T37+1 -> 65 | U38: =U37+(U37*0.0055) -> 62.190228 | W38: =W37+1 -> 65 | X38: =X37+(X37*0.0099) -> 63.029391 | Z38: =Z37+1 -> 65 | AA38: =AA37+(AA37*0.02) -> 66.244848
N39: =N38+1 -> 66 | O39: =O38+(O38*0.0115) -> 64.260866 | Q39: =Q38+1 -> 66 | R39: =R38+(R38*0.0123) -> 64.566415 | T39: =T38+1 -> 66 | U39: =U38+(U38*0.0055) -> 62.532274 | W39: =W38+1 -> 66 | X39: =X38+(X38*0.0099) -> 63.653382 | Z39: =Z38+1 -> 66 | AA39: =AA38+(AA38*0.02) -> 67.569745
N40: =N39+1 -> 67 | O40: =O39+(O39*0.0115) -> 64.999866 | Q40: =Q39+1 -> 67 | R40: =R39+(R39*0.0123) -> 65.360582 | T40: =T39+1 -> 67 | U40: =U39+(U39*0.0055) -> 62.876202 | W40: =W39+1 -> 67 | X40: =X39+(X39*0.0099) -> 64.283551 | Z40: =Z39+1 -> 67 | AA40: =AA39+(AA39*0.02) -> 68.92114
N41: =N40+1 -> 68 | O41: =O40+(O40*0.0115) -> 65.747364 | Q41: =Q40+1 -> 68 | R41: =R40+(R40*0.0123) -> 66.164517 | T41: =T40+1 -> 68 | U41: =U40+(U40*0.0055) -> 63.222021 | W41: =W40+1 -> 68 | X41: =X40+(X40*0.0099) -> 64.919958 | Z41: =Z40+1 -> 68 | AA41: =AA40+(AA40*0.02) -> 70.299563
B42: Age | C42: Vitality | D42: Age | E42: Strength | F42: Age | G42: Metabolic | H42: Age | I42: Mobility | J42: Age | K42: Cognitive | N42: =N41+1 -> 69 | O42: =O41+(O41*0.0115) -> 66.503459 | Q42: =Q41+1 -> 69 | R42: =R41+(R41*0.0123) -> 66.97834 | T42: =T41+1 -> 69 | U42: =U41+(U41*0.0055) -> 63.569742 | W42: =W41+1 -> 69 | X42: =X41+(X41*0.0099) -> 65.562665 | Z42: =Z41+1 -> 69 | AA42: =AA41+(AA41*0.02) -> 71.705554
B43: =B27 -> 60 | C43: =B28 -> 60 | D43: =B43 -> 60 | E43: =B29 -> 60 | F43: =B27 -> 60 | G43: =B30 -> 60.507857 | H43: =B27 -> 60 | I43: =B31 -> 60 | J43: =B27 -> 60 | K43: =B32 -> 60 | N43: =N42+1 -> 70 | O43: =O42+(O42*0.0115) -> 67.268249 | Q43: =Q42+1 -> 70 | R43: =R42+(R42*0.0123) -> 67.802174 | T43: =T42+1 -> 70 | U43: =U42+(U42*0.0055) -> 63.919375 | W43: =W42+1 -> 70 | X43: =X42+(X42*0.0099) -> 66.211736 | Z43: =Z42+1 -> 70 | AA43: =AA42+(AA42*0.02) -> 73.139665
B44: =C27 -> 70 | C44: =C28 -> 66.9 | D44: =B44 -> 70 | E44: =C29 -> 67.38 | F44: =C27 -> 70 | G44: =C30 -> 63.835789 | H44: =C27 -> 70 | I44: =C31 -> 65.94 | J44: =C27 -> 70 | K44: =C32 -> 72
B45: =D27 -> 80 | C45: =D28 -> 88.4418 | D45: =D27 -> 80 | E45: =D29 -> 88.13304 | F45: =D27 -> 80 | G45: =D30 -> 70.857726 | H45: =D27 -> 80 | I45: =D31 -> 78.99612 | J45: =D27 -> 80 | K45: =D32 -> 115.2
B46: =E27 -> 90 | C46: =E28 -> 116.92006 | D46: =E27 -> 90 | E46: =E29 -> 115.27802 | F46: =E27 -> 90 | G46: =E30 -> 78.652076 | H46: =E27 -> 90 | I46: =E31 -> 94.637352 | J46: =E27 -> 90 | K46: =E32 -> 184.32
B47: =F27 -> 100 | C47: =F28 -> 154.56832 | D47: =F27 -> 100 | E47: =F29 -> 150.78365 | F47: =F27 -> 100 | G47: =F31 -> 113.37555 | H47: =F27 -> 100 | I47: =F31 -> 113.37555 | J47: =F27 -> 100 | K47: =F32 -> 294.912

Sheet Average_60_Year_Old_Woman_Pro
A1: Pillar | B1: Metric | D1: 1 | E1: 2 | F1: 3 | G1: 4 | H1: 5 | I1: 6 | J1: 7 | K1: 8 | L1: 9 | M1: 10 | R1: Combined Scores
A2: Vitality | B2: VO2 max (ml/kg/min) | C2: 22.8 | D2: =C2-(C2/100*D1) -> 22.572 | E2: =D2-(D2/100*E1) -> 22.12056 | F2: =E2-(E2/100*F1) -> 21.456943 | G2: =F2-(F2/100*G1) -> 20.598665 | H2: =G2-(G2/100*H1) -> 19.568732 | I2: =H2-(H2/100*I1) -> 18.394608 | J2: =I2-(I2/100*J1) -> 17.106986 | K2: =J2-(J2/100*K1) -> 15.738427 | ... M2: =L2-(L2/100*M1) -> 12.889772 | Q2: Vitality | R2: =B27+ ((1 -((C2 / 22.8) * 0.7 )-((C3 / 100) * 0.3 )) * 100) -> 60
A3: Vitality | B3: FEV1 (% predicted) | C3: 100 | D3: =C3-(C3/100*D1) -> 99 | E3: =D3-(D3/100*E1) -> 97.02 | F3: =E3-(E3/100*F1) -> 94.1094 | G3: =F3-(F3/100*G1) -> 90.345024 | H3: =G3-(G3/100*H1) -> 85.827773 | I3: =H3-(H3/100*I1) -> 80.678106 | J3: =I3-(I3/100*J1) -> 75.030639 | K3: =J3-(J3/100*K1) -> 69.028188 | ... M3: =L3-(L3/100*M1) -> 56.534086 | Q3: Strength | R3: =((O4/100*50)+(O5/100*25)+(O6/100*25)) -> 60 | T3: Functional Biological Age
A4: Strength & Power | B4: Grip strength (kg) | C4: 25 | D4: =C4-(C4/100*D1) -> 24.75 | E4: =D4-(D4/100*E1) -> 24.255 | F4: =E4-(E4/100*F1) -> 23.52735 | G4: =F4-(F4/100*G1) -> 22.586256 | H4: =G4-(G4/100*H1) -> 21.456943 | I4: =H4-(H4/100*I1) -> 20.169527 | J4: =I4-(I4/100*J1) -> 18.75766 | K4: =J4-(J4/100*K1) -> 17.257047 | ... M4: =L4-(L4/100*M1) -> 14.133521 | O4: =IF(B27<30, FORECAST(C4, OFFSET(Strength_Normative_Data!$A$3, MATCH(C4, Strength_Normative_Data!$C$3:$C$5, 1)-1, 0, 2), OFFSET(Strength_Normative_Data!$C$3, MATCH(C4, Strength_Normative_Data!$C$3:$C$5, 1)-1, 0, 2)), FORECAST(C4, OFFSET(Strength_Normative_Data!$A$5, MATCH(C4, Strength_Normative_Data!$C$5:$C$16, -1)-1, 0, 2), OFFSET(Strength_Normative_Data!$C$5, MATCH(C4, Strength_Normative_Data!$C$5:$C$16, -1)-1, 0, 2))) -> 60 | Q4: Metabolic | R4: =B27 - 9*R11 -> 60.007714 | T4: =(R2/100*20)+(R3/100*20)+(R4/100*25)+(R5/100*20)+(R6/100*15) -> 60.001929
A5: Strength & Power | B5: STS Power (W/kg) | C5: 2.1 | M5: =C5-(C5/100*12) -> 1.848 | O5: =FORECAST(C5, OFFSET(Strength_Normative_Data!$O$3, MATCH(C5, Strength_Normative_Data!$Q$3:$Q$17, -1)-1, 0, 2), OFFSET(Strength_Normative_Data!$Q$3, MATCH(C5, Strength_Normative_Data!$Q$3:$Q$17, -1)-1, 0, 2)) -> 60 | Q5: Functional Mobility | R5: =((O14/100*30)+(O15/100*25)+(O16/100*30)+(O17/100*15)) -> 60
