Workbook

Sheet Vitality Normative Data
A1: VO2 Max Male | I1: VO2 Max Female | R1: FEV1
A2: Age Group | B2: 10th (Poor) | C2: 25th (Fair) | D2: 50th (Average) | E2: 75th (Good) | F2: 90th (Excellent) | G2: 95th (Superior) | I2: Age Group | J2: 10th (Poor) | K2: 25th (Fair) | L2: 50th (Average) | M2: 75th (Good) | N2: 90th (Excellent) | O2: 95th (Superior) | R2: Height (inches) | S2: Height (cm) | T2: Peak Male FEV1 (Liters) | U2: Peak Female FEV1 (Liters)
A3: 20-29 | B3: 33 | C3: 40.2 | D3: 48 | E3: 56.5 | F3: 64.1 | G3: 69.4 | I3: 20-29 | J3: 23.6 | K3: 28.9 | L3: 37.6 | M3: 44.5 | N3: 51.5 | O3: 55.4 | Q3: 5 foot | R3: 60 | S3: 152 | T3: 3.25 | U3: 2.55
A4: 30-39 | B4: 29.5 | C4: 35.5 | D4: 43.4 | E4: 52.5 | F4: 58.7 | G4: 64.4 | I4: 30-39 | J4: 21.8 | K4: 26.5 | L4: 34.7 | M4: 41 | N4: 47 | O4: 50.8 | R4: 61 | S4: 155 | T4: 3.35 | U4: 2.65
A5: 40-49 | B5: 25.6 | C5: 32.1 | D5: 39.5 | E5: 47.4 | F5: 54.5 | G5: 59.9 | I5: 40-49 | J5: 19 | K5: 24.1 | L5: 30.6 | M5: 36.7 | N5: 42.1 | O5: 46.1 | R5: 62 | S5: 157 | T5: 3.45 | U5: 2.7
A6: 50-59 | B6: 23.3 | C6: 28.6 | D6: 34.5 | E6: 41.5 | F6: 48 | G6: 52.8 | I6: 50-59 | J6: 17 | K6: 21.3 | L6: 26.6 | M6: 31.9 | N6: 36.4 | O6: 39.5 | R6: 63 | S6: 160 | T6: 3.55 | U6: 2.8
A7: 60-69 | B7: 19.3 | C7: 24.3 | D7: 30.2 | E7: 36.3 | F7: 42.1 | G7: 46.4 | I7: 60-69 | J7: 14.7 | K7: 18.2 | L7: 22.8 | M7: 27.2 | N7: 31.3 | O7: 34.6 | R7: 64 | S7: 163 | T7: 3.7 | U7: 2.9
A8: 70-79 | B8: 16.5 | C8: 20.2 | D8: 25.2 | E8: 30.5 | F8: 36.3 | G8: 41.2 | I8: 70-79 | J8: 13 | K8: 16.1 | L8: 20.4 | M8: 24 | N8: 27.7 | O8: 30.7 | R8: 65 | S8: 165 | T8: 3.8 | U8: 3
R9: 66 | S9: 168 | T9: 3.95 | U9: 3.05
R10: 67 | S10: 170 | T10: 4.05 | U10: 3.15
R11: 68 | S11: 173 | T11: 4.2 | U11: 3.25
R12: 69 | S12: 175 | T12: 4.3 | U12: 3.35
R13: 70 | S13: 178 | T13: 4.45 | U13: 3.45
R14: 71 | S14: 180 | T14: 4.55 | U14: 3.5
C15: VO2 Max Taken from the Cooper Institue for Aerobics Research Dallas TX | Q15: 6 foot | R15: 72 | S15: 183 | T15: 4.7 | U15: 3.6
R16: 73 | S16: 185 | T16: 4.85 | U16: 3.7
R17: 74 | S17: 188 | T17: 5 | U17: 3.8
R18: 75 | S18: 190 | T18: 5.15 | U18: 3.9
R21: You should use a spirometry software package that calculates predicted FEV1 values (and other lung function parameters) based on Global Lung Function Initiative (GLI) 2012 reference equations, inputting the individual's age, sex, height, and ethnicity

Sheet Strength_Normative_Data
A1: Grip Strength | J1: Vertical Jump | O1: Sit to Stand
A2: Age | B2: Male Grip (kg) | C2: Female Grip (kg) | J2: Age | K2: Male Jump (cm) | L2: Female Jump (cm) | O2: Age | P2: Male Power (W/kg) | Q2: Female Power (W/kg)
A3: 20 | B3: 48 | C3: 29 | J3: 20 | K3: 53 | L3: 35 | O3: 20 | P3: 4.3 | Q3: 3.2
A4: 25 | B4: 50 | C4: 30 | J4: 25 | K4: 51 | L4: 33.5 | O4: 25 | P4: 4.1 | Q4: 3.1
A5: 30 | B5: 51 | C5: 31 | J5: 30 | K5: 49 | L5: 32 | O5: 30 | P5: 3.9 | Q5: 3
A6: 35 | B6: 50 | C6: 31 | J6: 35 | K6: 46.5 | L6: 30 | O6: 35 | P6: 3.7 | Q6: 2.85
A7: 40 | B7: 49 | C7: 30 | J7: 40 | K7: 44 | L7: 28 | O7: 40 | P7: 3.5 | Q7: 2.7
A8: 45 | B8: 47 | C8: 29 | J8: 45 | K8: 41.5 | L8: 26 | O8: 45 | P8: 3.3 | Q8: 2.55
A9: 50 | B9: 46 | C9: 28 | J9: 50 | K9: 39 | L9: 24 | O9: 50 | P9: 3.1 | Q9: 2.4
A10: 55 | B10: 44 | C10: 27 | J10: 55 | K10: 35.5 | L10: 21.5 | O10: 55 | P10: 2.9 | Q10: 2.25
A11: 60 | B11: 42 | C11: 25 | J11: 60 | K11: 32 | L11: 19 | O11: 60 | P11: 2.7 | Q11: 2.1
A12: 65 | B12: 39 | C12: 23 | J12: 65 | K12: 28.5 | L12: 16.5 | O12: 65 | P12: 2.5 | Q12: 1.95
A13: 70 | B13: 36 | C13: 21 | J13: 70 | K13: 25 | L13: 14 | O13: 70 | P13: 2.3 | Q13: 1.8
A14: 75 | B14: 33 | C14: 19 | J14: 75 | K14: 21.5 | L14: 12 | O14: 75 | P14: 2.1 | Q14: 1.65
A15: 80 | B15: 30 | C15: 17 | J15: 80 | K15: 18 | L15: 10 | O15: 80 | P15: 1.9 | Q15: 1.5
A16: 85 | B16: 26 | C16: 14 | O16: 85 | P16: 1.7 | Q16: 1.35
O17: 90 | P17: 1.5 | Q17: 1.2
A18: Source: https://journals.plos.org/plosone/article?id=10.1371/journal.pone.0113637 | J18: https://go.gale.com/ps/i.do?id=GALE%7CA649711026&sid=googleScholar&v=2.1&it=r&linkaccess=abs&issn=08406529&p=AONE&sw=w&userGroupName=anon%7Eda6c86b0&aty=open-web-entry | O18: https://www.nature.com/articles/s41598-020-73395-4
J19: linked article references canadian health measures suvery which is where normative data originates from | O19: Derived from Toledo study for healthy aging in spain

Sheet Mobility_Normative_Data
A1: Gait Speed | E1: TUG | I1: Single Leg Stance | M1: Sit and Reach
A2: Age | B2: Male (m/s) | C2: Female (m/s) | E2: Age | F2: Male (sec) | G2: Female (sec) | I2: Age | J2: Male (sec) | K2: Female (sec) | M2: Age | N2: Male (cm) | O2: Female (cm)
A3: 20 | B3: 1.36 | C3: 1.34 | E3: 18 | F3: 3 | G3: 3 | I3: 20 | J3: 45 | K3: 45 | M3: 20 | N3: 39 | O3: 42
A4: 25 | B4: 1.36 | C4: 1.34 | E4: 20 | F4: 5 | G4: 5.5 | I4: 25 | J4: 44 | K4: 44 | M4: 25 | N4: 38 | O4: 41
A5: 30 | B5: 1.43 | C5: 1.34 | E5: 25 | F5: 5.2 | G5: 5.8 | I5: 30 | J5: 43 | K5: 43 | M5: 30 | N5: 37 | O5: 40
A6: 35 | B6: 1.43 | C6: 1.34 | E6: 30 | F6: 5.5 | G6: 6 | I6: 35 | J6: 41 | K6: 41 | M6: 35 | N6: 36 | O6: 38
A7: 40 | B7: 1.43 | C7: 1.39 | E7: 35 | F7: 5.8 | G7: 6.2 | I7: 40 | J7: 39 | K7: 39 | M7: 40 | N7: 34 | O7: 37
A8: 45 | B8: 1.43 | C8: 1.39 | E8: 40 | F8: 6 | G8: 6.5 | I8: 45 | J8: 37 | K8: 37 | M8: 45 | N8: 32.5 | O8: 35.5
A9: 50 | B9: 1.43 | C9: 1.31 | E9: 45 | F9: 6.5 | G9: 7 | I9: 50 | J9: 35 | K9: 35 | M9: 50 | N9: 31 | O9: 34
A10: 55 | B10: 1.43 | C10: 1.31 | E10: 50 | F10: 7 | G10: 7.5 | I10: 55 | J10: 33 | K10: 32 | M10: 55 | N10: 29.5 | O10: 32.5
A11: 60 | B11: 1.33 | C11: 1.24 | E11: 55 | F11: 7.5 | G11: 8 | I11: 60 | J11: 30 | K11: 29 | M11: 60 | N11: 28 | O11: 31
A12: 65 | B12: 1.33 | C12: 1.24 | E12: 60 | F12: 8 | G12: 8.5 | I12: 65 | J12: 25 | K12: 22 | M12: 65 | N12: 26.5 | O12: 30
A13: 70 | B13: 1.26 | C13: 1.13 | E13: 65 | F13: 8.5 | G13: 9 | I13: 70 | J13: 20 | K13: 16 | M13: 70 | N13: 25 | O13: 29
A14: 75 | B14: 1.26 | C14: 1.13 | E14: 70 | F14: 9 | G14: 9.5 | I14: 75 | J14: 15 | K14: 11 | M14: 75 | N14: 23.5 | O14: 27.5
A15: 80 | B15: 1.26 | C15: 1.13 | E15: 75 | F15: 9.5 | G15: 10 | I15: 80 | J15: 10 | K15: 7 | M15: 80 | N15: 22 | O15: 26
E16: 80 | F16: 10 | G16: 11 | I16: 85 | J16: 7 | K16: 5 | M16: 85 | N16: 20.5 | O16: 25
E17: 85 | F17: 11 | G17: 12 | I17: 90 | J17: 5 | K17: 3 | M17: 90 | N17: 19 | O17: 24
E18: 90 | F18: 12 | G18: 13
E19: Seems to based off Kearney, P. M., et al. (2013). "Cohort Profile: The Irish Longitudinal Study on Ageing." International Journal of Epidemiology, 40(4), 877-884.
A24: Gait speed | H24: Timed up and go | M24: Single Leg stance | R24: Sit and reach
A25: Age Group | B25: Male (Comfortable) | C25: Male (Maximum) | D25: Female (Comfortable) | E25: Female (Maximum) | H25: Age Group | I25: Mean Time (Seconds) | J25: 95% Confidence Interval | M25: Age Group | N25: Eyes OPEN (Mean ± SD) | O25: Eyes CLOSED (Mean ± SD) | R25: Age Group | S25: Male (cm) | T25: Female (cm)
A26: 20–29 | B26: 1.36 | C26: 2.53 | D26: 1.34 | E26: 2.47 (0.25) | H26: 60–69 | I26: 8.1 | J26: 7.1 – 9.0 | M26: 18–39 | N26: 45.1 (±0.1) | O26: 13.1 (±10.3) | R26: 20–29 | S26: 30 | T26: 33
A27: 30–39 | B27: 1.43 | C27: 2.46 | D27: 1.34 | E27: 2.34 | H27: 70–79 | I27: 9.2 | J27: 8.2 – 10.2 | M27: 40–49 | N27: 42.1 (±9.5) | O27: 13.5 (±8.8) | R27: 30–39 | S27: 28 | T27: 32
A28: 40–49 | B28: 1.43 | C28: 2.46 | D28: 1.39 | E28: 2.12 | H28: 80–99 | I28: 11.3 | J28: 10.0 – 12.7 | M28: 50–59 | N28: 40.9 (±9.9) | O28: 7.9 (±6.6) | R28: 40–49 | S28: 24 | T28: 30
A29: 50–59 | B29: 1.43 | C29: 2.14 | D29: 1.31 | E29: 2.01 | M29: 60–69 | N29: 30.4 (±16.4) | O29: 3.7 (±1.8) | R29: 50–59 | S29: 24 | T29: 30
A30: 60–69 | B30: 1.33 | C30: 1.93 | D30: 1.24 | E30: 1.77 | M30: 70–79 | N30: 16.7 (±15.3) | O30: 2.5 (±1.6) | R30: 60+ | S30: 20 | T30: 27
A31: 70–79 | B31: 1.26 | C31: 2.07 | D31: 1.13 | E31: 1.75 | M31: 80–99 | N31: 10.6 (±12.9) | O31: 1.8 (±1.4)
B33: Bohannon norms Gait speed Link: https://academic.oup.com/ageing/article-abstract/26/1/15/35875?redirectedFrom=fulltext&login=false | H33: The Real "Gold Standard" Data The most cited and reliable source for Timed Up and Go (TUG) norms comes from the meta-analysis by Bohannon (2006). Source: Reference values for the Timed Up and Go Test: A Descriptive Meta-Analysis, published in the Journal of Geriatric Physical Therapy. Here is the Bohannon (2006) data. You will notice it doesn't bother with ages under 60, because the test is clinically irrelevant for younger populations unless they have a specific injury. | M33: Springer, B.A., Marin, R., Cyhan, T., Roberts, H. and Gill, N.W. (2007) ‘Normative values for the unipedal stance test with eyes open and closed’, Journal of Geriatric Physical Therapy, 30(1), pp. 8–15 | R33: American College of Sports Medicine (2021) ACSM’s Guidelines for Exercise Testing and Prescription. 11th edn. Philadelphia: Wolters Kluwer

Sheet Metabolic_Normative_Data
B1: ApoB | C1: WHtR | D1: HOMA | E1: HbA1c | F1: hscrp | H1: 15 | J1: AgeMin | K1: AgeMax | L1: Sex | M1: BaseIndex
A2: Low risk | B2: <90 | C2: <0.5 | D2: <1.5 | E2: 4.0 - 5.4 | F2: <1 | H2: 8 | J2: 18 | K2: 29 | L2: Any | M2: 8
A3: Normal | B3: 90 - 129 | C3: 0.5 - 0.59 | D3: 1.5 - 2.4 | E3: 5.5 - 5.6 | F3: 1.0 - 3.0 | J3: 30 | K3: 39 | L3: Any | M3: 8.8
A4: Elevated | B4: >130 | C4: >0.6 | D4: >2.5 | E4: >5.7 | F4: >3 | J4: 40 | K4: 49 | L4: Any | M4: 9.6
J5: 50 | K5: 59 | L5: Any | M5: 10.5
J6: 60 | K6: 69 | L6: Any | M6: 11.5
J7: 70 | K7: 79 | L7: Any | M7: 12.5

Sheet Average_20_Year_Old_Man_Pro
A1: Pillar | B1: Metric | R1: Combined Scores
A2: Vitality | B2: VO2 max (ml/kg/min) | C2: 48 | Q2: Vitality | R2: =B27+ ((1 -((C2 / 48) * 0.7 )-((C3 / 100) * 0.3 )) * 100) -> 20
A3: Vitality | B3: FEV1 (% predicted) | C3: 100 | Q3: Strength | R3: =((O4/100*50)+(O5/100*25)+(O6/100*25)) -> 20 | T3: Functional Biological Age
A4: Strength & Power | B4: Grip strength (kg) | C4: 48 | O4: =IF(B27<30, FORECAST(C4, OFFSET(Strength_Normative_Data!$A$3, MATCH(C4, Strength_Normative_Data!$B$3:$B$5, 1)-1, 0, 2), OFFSET(Strength_Normative_Data!$B$3, MATCH(C4, Strength_Normative_Data!$B$3:$B$5, 1)-1, 0, 2)), FORECAST(C4, OFFSET(Strength_Normative_Data!$A$5, MATCH(C4, Strength_Normative_Data!$B$5:$B$16, -1)-1, 0, 2), OFFSET(Strength_Normative_Data!$B$5, MATCH(C4, Strength_Normative_Data!$B$5:$B$16, -1)-1, 0, 2))) -> 20 | Q4: Metabolic | R4: {=_xlfn.LET( _xlpm.idx, Q11, _xlpm.age, B27, _xlpm.sex, C27, _xlpm.span, --Metabolic_Normative_Data!$H$1, _xlpm.t, Metabolic_Normative_Data!$J$2:$M$20, _xlpm.mins, INDEX(_xlpm.t,,1), _xlpm.maxs, INDEX(_xlpm.t,,2), _xlpm.sexes, INDEX(_xlpm.t,,3), _xlpm.bases, INDEX(_xlpm.t,,4), _xlpm.r, _xlfn.XMATCH(1,(_xlpm.age>=_xlpm.mins)*(_xlpm.age<=_xlpm.maxs)*((_xlpm.sexes=_xlpm.sex)+(_xlpm.sexes="Any")>0),0), _xlpm.base, INDEX(_xlpm.bases,_xlpm.r), _xlpm.delta, (_xlpm.idx-_xlpm.base)*(_xlpm.span/_xlpm.base), _xlpm.age + MAX(-_xlpm.span, MIN(_xlpm.span, _xlpm.delta)) )} -> 20.28125 | T4: =(R2/100*20)+(R3/100*20)+(R4/100*25)+(R5/100*20)+(R6/100*15) -> 20.070312
A5: Strength & Power | B5: STS Power (W/kg) | C5: 4.3 | O5: =FORECAST(C5, OFFSET(Strength_Normative_Data!$O$3, MATCH(C5, Strength_Normative_Data!$P$3:$P$17, -1)-1, 0, 2), OFFSET(Strength_Normative_Data!$P$3, MATCH(C5, Strength_Normative_Data!$P$3:$P$17, -1)-1, 0, 2)) -> 20 | Q5: Functional Mobility | R5: =((O14/100*30)+(O15/100*25)+(O16/100*30)+(O17/100*15)) -> 20
A6: Strength & Power | B6: Vertical jump (cm) | C6: 53 | O6: =FORECAST(C6, OFFSET(Strength_Normative_Data!$J$3, MATCH(C6, Strength_Normative_Data!$K$3:$K$16, -1)-1, 0, 2), OFFSET(Strength_Normative_Data!$K$3, MATCH(C6, Strength_Normative_Data!$K$3:$K$16, -1)-1, 0, 2)) -> 20 | Q6: Cognitive | R6: =((O18/100*60)+(O19/100*40)) -> 20
A7: Metabolic Health | B7: Body fat (%) | C7: 22
A8: Metabolic Health | B8: Waist to height ratio | C8: 0.48 | O8: {=_xlfn.LET( _xlpm.x, C8, _xlpm.mk, "WHtR", _xlpm.hdr, Metabolic_Normative_Data!$B$1:$F$1, _xlpm.rows, Metabolic_Normative_Data!$A$2:$A$4, _xlpm.dat, Metabolic_Normative_Data!$B$2:$F$4, _xlpm.c, _xlfn.XMATCH(_xlpm.mk, _xlpm.hdr), _xlpm.sLow, INDEX(_xlpm.dat, _xlfn.XMATCH("Low risk", _xlpm.rows), _xlpm.c), _xlpm.sNor, INDEX(_xlpm.dat, _xlfn.XMATCH("Normal", _xlpm.rows), _xlpm.c), _xlpm.sElev,INDEX(_xlpm.dat, _xlfn.XMATCH("Elevated", _xlpm.rows),_xlpm.c), _xlpm.clean, _xlfn.LAMBDA(_xlpm.s, SUBSTITUTE(SUBSTITUTE(TRIM(_xlpm.s)," ",""),"–","-")), _xlpm.hiFrom, _xlfn.LAMBDA(_xlpm.s, _xlfn.LET(_xlpm.t, CLEAN(_xlpm.s), IF(LEFT(_xlpm.t,1)="<", VALUE(MID(_xlpm.t,2,99)), IF(ISNUMBER(SEARCH("-",_xlpm.t)), VALUE(_xlfn.TEXTAFTER(_xlpm.t,"-")), 1E+99) ) ) ), _xlpm.loFrom, _xlfn.LAMBDA(_xlpm.s, _xlfn.LET(_xlpm.t, CLEAN(_xlpm.s), IF(LEFT(_xlpm.t,1)=">", VALUE(MID(_xlpm.t,2,99)), IF(ISNUMBER(SEARCH("-",_xlpm.t)), VALUE(_xlfn.TEXTBEFORE(_xlpm.t,"-")), -1E+99) ) ) ), _xlpm.lowMax, _xlpm.hiFrom(_xlpm.sLow), _xlpm.norMin, _xlpm.loFrom(_xlpm.sNor), _xlpm.norMax, _xlpm.hiFrom(_xlpm.sNor), _xlpm.elevMin, _xlpm.loFrom(_xlpm.sElev), _xlpm.span, MAX(_xlpm.norMax-_xlpm.lowMax, 0.000001), _xlpm.score, IF(_xlpm.x<=_xlpm.lowMax, 5, IF(_xlpm.x<_xlpm.elevMin, 5 + 30 * (_xlpm.x-_xlpm.lowMax) / MAX(_xlpm.elevMin-_xlpm.lowMax,0.000001), 35 + 65 * (_xlpm.x-_xlpm.elevMin) / (2*_xlpm.span) ) ), MAX(0, MIN(100, _xlpm.score)) )} -> 5
A9: Metabolic Health | B9: Fasting glucose (mmol/L) | C9: 5.1
A10: Metabolic Health | B10: HbA1c (%) | C10: 5.3 | O10: {=_xlfn.LET( _xlpm.x, C10, _xlpm.mk, "HbA1c", _xlpm.hdr, Metabolic_Normative_Data!$B$1:$F$1, _xlpm.rows, Metabolic_Normative_Data!$A$2:$A$4, _xlpm.dat, Metabolic_Normative_Data!$B$2:$F$4, _xlpm.c, _xlfn.XMATCH(_xlpm.mk, _xlpm.hdr), _xlpm.sLow, INDEX(_xlpm.dat, _xlfn.XMATCH("Low risk", _xlpm.rows), _xlpm.c), _xlpm.sNor, INDEX(_xlpm.dat, _xlfn.XMATCH("Normal", _xlpm.rows), _xlpm.c), _xlpm.sElev,INDEX(_xlpm.dat, _xlfn.XMATCH("Elevated", _xlpm.rows),_xlpm.c), _xlpm.clean, _xlfn.LAMBDA(_xlpm.s, SUBSTITUTE(SUBSTITUTE(TRIM(_xlpm.s)," ",""),"–","-")), _xlpm.hiFrom, _xlfn.LAMBDA(_xlpm.s, _xlfn.LET(_xlpm.t, CLEAN(_xlpm.s), IF(LEFT(_xlpm.t,1)="<", VALUE(MID(_xlpm.t,2,99)), IF(ISNUMBER(SEARCH("-",_xlpm.t)), VALUE(_xlfn.TEXTAFTER(_xlpm.t,"-")), 1E+99) ) ) ), _xlpm.loFrom, _xlfn.LAMBDA(_xlpm.s, _xlfn.LET(_xlpm.t, CLEAN(_xlpm.s), IF(LEFT(_xlpm.t,1)=">", VALUE(MID(_xlpm.t,2,99)), IF(ISNUMBER(SEARCH("-",_xlpm.t)), VALUE(_xlfn.TEXTBEFORE(_xlpm.t,"-")), -1E+99) ) ) ), _xlpm.lowMax, _xlpm.hiFrom(_xlpm.sLow), _xlpm.norMin, _xlpm.loFrom(_xlpm.sNor), _xlpm.norMax, _xlpm.hiFrom(_xlpm.sNor), _xlpm.elevMin, _xlpm.loFrom(_xlpm.sElev), _xlpm.span, MAX(_xlpm.norMax-_xlpm.lowMax, 0.000001), _xlpm.score, IF(_xlpm.x<=_xlpm.lowMax, 5, IF(_xlpm.x<_xlpm.elevMin, 5 + 30 * (_xlpm.x-_xlpm.lowMax) / MAX(_xlpm.elevMin-_xlpm.lowMax,0.000001), 35 + 65 * (_xlpm.x-_xlpm.elevMin) / (2*_xlpm.span) ) ), MAX(0, MIN(100, _xlpm.score)) )} -> 5 | Q10: Metabolic Index
A11: Metabolic Health | B11: HOMA IR | C11: 1.8 | O11: {=_xlfn.LET( _xlpm.x, C11, _xlpm.mk, "Homa", _xlpm.hdr, Metabolic_Normative_Data!$B$1:$F$1, _xlpm.rows, Metabolic_Normative_Data!$A$2:$A$4, _xlpm.dat, Metabolic_Normative_Data!$B$2:$F$4, _xlpm.c, _xlfn.XMATCH(_xlpm.mk, _xlpm.hdr), _xlpm.sLow, INDEX(_xlpm.dat, _xlfn.XMATCH("Low risk", _xlpm.rows), _xlpm.c), _xlpm.sNor, INDEX(_xlpm.dat, _xlfn.XMATCH("Normal", _xlpm.rows), _xlpm.c), _xlpm.sElev,INDEX(_xlpm.dat, _xlfn.XMATCH("Elevated", _xlpm.rows),_xlpm.c), _xlpm.clean, _xlfn.LAMBDA(_xlpm.s, SUBSTITUTE(SUBSTITUTE(TRIM(_xlpm.s)," ",""),"–","-")), _xlpm.hiFrom, _xlfn.LAMBDA(_xlpm.s, _xlfn.LET(_xlpm.t, CLEAN(_xlpm.s), IF(LEFT(_xlpm.t,1)="<", VALUE(MID(_xlpm.t,2,99)), IF(ISNUMBER(SEARCH("-",_xlpm.t)), VALUE(_xlfn.TEXTAFTER(_xlpm.t,"-")), 1E+99) ) ) ), _xlpm.loFrom, _xlfn.LAMBDA(_xlpm.s, _xlfn.LET(_xlpm.t, CLEAN(_xlpm.s), IF(LEFT(_xlpm.t,1)=">", VALUE(MID(_xlpm.t,2,99)), IF(ISNUMBER(SEARCH("-",_xlpm.t)), VALUE(_xlfn.TEXTBEFORE(_xlpm.t,"-")), -1E+99) ) ) ), _xlpm.lowMax, _xlpm.hiFrom(_xlpm.sLow), _xlpm.norMin, _xlpm.loFrom(_xlpm.sNor), _xlpm.norMax, _xlpm.hiFrom(_xlpm.sNor), _xlpm.elevMin, _xlpm.loFrom(_xlpm.sElev), _xlpm.span, MAX(_xlpm.norMax-_xlpm.lowMax, 0.000001), _xlpm.score, IF(_xlpm.x<=_xlpm.lowMax, 5, IF(_xlpm.x<_xlpm.elevMin, 5 + 30 * (_xlpm.x-_xlpm.lowMax) / MAX(_xlpm.elevMin-_xlpm.lowMax,0.000001), 35 + 65 * (_xlpm.x-_xlpm.elevMin) / (2*_xlpm.span) ) ), MAX(0, MIN(100, _xlpm.score)) )} -> 14 | Q11: =(0.3*P12)+(0.2*O8)+(0.15*O10)+(0.25*O11)+(0.1*O13) -> 8.15
A12: Metabolic Health | B12: ApoB (g/L) | C12: 0.85 | O12: =C12*100 -> 85 | P12: {=_xlfn.LET( _xlpm.x, C12, _xlpm.mk, "ApoB", _xlpm.hdr, Metabolic_Normative_Data!$B$1:$F$1, _xlpm.rows, Metabolic_Normative_Data!$A$2:$A$4, _xlpm.dat, Metabolic_Normative_Data!$B$2:$F$4, _xlpm.c, _xlfn.XMATCH(_xlpm.mk, _xlpm.hdr), _xlpm.sLow, INDEX(_xlpm.dat, _xlfn.XMATCH("Low risk", _xlpm.rows), _xlpm.c), _xlpm.sNor, INDEX(_xlpm.dat, _xlfn.XMATCH("Normal", _xlpm.rows), _xlpm.c), _xlpm.sElev,INDEX(_xlpm.dat, _xlfn.XMATCH("Elevated", _xlpm.rows),_xlpm.c), _xlpm.clean, _xlfn.LAMBDA(_xlpm.s, SUBSTITUTE(SUBSTITUTE(TRIM(_xlpm.s)," ",""),"–","-")), _xlpm.hiFrom, _xlfn.LAMBDA(_xlpm.s, _xlfn.LET(_xlpm.t, CLEAN(_xlpm.s), IF(LEFT(_xlpm.t,1)="<", VALUE(MID(_xlpm.t,2,99)), IF(ISNUMBER(SEARCH("-",_xlpm.t)), VALUE(_xlfn.TEXTAFTER(_xlpm.t,"-")), 1E+99) ) ) ), _xlpm.loFrom, _xlfn.LAMBDA(_xlpm.s, _xlfn.LET(_xlpm.t, CLEAN(_xlpm.s), IF(LEFT(_xlpm.t,1)=">", VALUE(MID(_xlpm.t,2,99)), IF(ISNUMBER(SEARCH("-",_xlpm.t)), VALUE(_xlfn.TEXTBEFORE(_xlpm.t,"-")), -1E+99) ) ) ), _xlpm.lowMax, _xlpm.hiFrom(_xlpm.sLow), _xlpm.norMin, _xlpm.loFrom(_xlpm.sNor), _xlpm.norMax, _xlpm.hiFrom(_xlpm.sNor), _xlpm.elevMin, _xlpm.loFrom(_xlpm.sElev), _xlpm.span, MAX(_xlpm.norMax-_xlpm.lowMax, 0.000001), _xlpm.score, IF(_xlpm.x<=_xlpm.lowMax, 5, IF(_xlpm.x<_xlpm.elevMin, 5 + 30 * (_xlpm.x-_xlpm.lowMax) / MAX(_xlpm.elevMin-_xlpm.lowMax,0.000001), 35 + 65 * (_xlpm.x-_xlpm.elevMin) / (2*_xlpm.span) ) ), MAX(0, MIN(100, _xlpm.score)) )} -> 5
A13: Metabolic Health | B13: hsCRP (mg/L) | C13: 1.2 | O13: =IF(C13<1,10*(C13/1), IF(C13<3,10+40*(C13-1)/2, 50+50*(MIN(C13,10)-3)/7)) -> 14
A14: Functional Mobility | B14: Gait speed (m/s) | C14: 1.36 | O14: =IFERROR(FORECAST(C14, OFFSET(Mobility_Normative_Data!$A$3, MATCH(C14, Mobility_Normative_Data!$B$3:$B$17, -1)-1, 0, 2), OFFSET(Mobility_Normative_Data!$B$3, MATCH(C14, Mobility_Normative_Data!$B$3:$B$17, -1)-1, 0, 2)), INDEX(Mobility_Normative_Data!$A$3:$A$17, MATCH(C14, Mobility_Normative_Data!$B$3:$B$17, -1))) -> 20
A15: Functional Mobility | B15: Timed Up and Go (sec) | C15: 5 | O15: =FORECAST(C15, OFFSET(Mobility_Normative_Data!$E$3, MATCH(C15, Mobility_Normative_Data!$F$3:$F$18, 1)-1, 0, 2), OFFSET(Mobility_Normative_Data!$F$3, MATCH(C15, Mobility_Normative_Data!$F$3:$F$18, 1)-1, 0, 2)) -> 20
A16: Functional Mobility | B16: Single leg stance (sec) | C16: 45 | O16: =FORECAST(C16, OFFSET(Mobility_Normative_Data!$I$3, MATCH(C16, Mobility_Normative_Data!$J$3:$J$17, -1)-1, 0, 2), OFFSET(Mobility_Normative_Data!$J$3, MATCH(C16, Mobility_Normative_Data!$J$3:$J$17, -1)-1, 0, 2)) -> 20
A17: Functional Mobility | B17: Sit and reach (cm) | C17: 39 | O17: =FORECAST(C17, OFFSET(Mobility_Normative_Data!$M$3, MATCH(C17, Mobility_Normative_Data!$N$3:$N$17, -1)-1, 0, 2), OFFSET(Mobility_Normative_Data!$N$3, MATCH(C17, Mobility_Normative_Data!$N$3:$N$17, -1)-1, 0, 2)) -> 20
A18: Cognitive Performance | B18: Processing speed (SD) | C18: 0 | O18: =MAX(18,B27-(C18*25)) -> 20
A19: Cognitive Performance | B19: Working memory (SD) | C19: 0 | O19: =MAX(18,B27-(J1925)) -> 20
A23: Overall Decline predicitons
B25: Present | C25: 10 years time | D25: 20 Years time | E25: Thirty years | F25: 40 years
A26: Sex | B26: Any
A27: Chronological | B27: 20 | C27: =B27+10 -> 30 | D27: =C27+10 -> 40 | E27: =D27+10 -> 50 | F27: =E27+10 -> 60
A28: Vitality | B28: =R2 -> 20 | C28: =B28+(B28/100*11.5) -> 22.3 | D28: =C28+(C28/100*32.2) -> 29.4806 | E28: =D28+(D28/100*32.2) -> 38.973353 | F28: =E28+(E28/100*32.2) -> 51.522773
A29: Strength | B29: =R3 -> 20 | C29: =B29+(B29/100*12.3) -> 22.46 | D29: =C29+(C29/100*30.8) -> 29.37768 | E29: =D29+(D29/100*30.8) -> 38.426005 | F29: =E29+(E29/100*30.8) -> 50.261215
A30: Metabolic | B30: =R4 -> 20.28125 | C30: =B30+(B30/100*5.5) -> 21.396719 | D30: =C30+(C30/100*11) -> 23.750358 | E30: =D30+(D30/100*11) -> 26.362897 | F30: =E30+(E30/100*11) -> 29.262816
A31: Mobility | B31: =R5 -> 20 | C31: =B31+(B31/100*9.9) -> 21.98 | D31: =C31+(C31/100*19.8) -> 26.33204 | E31: =D31+(D31/100*19.8) -> 31.545784 | F31: =E31+(E31/100*19.8) -> 37.791849 | N31: Graphing
A32: Cognitive | B32: =R6 -> 20 | C32: =B32+(B32/100*20) -> 24 | D32: =C32+(C32/100*60) -> 38.4 | E32: =D32+(D32/100*60) -> 61.44 | F32: =E32+(E32/100*60) -> 98.304 | N32: Chronological Age | O32: Vitality Decline of an average 20 Year old Man | Q32: Chronological Age | R32: Strength Decline of an average 20 Year old Man | T32: Chronological Age | U32: Metabolic Decline of an average 20 Year old Man | W32: Chronological Age | X32: Mobility Decline of an average 20 Year old Man | Z32: Chronological Age | AA32: Cognitive Decline of an average 20 Year old Man
N33: =B27 -> 20 | O33: =R2 -> 20 | Q33: =N33 -> 20 | R33: =R3 -> 20 | T33: =N33 -> 20 | U33: =R4 -> 20.28125 | W33: =N33 -> 20 | X33: =R5 -> 20 | Z33: =N33 -> 20 | AA33: =R6 -> 20
N34: =N33+1 -> 21 | O34: =O33+(O33*0.0115) -> 20.23 | Q34: =Q33+1 -> 21 | R34: =R33+(R33*0.0123) -> 20.246 | T34: =T33+1 -> 21 | U34: =U33+(U33*0.0055) -> 20.392797 | W34: =W33+1 -> 21 | X34: =X33+(X33*0.0099) -> 20.198 | Z34: =Z33+1 -> 21 | AA34: =AA33+(AA33*0.02) -> 20.4
N35: =N34+1 -> 22 | O35: =O34+(O34*0.0115) -> 20.462645 | Q35: =Q34+1 -> 22 | R35: =R34+(R34*0.0123) -> 20.495026 | T35: =T34+1 -> 22 | U35: =U34+(U34*0.0055) -> 20.504957 | W35: =W34+1 -> 22 | X35: =X34+(X34*0.0099) -> 20.39796 | Z35: =Z34+1 -> 22 | AA35: =AA34+(AA34*0.02) -> 20.808
A36: Functional Biological Age | N36: =N35+1 -> 23 | O36: =O35+(O35*0.0115) -> 20.697965 | Q36: =Q35+1 -> 23 | R36: =R35+(R35*0.0123) -> 20.747115 | T36: =T35+1 -> 23 | U36: =U35+(U35*0.0055) -> 20.617735 | W36: =W35+1 -> 23 | X36: =X35+(X35*0.0099) -> 20.5999 | Z36: =Z35+1 -> 23 | AA36: =AA35+(AA35*0.02) -> 21.22416
A37: =(B28/100*20)+(B29/100*20)+(B30/100*25)+(B31/100*20)+(B32/100*15) -> 20.070312 | N37: =N36+1 -> 24 | O37: =O36+(O36*0.0115) -> 20.935992 | Q37: =Q36+1 -> 24 | R37: =R36+(R36*0.0123) -> 21.002304 | T37: =T36+1 -> 24 | U37: =U36+(U36*0.0055) -> 20.731132 | W37: =W36+1 -> 24 | X37: =X36+(X36*0.0099) -> 20.803839 | Z37: =Z36+1 -> 24 | AA37: =AA36+(AA36*0.02) -> 21.648643
N38: =N37+1 -> 25 | O38: =O37+(O37*0.0115) -> 21.176756 | Q38: =Q37+1 -> 25 | R38: =R37+(R37*0.0123) -> 21.260632 | T38: =T37+1 -> 25 | U38: =U37+(U37*0.0055) -> 20.845153 | W38: =W37+1 -> 25 | X38: =X37+(X37*0.0099) -> 21.009797 | Z38: =Z37+1 -> 25 | AA38: =AA37+(AA37*0.02) -> 22.081616
N39: =N38+1 -> 26 | O39: =O38+(O38*0.0115) -> 21.420289 | Q39: =Q38+1 -> 26 | R39: =R38+(R38*0.0123) -> 21.522138 | T39: =T38+1 -> 26 | U39: =U38+(U38*0.0055) -> 20.959802 | W39: =W38+1 -> 26 | X39: =X38+(X38*0.0099) -> 21.217794 | Z39: =Z38+1 -> 26 | AA39: =AA38+(AA38*0.02) -> 22.523248
N40: =N39+1 -> 27 | O40: =O39+(O39*0.0115) -> 21.666622 | Q40: =Q39+1 -> 27 | R40: =R39+(R39*0.0123) -> 21.786861 | T40: =T39+1 -> 27 | U40: =U39+(U39*0.0055) -> 21.075081 | W40: =W39+1 -> 27 | X40: =X39+(X39*0.0099) -> 21.42785 | Z40: =Z39+1 -> 27 | AA40: =AA39+(AA39*0.02) -> 22.973713
N41: =N40+1 -> 28 | O41: =O40+(O40*0.0115) -> 21.915788 | Q41: =Q40+1 -> 28 | R41: =R40+(R40*0.0123) -> 22.054839 | T41: =T40+1 -> 28 | U41: =U40+(U40*0.0055) -> 21.190993 | W41: =W40+1 -> 28 | X41: =X40+(X40*0.0099) -> 21.639986 | Z41: =Z40+1 -> 28 | AA41: =AA40+(AA40*0.02) -> 23.433188
B42: Age | C42: Vitality | D42: Age | E42: Strength | F42: Age | G42: Metabolic | H42: Age | I42: Mobility | J42: Age | K42: Cognitive | N42: =N41+1 -> 29 | O42: =O41+(O41*0.0115) -> 22.16782 | Q42: =Q41+1 -> 29 | R42: =R41+(R41*0.0123) -> 22.326113 | T42: =T41+1 -> 29 | U42: =U41+(U41*0.0055) -> 21.307544 | W42: =W41+1 -> 29 | X42: =X41+(X41*0.0099) -> 21.854222 | Z42: =Z41+1 -> 29 | AA42: =AA41+(AA41*0.02) -> 23.901851
B43: =B27 -> 20 | C43: =B28 -> 20 | D43: =B43 -> 20 | E43: =B29 -> 20 | F43: =B27 -> 20 | G43: =B30 -> 20.28125 | H43: =B27 -> 20 | I43: =B31 -> 20 | J43: =B27 -> 20 | K43: =B32 -> 20 | N43: =N42+1 -> 30 | O43: =O42+(O42*0.0115) -> 22.42275 | Q43: =Q42+1 -> 30 | R43: =R42+(R42*0.0123) -> 22.600725 | T43: =T42+1 -> 30 | U43: =U42+(U42*0.0055) -> 21.424735 | W43: =W42+1 -> 30 | X43: =X42+(X42*0.0099) -> 22.070579 | Z43: =Z42+1 -> 30 | AA43: =AA42+(AA42*0.02) -> 24.379888
B44: =C27 -> 30 | C44: =C28 -> 22.3 | D44: =B44 -> 30 | E44: =C29 -> 22.46 | F44: =C27 -> 30 | G44: =C30 -> 21.396719 | H44: =C27 -> 30 | I44: =C31 -> 21.98 | J44: =C27 -> 30 | K44: =C32 -> 24
B45: =D27 -> 40 | C45: =D28 -> 29.4806 | D45: =D27 -> 40 | E45: =D29 -> 29.37768 | F45: =D27 -> 40 | G45: =D30 -> 23.750358 | H45: =D27 -> 40 | I45: =D31 -> 26.33204 | J45: =D27 -> 40 | K45: =D32 -> 38.4
B46: =E27 -> 50 | C46: =E28 -> 38.973353 | D46: =E27 -> 50 | E46: =E29 -> 38.426005 | F46: =E27 -> 50 | G46: =E30 -> 26.362897 | H46: =E27 -> 50 | I46: =E31 -> 31.545784 | J46: =E27 -> 50 | K46: =E32 -> 61.44
B47: =F27 -> 60 | C47: =F28 -> 51.522773 | D47: =F27 -> 60 | E47: =F29 -> 50.261215 | F47: =F27 -> 60 | G47: =F31 -> 37.791849 | H47: =F27 -> 60 | I47: =F31 -> 37.791849 | J47: =F27 -> 60 | K47: =F32 -> 98.304

Sheet Persona_1
A1: Persona | B1: Marcus | D1: Metric | F1: 10 Years (49) | G1: 20 Years (59) | H1: 30 Years (69) | I1: 40 Years (79) | M1: Combined Scores
A2: Age | B2: 30 | D2: VO2 max (ml/kg/min) | E2: 42 | F2: =E2+(E2/100*10) -> 46.2 | G2: =F2+(F2/100*10) -> 50.82 | H2: =G2+(G2/100*10) -> 55.902 | I2: =H2+(H2/100*15) -> 64.2873 | L2: Vitality | M2: =B27+ ((1 -((E2 / 43.4) * 0.7 )-((E3/ 100) * 0.3 )) * 100) -> 32.858065
A3: Detail | B3: Marcus works a high-stress finance job but spends his entire weekend mountain biking and playing recreational rugby. He thinks he is fitter than he actually is and relies on youth rather than consistent training to get by. | D3: FEV1 (% predicted) | E3: 98 | F3: =E3-(E3/100*10) -> 88.2 | G3: =F3-(F3/100*10) -> 79.38 | H3: =G3-(G3/100*15) -> 67.473 | I3: =H3-(H3/100*15) -> 57.35205 | L3: Strength | M3: =((J4/100*50)+(J5/100*25)+(J6/100*25)) -> 37 | O3: Functional Biological Age
D4: Grip strength (kg) | E4: 51 | F4: =E4-(E4/100*10) -> 45.9 | G4: =F4-(F4/100*10) -> 41.31 | H4: =G4-(G4/100*6)-(G4/100*6) -> 36.3528 | I4: =H4-((H4/100)*15) -> 30.89988 | J4: =IF(B27<30, FORECAST(E4, OFFSET(Strength_Normative_Data!$A$3, MATCH(E4, Strength_Normative_Data!$B$3:$B$5, 1)-1, 0, 2), OFFSET(Strength_Normative_Data!$B$3, MATCH(E4, Strength_Normative_Data!$B$3:$B$5, 1)-1, 0, 2)), FORECAST(E4, OFFSET(Strength_Normative_Data!$A$5, MATCH(E4, Strength_Normative_Data!$B$5:$B$16, -1)-1, 0, 2), OFFSET(Strength_Normative_Data!$B$5, MATCH(E4, Strength_Normative_Data!$B$5:$B$16, -1)-1, 0, 2))) -> 30 | L4: Metabolic | M4: =B27 - 9*M11 -> 27.457669 | O4: =A37 -> #N/A
D5: STS Power (W/kg) | E5: 3.1 | F5: =E5-(E5/100*12) -> 2.728 | G5: =F5-(F5/100*12) -> 2.40064 | H5: =G5-(G5/100*1.2) - (G5/100* 13.5) -> 2.0477459 | I5: =H5+(H5/100*15) -> 2.3549078 | J5: =FORECAST(E5, OFFSET(Strength_Normative_Data!$O$3, MATCH(E5, Strength_Normative_Data!$P$3:$P$17, -1)-1, 0, 2), OFFSET(Strength_Normative_Data!$P$3, MATCH(E5, Strength_Normative_Data!$P$3:$P$17, -1)-1, 0, 2)) -> 50 | L5: Functional Mobility | M5: =((J14/100*30)+(J15/100*25)+(J16/100*30)+(J17/100*15)) -> #N/A
D6: Vertical jump (cm) | E6: 45 | F6: =E6-(E6/100*12) -> 39.6 | G6: =F6+(F6/100*12) -> 44.352 | H6: =G6+(G6/100*1.2) + (G6/100* 13.5) -> 50.871744 | I6: =H6+(H6/100*15) -> 58.502506 | J6: =FORECAST(E6, OFFSET(Strength_Normative_Data!$J$3, MATCH(E6, Strength_Normative_Data!$K$3:$K$16, -1)-1, 0, 2), OFFSET(Strength_Normative_Data!$K$3, MATCH(E6, Strength_Normative_Data!$K$3:$K$16, -1)-1, 0, 2)) -> 38 | L6: Cognitive | M6: =((J18/100*60)+(J19/100*40)) -> 20
D7: Body fat (%) | E7: 22 | F7: =E7+(E7/100*6) -> 23.32 | G7: =F7+(F7/100*6) -> 24.7192 | H7: =G7+(G7/100*6) -> 26.202352 | I7: =H7+(H7/100*6) -> 27.774493
D8: Waist to height ratio | E8: 0.51 | F8: =E8+(E8/100*4) -> 0.5304 | G8: =F8+(F8/100*4) -> 0.551616 | H8: =G8+(G8/100*4) -> 0.57368064 | I8: =H8+(H8/100*4) -> 0.59662787 | J8: =IF(E8<=0.4,0, IF(E8<=0.5,20*(E8-0.4)/0.1, IF(E8<=0.6,20+40*(E8-0.5)/0.1, 60+40*(MIN(E8,0.75)-0.6)/0.15))) -> 24
D9: Fasting glucose (mmol/L) | E9: 5.4
D10: HbA1c (%) | E10: 5.5 | F10: =E10+(E10/100*5) -> 5.775 | G10: =F10+(F10/100*5) -> 6.06375 | H10: =G10+(G10/100*5) -> 6.3669375 | I10: =H10+(H10/100*5) -> 6.6852844 | J10: =IF(E10<5.7,10*(E10/5.7), IF(E10<6.5,10+40*(E10-5.7)/0.8, 50+50*(MIN(E10,9)-6.5)/2.5)) -> 9.6491228 | L10: Metabolic Index | M10: Metabolic Z score
D11: HOMA IR | E11: 1.8 | F11: =E11+(E11/100*14) -> 2.052 | G11: =F11+(F11/100*14) -> 2.33928 | H11: =G11+(G11/100*14) -> 2.6667792 | I11: =H11+(H11/100*14) -> 3.0401283 | J11: =IF(E11<1.6,10*(E11/1.6), IF(E11<3,10+40*(E11-1.6)/1.4, 50+50*(MIN(E11,7)-3)/4)) -> 15.714286 | L11: =(0.3*K12)+(0.2*J8)+(0.15*J10)+(0.25*J11)+(0.1*J13) -> 20.87594 | M11: =IF(L11<=10,1.5-0.1*L11, IF(L11<=60,0.5-0.02*(L11-10), -0.5-0.03*(L11-60))) -> 0.2824812
D12: ApoB (g/L) | E12: 0.95 | F12: =E12+(E12/100*6) -> 1.007 | G12: =F12+(F12/100*6) -> 1.06742 | H12: =G12+(G12/100*6) -> 1.1314652 | I12: =H12+(H12/100*6) -> 1.1993531 | J12: =E12*100 -> 95 | K12: =IF(J12<80,5*(J12/80), IF(J12<100,10+20*(J12-80)/20, IF(J12<130,30+25*(J12-100)/30, IF(J12<160,55+25*(J12-130)/30, IF(J12<200,80+20*(J12-160)/40,100))))) -> 25
D13: hsCRP (mg/L) | E13: 2.1 | F13: =E13+(E13/100*18) -> 2.478 | G13: =F13+(F13/100*18) -> 2.92404 | H13: =G13+(G13/100*18) -> 3.4503672 | I13: =H13+(H13/100*18) -> 4.0714333 | J13: =IF(E13<1,10*(E13/1), IF(E13<3,10+40*(E13-1)/2, 50+50*(MIN(E13,10)-3)/7)) -> 32
D14: Gait speed (m/s) | E14: 1.4 | F14: =E14-(E14/100*6) -> 1.316 | G14: =F14+(F14/100*6) -> 1.39496 | H14: =G14+(G14/100*7) -> 1.4926072 | I14: =H14+(H14/100*7) -> 1.5970897 | J14: =IFERROR(FORECAST(E14, OFFSET(Mobility_Normative_Data!$A$3, MATCH(E14, Mobility_Normative_Data!$B$3:$B$17, -1)-1, 0, 2), OFFSET(Mobility_Normative_Data!$B$3, MATCH(E14, Mobility_Normative_Data!$B$3:$B$17, -1)-1, 0, 2)), INDEX(Mobility_Normative_Data!$A$3:$A$17, MATCH(E14, Mobility_Normative_Data!$B$3:$B$17, -1))) -> #N/A
D15: Timed Up and Go (sec) | E15: 6.5 | F15: =E15+(E15/100*10) -> 7.15 | G15: =F15+(F15/100*10) -> 7.865 | H15: =G15+(G15/100*10) -> 8.6515 | I15: =H15+(H15/100*10) -> 9.51665 | J15: =FORECAST(E15, OFFSET(Mobility_Normative_Data!$E$3, MATCH(E15, Mobility_Normative_Data!$F$3:$F$18, 1)-1, 0, 2), OFFSET(Mobility_Normative_Data!$F$3, MATCH(E15, Mobility_Normative_Data!$F$3:$F$18, 1)-1, 0, 2)) -> 45
D16: Single leg stance (sec) | E16: 45 | F16: =E16-(E16/100*20) -> 36 | G16: =F16+(F16/100*20) -> 43.2 | H16: =G16+(G16/100*20) -> 51.84 | I16: =H16+(H16/100*20) -> 62.208 | J16: =FORECAST(E16, OFFSET(Mobility_Normative_Data!$I$3, MATCH(E16, Mobility_Normative_Data!$J$3:$J$17, -1)-1, 0, 2), OFFSET(Mobility_Normative_Data!$J$3, MATCH(E16, Mobility_Normative_Data!$J$3:$J$17, -1)-1, 0, 2)) -> 20
D17: Sit and reach (cm) | E17: 36 | F17: =E17-(E17/100*10) -> 32.4 | G17: =F17+(F17/100*10) -> 35.64 | H17: =G17+(G17/100*10) -> 39.204 | I17: =H17+(H17/100*10) -> 43.1244 | J17: =FORECAST(E17, OFFSET(Mobility_Normative_Data!$M$3, MATCH(E17, Mobility_Normative_Data!$N$3:$N$17, -1)-1, 0, 2), OFFSET(Mobility_Normative_Data!$N$3, MATCH(E17, Mobility_Normative_Data!$N$3:$N$17, -1)-1, 0, 2)) -> 35
D18: Processing speed (SD) | E18: 0.5 | F18: =E18 +(-0.2) -> 0.3 | G18: =F18 +(-0.2) -> 0.1 | H18: =G18 +(-0.3) -> -0.2 | I18: =H18 +(-0.3) -> -0.5 | J18: =MAX(18,B27-(E18*25)) -> 18
D19: Working memory (SD) | E19: 0.2 | F19: =E19+(-0.2) -> 0 | G19: =F19 +(-0.2) -> -0.2 | H19: =G19 +(-0.3) -> -0.5 | I19: =H19 +(-0.3) -> -0.8 | J19: =MAX(18,B27-(E19*35)) -> 23
A23: Overall Decline predicitons
B25: Present | C25: 10 years time | D25: 20 Years time | E25: Thirty years | F25: 40 years | N25: Graphing
A26: Sex | B26: Male | N26: Chronological Age | O26: Vitality Decline | Q26: Chronological Age | R26: Strength Decline | T26: Chronological Age | U26: Metabolic Decline | W26: Chronological Age | X26: Mobility Decline | Z26: Chronological Age | AA26: Cognitive Decline
A27: Chronological | B27: =B2 -> 30 | C27: =B27+10 -> 40 | D27: =C27+10 -> 50 | E27: =D27+10 -> 60 | F27: =E27+10 -> 70 | N27: =B27 -> 30 | O27: =M2 -> 32.858065 | Q27: =N27 -> 30 | R27: =M3 -> 37 | T27: =N27 -> 30 | U27: =M4 -> 27.457669 | W27: =N27 -> 30 | X27: =M5 -> #N/A | Z27: =N27 -> 30 | AA27: =M6 -> 20
A28: Vitality | B28: =M2 -> 32.858065 | C28: =B28+(B28/100*11.5) -> 36.636742 | D28: =C28+(C28/100*32.2) -> 48.433773 | E28: =D28+(D28/100*32.2) -> 64.029448 | F28: =E28+(E28/100*32.2) -> 84.64693 | N28: =N27+1 -> 31 | O28: =O27+(O27*0.0115) -> 33.235932 | Q28: =Q27+1 -> 31 | R28: =R27+(R27*0.0123) -> 37.4551 | T28: =T27+1 -> 31 | U28: =U27+(U27*0.011) -> 27.759704 | W28: =W27+1 -> 31 | X28: =X27+(X27*0.0099) -> #N/A | Z28: =Z27+1 -> 31 | AA28: =AA27+(AA27*0.02) -> 20.4
A29: Strength | B29: =M3 -> 37 | C29: =B29+(B29/100*12.3) -> 41.551 | D29: =C29+(C29/100*30.8) -> 54.348708 | E29: =D29+(D29/100*30.8) -> 71.08811 | F29: =E29+(E29/100*30.8) -> 92.983248 | N29: =N28+1 -> 32 | O29: =O28+(O28*0.0115) -> 33.618145 | Q29: =Q28+1 -> 32 | R29: =R28+(R28*0.0123) -> 37.915798 | T29: =T28+1 -> 32 | U29: =U28+(U28*0.011) -> 28.06506 | W29: =W28+1 -> 32 | X29: =X28+(X28*0.0099) -> #N/A | Z29: =Z28+1 -> 32 | AA29: =AA28+(AA28*0.02) -> 20.808
A30: Metabolic | B30: =M4 -> 27.457669 | C30: =B30+(B30/100*5.5) -> 28.967841 | D30: =C30+(C30/100*11) -> 32.154303 | E30: =D30+(D30/100*11) -> 35.691277 | F30: =E30+(E30/100*11) -> 39.617317 | N30: =N29+1 -> 33 | O30: =O29+(O29*0.0115) -> 34.004754 | Q30: =Q29+1 -> 33 | R30: =R29+(R29*0.0123) -> 38.382162 | T30: =T29+1 -> 33 | U30: =U29+(U29*0.011) -> 28.373776 | W30: =W29+1 -> 33 | X30: =X29+(X29*0.0099) -> #N/A | Z30: =Z29+1 -> 33 | AA30: =AA29+(AA29*0.02) -> 21.22416
A31: Mobility | B31: =M5 -> #N/A | C31: =B31+(B31/100*9.9) -> #N/A | D31: =C31+(C31/100*19.8) -> #N/A | E31: =D31+(D31/100*19.8) -> #N/A | F31: =E31+(E31/100*19.8) -> #N/A | N31: =N30+1 -> 34 | O31: =O30+(O30*0.0115) -> 34.395809 | Q31: =Q30+1 -> 34 | R31: =R30+(R30*0.0123) -> 38.854263 | T31: =T30+1 -> 34 | U31: =U30+(U30*0.011) -> 28.685887 | W31: =W30+1 -> 34 | X31: =X30+(X30*0.0099) -> #N/A | Z31: =Z30+1 -> 34 | AA31: =AA30+(AA30*0.02) -> 21.648643
A32: Cognitive | B32: =M6 -> 20 | C32: =B32+(B32/100*20) -> 24 | D32: =C32+(C32/100*60) -> 38.4 | E32: =D32+(D32/100*60) -> 61.44 | F32: =E32+(E32/100*60) -> 98.304 | N32: =N31+1 -> 35 | O32: =O31+(O31*0.0115) -> 34.791361 | Q32: =Q31+1 -> 35 | R32: =R31+(R31*0.0123) -> 39.33217 | T32: =T31+1 -> 35 | U32: =U31+(U31*0.011) -> 29.001432 | W32: =W31+1 -> 35 | X32: =X31+(X31*0.0099) -> #N/A | Z32: =Z31+1 -> 35 | AA32: =AA31+(AA31*0.02) -> 22.081616
N33: =N32+1 -> 36 | O33: =O32+(O32*0.0115) -> 35.191461 | Q33: =Q32+1 -> 36 | R33: =R32+(R32*0.0123) -> 39.815956 | T33: =T32+1 -> 36 | U33: =U32+(U32*0.011) -> 29.320448 | W33: =W32+1 -> 36 | X33: =X32+(X32*0.0099) -> #N/A | Z33: =Z32+1 -> 36 | AA33: =AA32+(AA32*0.02) -> 22.523248
N34: =N33+1 -> 37 | O34: =O33+(O33*0.0115) -> 35.596163 | Q34: =Q33+1 -> 37 | R34: =R33+(R33*0.0123) -> 40.305692 | T34: =T33+1 -> 37 | U34: =U33+(U33*0.011) -> 29.642973 | W34: =W33+1 -> 37 | X34: =X33+(X33*0.0099) -> #N/A | Z34: =Z33+1 -> 37 | AA34: =AA33+(AA33*0.02) -> 22.973713
N35: =N34+1 -> 38 | O35: =O34+(O34*0.0115) -> 36.005519 | Q35: =Q34+1 -> 38 | R35: =R34+(R34*0.0123) -> 40.801452 | T35: =T34+1 -> 38 | U35: =U34+(U34*0.011) -> 29.969046 | W35: =W34+1 -> 38 | X35: =X34+(X34*0.0099) -> #N/A | Z35: =Z34+1 -> 38 | AA35: =AA34+(AA34*0.02) -> 23.433188
A36: Functional Biological Age | N36: =N35+1 -> 39 | O36: =O35+(O35*0.0115) -> 36.419582 | Q36: =Q35+1 -> 39 | R36: =R35+(R35*0.0123) -> 41.30331 | T36: =T35+1 -> 39 | U36: =U35+(U35*0.011) -> 30.298705 | W36: =W35+1 -> 39 | X36: =X35+(X35*0.0099) -> #N/A | Z36: =Z35+1 -> 39 | AA36: =AA35+(AA35*0.02) -> 23.901851
A37: =(B28/100*20)+(B29/100*20)+(B30/100*25)+(B31/100*20)+(B32/100*15) -> #N/A | N37: =N36+1 -> 40 | O37: =O36+(O36*0.0115) -> 36.838408 | Q37: =Q36+1 -> 40 | R37: =R36+(R36*0.0123) -> 41.811341 | T37: =T36+1 -> 40 | U37: =U36+(U36*0.011) -> 30.631991 | W37: =W36+1 -> 40 | X37: =X36+(X36*0.0099) -> #N/A | Z37: =Z36+1 -> 40 | AA37: =AA36+(AA36*0.02) -> 24.379888
B42: Age | C42: Vitality | D42: Age | E42: Strength | F42: Age | G42: Metabolic | H42: Age | I42: Mobility | J42: Age | K42: Cognitive
B43: =B27 -> 30 | C43: =B28 -> 32.858065 | D43: =B43 -> 30 | E43: =B29 -> 37 | F43: =B27 -> 30 | G43: =B30 -> 27.457669 | H43: =B27 -> 30 | I43: =B31 -> #N/A | J43: =B27 -> 30 | K43: =B32 -> 20
B44: =C27 -> 40 | C44: =C28 -> 36.636742 | D44: =B44 -> 40 | E44: =C29 -> 41.551 | F44: =C27 -> 40 | G44: =C30 -> 28.967841 | H44: =C27 -> 40 | I44: =C31 -> #N/A | J44: =C27 -> 40 | K44: =C32 -> 24
B45: =D27 -> 50 | C45: =D28 -> 48.433773 | D45: =D27 -> 50 | E45: =D29 -> 54.348708 | F45: =D27 -> 50 | G45: =D30 -> 32.154303 | H45: =D27 -> 50 | I45: =D31 -> #N/A | J45: =D27 -> 50 | K45: =D32 -> 38.4
B46: =E27 -> 60 | C46: =E28 -> 64.029448 | D46: =E27 -> 60 | E46: =E29 -> 71.08811 | F46: =E27 -> 60 | G46: =E30 -> 35.691277 | H46: =E27 -> 60 | I46: =E31 -> #N/A | J46: =E27 -> 60 | K46: =E32 -> 61.44
B47: =F27 -> 70 | C47: =F28 -> 84.64693 | D47: =F27 -> 70 | E47: =F29 -> 92.983248 | F47: =F27 -> 70 | G47: =F31 -> #N/A | H47: =F27 -> 70 | I47: =F31 -> #N/A | J47: =F27 -> 70 | K47: =F32 -> 98.304

Sheet Persona_2
A1: Persona | B1: Elena | D1: Metric | F1: 10 Years (49) | G1: 20 Years (59) | H1: 30 Years (69) | I1: 40 Years (79) | M1: Combined Scores
A2: Age | B2: 50 | D2: VO2 max (ml/kg/min) | E2: 48 | F2: =E2+(E2/100*10) -> 52.8 | G2: =F2+(F2/100*10) -> 58.08 | H2: =G2+(G2/100*10) -> 63.888 | I2: =H2+(H2/100*15) -> 73.4712 | L2: Vitality | M2: =B27+ ((1 -((E2 / 26.6) * 0.7 )-((E3/ 100) * 0.3 )) * 100) -> -6.0157895
A3: Detail | B3: Elena is a former competitive marathon runner who now focuses on swimming and yoga. She is incredibly disciplined with her diet but has noticed a loss of explosive power as she enters menopause. | D3: FEV1 (% predicted) | E3: 99 | F3: =E3-(E3/100*10) -> 89.1 | G3: =F3-(F3/100*10) -> 80.19 | H3: =G3-(G3/100*15) -> 68.1615 | I3: =H3-(H3/100*15) -> 57.937275 | L3: Strength | M3: =((J4/100*50)+(J5/100*25)+(J6/100*25)) -> 53.666667 | O3: Functional Biological Age
D4: Grip strength (kg) | E4: 28 | F4: =E4+(E4/100*10) -> 30.8 | G4: =F4+(F4/100*10) -> 33.88 | H4: =G4+(G4/100*6)+(G4/100*6) -> 37.9456 | I4: =H4+((H4/100)*15) -> 43.63744 | J4: =IF(B27<30, FORECAST(E4, OFFSET(Strength_Normative_Data!$A$3, MATCH(E4, Strength_Normative_Data!$C$3:$C$5, 1)-1, 0, 2), OFFSET(Strength_Normative_Data!$C$3, MATCH(E4, Strength_Normative_Data!$C$3:$C$5, 1)-1, 0, 2)), FORECAST(E4, OFFSET(Strength_Normative_Data!$A$5, MATCH(E4, Strength_Normative_Data!$C$5:$C$16, -1)-1, 0, 2), OFFSET(Strength_Normative_Data!$C$5, MATCH(E4, Strength_Normative_Data!$C$5:$C$16, -1)-1, 0, 2))) -> 50 | L4: Metabolic | M4: =B27 - 9*M11 -> 40.962401 | O4: =A37 -> 31.979347
D5: STS Power (W/kg) | E5: 2.2 | F5: =E5+(E5/100*12) -> 2.464 | G5: =F5+(F5/100*12) -> 2.75968 | H5: =G5+(G5/100*1.2) + (G5/100* 13.5) -> 3.165353 | I5: =H5+(H5/100*15) -> 3.6401559 | J5: =FORECAST(E5, OFFSET(Strength_Normative_Data!$O$3, MATCH(E5, Strength_Normative_Data!$Q$3:$Q$17, -1)-1, 0, 2), OFFSET(Strength_Normative_Data!$Q$3, MATCH(E5, Strength_Normative_Data!$Q$3:$Q$17, -1)-1, 0, 2)) -> 56.666667 | L5: Functional Mobility | M5: =((J14/100*30)+(J15/100*25)+(J16/100*30)+(J17/100*15)) -> 44.392857
D6: Vertical jump (cm) | E6: 20 | F6: =E6+(E6/100*12) -> 22.4 | G6: =F6+(F6/100*12) -> 25.088 | H6: =G6+(G6/100*1.2) + (G6/100* 13.5) -> 28.775936 | I6: =H6+(H6/100*15) -> 33.092326 | J6: =FORECAST(E6, OFFSET(Strength_Normative_Data!$J$3, MATCH(E6, Strength_Normative_Data!$L$3:$L$16, -1)-1, 0, 2), OFFSET(Strength_Normative_Data!$L$3, MATCH(E6, Strength_Normative_Data!$L$3:$L$16, -1)-1, 0, 2)) -> 58 | L6: Cognitive | M6: =((J18/100*60)+(J19/100*40)) -> 22.2
D7: Body fat (%) | E7: 19 | F7: =E7+(E7/100*6) -> 20.14 | G7: =F7+(F7/100*6) -> 21.3484 | H7: =G7+(G7/100*6) -> 22.629304 | I7: =H7+(H7/100*6) -> 23.987062
D8: Waist to height ratio | E8: 0.42 | F8: =E8+(E8/100*4) -> 0.4368 | G8: =F8+(F8/100*4) -> 0.454272 | H8: =G8+(G8/100*4) -> 0.47244288 | I8: =H8+(H8/100*4) -> 0.4913406 | J8: =IF(E8<=0.4,0, IF(E8<=0.5,20*(E8-0.4)/0.1, IF(E8<=0.6,20+40*(E8-0.5)/0.1, 60+40*(MIN(E8,0.75)-0.6)/0.15))) -> 4
D9: Fasting glucose (mmol/L) | E9: 4.6
D10: HbA1c (%) | E10: 4.9 | F10: =E10+(E10/100*5) -> 5.145 | G10: =F10+(F10/100*5) -> 5.40225 | H10: =G10+(G10/100*5) -> 5.6723625 | I10: =H10+(H10/100*5) -> 5.9559806 | J10: =IF(E10<5.7,10*(E10/5.7), IF(E10<6.5,10+40*(E10-5.7)/0.8, 50+50*(MIN(E10,9)-6.5)/2.5)) -> 8.5964912 | L10: Metabolic Index | M10: Metabolic Z score
D11: HOMA IR | E11: 0.8 | F11: =E11+(E11/100*14) -> 0.912 | G11: =F11+(F11/100*14) -> 1.03968 | H11: =G11+(G11/100*14) -> 1.1852352 | I11: =H11+(H11/100*14) -> 1.3511681 | J11: =IF(E11<1.6,10*(E11/1.6), IF(E11<3,10+40*(E11-1.6)/1.4, 50+50*(MIN(E11,7)-3)/4)) -> 5 | L11: =(0.3*K12)+(0.2*J8)+(0.15*J10)+(0.25*J11)+(0.1*J13) -> 4.9582237 | M11: =IF(L11<=10,1.5-0.1*L11, IF(L11<=60,0.5-0.02*(L11-10), -0.5-0.03*(L11-60))) -> 1.0041776
D12: ApoB (g/L) | E12: 0.65 | F12: =E12+(E12/100*6) -> 0.689 | G12: =F12+(F12/100*6) -> 0.73034 | H12: =G12+(G12/100*6) -> 0.7741604 | I12: =H12+(H12/100*6) -> 0.82061002 | J12: =E12*100 -> 65 | K12: =IF(J12<80,5*(J12/80), IF(J12<100,10+20*(J12-80)/20, IF(J12<130,30+25*(J12-100)/30, IF(J12<160,55+25*(J12-130)/30, IF(J12<200,80+20*(J12-160)/40,100))))) -> 4.0625
D13: hsCRP (mg/L) | E13: 0.4 | F13: =E13+(E13/100*18) -> 0.472 | G13: =F13+(F13/100*18) -> 0.55696 | H13: =G13+(G13/100*18) -> 0.6572128 | I13: =H13+(H13/100*18) -> 0.7755111 | J13: =IF(E13<1,10*(E13/1), IF(E13<3,10+40*(E13-1)/2, 50+50*(MIN(E13,10)-3)/7)) -> 4
D14: Gait speed (m/s) | E14: 1.3 | F14: =E14-(E14/100*6) -> 1.222 | G14: =F14+(F14/100*6) -> 1.29532 | H14: =G14+(G14/100*7) -> 1.3859924 | I14: =H14+(H14/100*7) -> 1.4830119 | J14: =IFERROR(FORECAST(E14, OFFSET(Mobility_Normative_Data!$A$3, MATCH(E14, Mobility_Normative_Data!$B$3:$B$17, -1)-1, 0, 2), OFFSET(Mobility_Normative_Data!$B$3, MATCH(E14, Mobility_Normative_Data!$B$3:$B$17, -1)-1, 0, 2)), INDEX(Mobility_Normative_Data!$A$3:$A$17, MATCH(E14, Mobility_Normative_Data!$B$3:$B$17, -1))) -> 67.142857
D15: Timed Up and Go (sec) | E15: 7.8 | F15: =E15+(E15/100*10) -> 8.58 | G15: =F15+(F15/100*10) -> 9.438 | H15: =G15+(G15/100*10) -> 10.3818 | I15: =H15+(H15/100*10) -> 11.41998 | J15: =FORECAST(E15, OFFSET(Mobility_Normative_Data!$E$3, MATCH(E15, Mobility_Normative_Data!$F$3:$F$18, 1)-1, 0, 2), OFFSET(Mobility_Normative_Data!$F$3, MATCH(E15, Mobility_Normative_Data!$F$3:$F$18, 1)-1, 0, 2)) -> 58
D16: Single leg stance (sec) | E16: 45 | F16: =E16-(E16/100*20) -> 36 | G16: =F16+(F16/100*20) -> 43.2 | H16: =G16+(G16/100*20) -> 51.84 | I16: =H16+(H16/100*20) -> 62.208 | J16: =FORECAST(E16, OFFSET(Mobility_Normative_Data!$I$3, MATCH(E16, Mobility_Normative_Data!$J$3:$J$17, -1)-1, 0, 2), OFFSET(Mobility_Normative_Data!$J$3, MATCH(E16, Mobility_Normative_Data!$J$3:$J$17, -1)-1, 0, 2)) -> 20
D17: Sit and reach (cm) | E17: 38 | F17: =E17-(E17/100*10) -> 34.2 | G17: =F17+(F17/100*10) -> 37.62 | H17: =G17+(G17/100*10) -> 41.382 | I17: =H17+(H17/100*10) -> 45.5202 | J17: =FORECAST(E17, OFFSET(Mobility_Normative_Data!$M$3, MATCH(E17, Mobility_Normative_Data!$N$3:$N$17, -1)-1, 0, 2), OFFSET(Mobility_Normative_Data!$N$3, MATCH(E17, Mobility_Normative_Data!$N$3:$N$17, -1)-1, 0, 2)) -> 25
D18: Processing speed (SD) | E18: 1 | F18: =E18 +(-0.2) -> 0.8 | G18: =F18 +(-0.2) -> 0.6 | H18: =G18 +(-0.3) -> 0.3 | I18: =H18 +(-0.3) -> 0 | J18: =MAX(18,B27-(E18*25)) -> 25
D19: Working memory (SD) | E19: 1.2 | F19: =E19+(-0.2) -> 1 | G19: =F19 +(-0.2) -> 0.8 | H19: =G19 +(-0.3) -> 0.5 | I19: =H19 +(-0.3) -> 0.2 | J19: =MAX(18,B27-(E19*35)) -> 18
A23: Overall Decline predicitons
B25: Present | C25: 10 years time | D25: 20 Years time | E25: Thirty years | F25: 40 years
A26: Sex | B26: Male
A27: Chronological | B27: =B2 -> 50 | C27: =B27+10 -> 60 | D27: =C27+10 -> 70 | E27: =D27+10 -> 80 | F27: =E27+10 -> 90
A28: Vitality | B28: =M2 -> -6.0157895 | C28: =B28+(B28/100*11.5) -> -6.7076053 | D28: =C28+(C28/100*32.2) -> -8.8674542 | E28: =D28+(D28/100*32.2) -> -11.722774 | F28: =E28+(E28/100*32.2) -> -15.497508
A29: Strength | B29: =M3 -> 53.666667 | C29: =B29+(B29/100*12.3) -> 60.267667 | D29: =C29+(C29/100*30.8) -> 78.830108 | E29: =D29+(D29/100*30.8) -> 103.10978 | F29: =E29+(E29/100*30.8) -> 134.86759
A30: Metabolic | B30: =M4 -> 40.962401 | C30: =B30+(B30/100*5.5) -> 43.215333 | D30: =C30+(C30/100*11) -> 47.96902 | E30: =D30+(D30/100*11) -> 53.245612 | F30: =E30+(E30/100*11) -> 59.10263
A31: Mobility | B31: =M5 -> 44.392857 | C31: =B31+(B31/100*9.9) -> 48.78775 | D31: =C31+(C31/100*19.8) -> 58.447725 | E31: =D31+(D31/100*19.8) -> 70.020374 | F31: =E31+(E31/100*19.8) -> 83.884408
A32: Cognitive | B32: =M6 -> 22.2 | C32: =B32+(B32/100*20) -> 26.64 | D32: =C32+(C32/100*60) -> 42.624 | E32: =D32+(D32/100*60) -> 68.1984 | F32: =E32+(E32/100*60) -> 109.11744
M35: Chronological Age | N35: Vitality Decline | P35: Chronological Age | Q35: Strength Decline | S35: Chronological Age | T35: Metabolic Decline | V35: Chronological Age | W35: Mobility Decline | Y35: Chronological Age | Z35: Cognitive Decline
A36: Functional Biological Age | M36: =B27 -> 50 | N36: =M2 -> -6.0157895 | P36: =M36 -> 50 | Q36: =M3 -> 53.666667 | S36: =M36 -> 50 | T36: =M4 -> 40.962401 | V36: =M36 -> 50 | W36: =M5 -> 44.392857 | Y36: =M36 -> 50 | Z36: =M6 -> 22.2
A37: =(B28/100*20)+(B29/100*20)+(B30/100*25)+(B31/100*20)+(B32/100*15) -> 31.979347 | M37: =M36+1 -> 51 | N37: =N36-(N36*0.0115) -> -5.9466079 | P37: =P36+1 -> 51 | Q37: =Q36+(Q36*0.0123) -> 54.326767 | S37: =S36+1 -> 51 | T37: =T36+(T36*0.011) -> 41.412988 | V37: =V36+1 -> 51 | W37: =W36+(W36*0.0099) -> 44.832346 | Y37: =Y36+1 -> 51 | Z37: =Z36+(Z36*0.02) -> 22.644
M38: =M37+1 -> 52 | N38: =N37-(N37*0.0115) -> -5.8782219 | P38: =P37+1 -> 52 | Q38: =Q37+(Q37*0.0123) -> 54.994986 | S38: =S37+1 -> 52 | T38: =T37+(T37*0.011) -> 41.868531 | V38: =V37+1 -> 52 | W38: =W37+(W37*0.0099) -> 45.276187 | Y38: =Y37+1 -> 52 | Z38: =Z37+(Z37*0.02) -> 23.09688
M39: =M38+1 -> 53 | N39: =N38-(N38*0.0115) -> -5.8106224 | P39: =P38+1 -> 53 | Q39: =Q38+(Q38*0.0123) -> 55.671424 | S39: =S38+1 -> 53 | T39: =T38+(T38*0.011) -> 42.329084 | V39: =V38+1 -> 53 | W39: =W38+(W38*0.0099) -> 45.724421 | Y39: =Y38+1 -> 53 | Z39: =Z38+(Z38*0.02) -> 23.558818
M40: =M39+1 -> 54 | N40: =N39-(N39*0.0115) -> -5.7438002 | P40: =P39+1 -> 54 | Q40: =Q39+(Q39*0.0123) -> 56.356183 | S40: =S39+1 -> 54 | T40: =T39+(T39*0.011) -> 42.794704 | V40: =V39+1 -> 54 | W40: =W39+(W39*0.0099) -> 46.177093 | Y40: =Y39+1 -> 54 | Z40: =Z39+(Z39*0.02) -> 24.029994
M41: =M40+1 -> 55 | N41: =N40-(N40*0.0115) -> -5.6777465 | P41: =P40+1 -> 55 | Q41: =Q40+(Q40*0.0123) -> 57.049364 | S41: =S40+1 -> 55 | T41: =T40+(T40*0.011) -> 43.265446 | V41: =V40+1 -> 55 | W41: =W40+(W40*0.0099) -> 46.634246 | Y41: =Y40+1 -> 55 | Z41: =Z40+(Z40*0.02) -> 24.510594
B42: Age | C42: Vitality | D42: Age | E42: Strength | F42: Age | G42: Metabolic | H42: Age | I42: Mobility | J42: Age | K42: Cognitive | M42: =M41+1 -> 56 | N42: =N41-(N41*0.0115) -> -5.6124524 | P42: =P41+1 -> 56 | Q42: =Q41+(Q41*0.0123) -> 57.751071 | S42: =S41+1 -> 56 | T42: =T41+(T41*0.011) -> 43.741366 | V42: =V41+1 -> 56 | W42: =W41+(W41*0.0099) -> 47.095925 | Y42: =Y41+1 -> 56 | Z42: =Z41+(Z41*0.02) -> 25.000806
B43: =B27 -> 50 | C43: =B28 -> -6.0157895 | D43: =B43 -> 50 | E43: =B29 -> 53.666667 | F43: =B27 -> 50 | G43: =B30 -> 40.962401 | H43: =B27 -> 50 | I43: =B31 -> 44.392857 | J43: =B27 -> 50 | K43: =B32 -> 22.2 | M43: =M42+1 -> 57 | N43: =N42-(N42*0.0115) -> -5.5479092 | P43: =P42+1 -> 57 | Q43: =Q42+(Q42*0.0123) -> 58.461409 | S43: =S42+1 -> 57 | T43: =T42+(T42*0.011) -> 44.222521 | V43: =V42+1 -> 57 | W43: =W42+(W42*0.0099) -> 47.562175 | Y43: =Y42+1 -> 57 | Z43: =Z42+(Z42*0.02) -> 25.500822
B44: =C27 -> 60 | C44: =C28 -> -6.7076053 | D44: =B44 -> 60 | E44: =C29 -> 60.267667 | F44: =C27 -> 60 | G44: =C30 -> 43.215333 | H44: =C27 -> 60 | I44: =C31 -> 48.78775 | J44: =C27 -> 60 | K44: =C32 -> 26.64 | M44: =M43+1 -> 58 | N44: =N43-(N43*0.0115) -> -5.4841082 | P44: =P43+1 -> 58 | Q44: =Q43+(Q43*0.0123) -> 59.180484 | S44: =S43+1 -> 58 | T44: =T43+(T43*0.011) -> 44.708969 | V44: =V43+1 -> 58 | W44: =W43+(W43*0.0099) -> 48.03304 | Y44: =Y43+1 -> 58 | Z44: =Z43+(Z43*0.02) -> 26.010838
B45: =D27 -> 70 | C45: =D28 -> -8.8674542 | D45: =D27 -> 70 | E45: =D29 -> 78.830108 | F45: =D27 -> 70 | G45: =D30 -> 47.96902 | H45: =D27 -> 70 | I45: =D31 -> 58.447725 | J45: =D27 -> 70 | K45: =D32 -> 42.624 | M45: =M44+1 -> 59 | N45: =N44-(N44*0.0115) -> -5.421041 | P45: =P44+1 -> 59 | Q45: =Q44+(Q44*0.0123) -> 59.908404 | S45: =S44+1 -> 59 | T45: =T44+(T44*0.011) -> 45.200767 | V45: =V44+1 -> 59 | W45: =W44+(W44*0.0099) -> 48.508567 | Y45: =Y44+1 -> 59 | Z45: =Z44+(Z44*0.02) -> 26.531055
B46: =E27 -> 80 | C46: =E28 -> -11.722774 | D46: =E27 -> 80 | E46: =E29 -> 103.10978 | F46: =E27 -> 80 | G46: =E30 -> 53.245612 | H46: =E27 -> 80 | I46: =E31 -> 70.020374 | J46: =E27 -> 80 | K46: =E32 -> 68.1984 | M46: =M45+1 -> 60 | N46: =N45-(N45*0.0115) -> -5.358699 | P46: =P45+1 -> 60 | Q46: =Q45+(Q45*0.0123) -> 60.645278 | S46: =S45+1 -> 60 | T46: =T45+(T45*0.011) -> 45.697976 | V46: =V45+1 -> 60 | W46: =W45+(W45*0.0099) -> 48.988802 | Y46: =Y45+1 -> 60 | Z46: =Z45+(Z45*0.02) -> 27.061676
B47: =F27 -> 90 | C47: =F28 -> -15.497508 | D47: =F27 -> 90 | E47: =F29 -> 134.86759 | F47: =F27 -> 90 | G47: =F31 -> 83.884408 | H47: =F27 -> 90 | I47: =F31 -> 83.884408 | J47: =F27 -> 90 | K47: =F32 -> 109.11744

Sheet Persona_3
A1: Persona | B1: Jayden | D1: Metric | F1: 10 Years (49) | G1: 20 Years (59) | H1: 30 Years (69) | I1: 40 Years (79) | M1: Combined Scores
A2: Age | B2: 24 | D2: VO2 max (ml/kg/min) | E2: 31 | F2: =E2+(E2/100*10) -> 34.1 | G2: =F2+(F2/100*10) -> 37.51 | H2: =G2+(G2/100*10) -> 41.261 | I2: =H2+(H2/100*15) -> 47.45015 | L2: Vitality | M2: =B27+ ((1 -((E2 / 48) * 0.7 )-((E3/ 100) * 0.3 )) *100) -> 52.391667
A3: Detail | B3: Jayden is a professional e-sports player. While his cognitive reaction times are elite, he survives on energy drinks and fast food, rarely leaving his chair for physical activity. | D3: FEV1 (% predicted) | E3: 88 | F3: =E3-(E3/100*10) -> 79.2 | G3: =F3-(F3/100*10) -> 71.28 | H3: =G3-(G3/100*15) -> 60.588 | I3: =H3-(H3/100*15) -> 51.4998 | L3: Strength | M3: =((J4/100*50)+(J5/100*25)+(J6/100*25)) -> 78.928571 | O3: Functional Biological Age
D4: Grip strength (kg) | E4: 36 | F4: =E4+(E4/100*10) -> 39.6 | G4: =F4+(F4/100*10) -> 43.56 | H4: =G4+(G4/100*6)+(G4/100*6) -> 48.7872 | I4: =H4+((H4/100)*15) -> 56.10528 | J4: =IFERROR( IF(B27<30, FORECAST(E4, OFFSET(Strength_Normative_Data!$A$3, MATCH(E4, Strength_Normative_Data!$B$3:$B$5, 1)-1, 0, 2), OFFSET(Strength_Normative_Data!$B$3, MATCH(E4, Strength_Normative_Data!$B$3:$B$5, 1)-1, 0, 2)), FORECAST(E4, OFFSET(Strength_Normative_Data!$A$5, MATCH(E4, Strength_Normative_Data!$B$5:$B$16, -1)-1, 0, 2), OFFSET(Strength_Normative_Data!$B$5, MATCH(E4, Strength_Normative_Data!$B$5:$B$16, -1)-1, 0, 2)) ), IF(E4 > MAX(Strength_Normative_Data!$B$3:$B$16), 20, 85) ) -> 85 | L4: Metabolic | M4: =B27 - 9*M11 -> 25.132714 | O4: =A37 -> 48.847226
D5: STS Power (W/kg) | E5: 1.9 | F5: =E5+(E5/100*12) -> 2.128 | G5: =F5+(F5/100*12) -> 2.38336 | H5: =G5+(G5/100*1.2) + (G5/100* 13.5) -> 2.7337139 | I5: =H5+(H5/100*15) -> 3.143771 | J5: =FORECAST(E5, OFFSET(Strength_Normative_Data!$O$3, MATCH(E5, Strength_Normative_Data!$P$3:$P$17, -1)-1, 0, 2), OFFSET(Strength_Normative_Data!$P$3, MATCH(E5, Strength_Normative_Data!$P$3:$P$17, -1)-1, 0, 2)) -> 80 | L5: Functional Mobility | M5: =((J14/100*30)+(J15/100*25)+(J16/100*30)+(J17/100*15)) -> 68 | T5: h
D6: Vertical jump (cm) | E6: 28 | F6: =E6+(E6/100*12) -> 31.36 | G6: =F6+(F6/100*12) -> 35.1232 | H6: =G6+(G6/100*1.2) + (G6/100* 13.5) -> 40.28631 | I6: =H6+(H6/100*15) -> 46.329257 | J6: =FORECAST(E6, OFFSET(Strength_Normative_Data!$J$3, MATCH(E6, Strength_Normative_Data!$K$3:$K$16, -1)-1, 0, 2), OFFSET(Strength_Normative_Data!$K$3, MATCH(E6, Strength_Normative_Data!$K$3:$K$16, -1)-1, 0, 2)) -> 65.714286 | L6: Cognitive | M6: =((J18/100*60)+(J19/100*40)) -> 18
D7: Body fat (%) | E7: 28 | F7: =E7+(E7/100*6) -> 29.68 | G7: =F7+(F7/100*6) -> 31.4608 | H7: =G7+(G7/100*6) -> 33.348448 | I7: =H7+(H7/100*6) -> 35.349355
D8: Waist to height ratio | E8: 0.58 | F8: =E8+(E8/100*4) -> 0.6032 | G8: =F8+(F8/100*4) -> 0.627328 | H8: =G8+(G8/100*4) -> 0.65242112 | I8: =H8+(H8/100*4) -> 0.67851796 | J8: =IF(E8<=0.4,0, IF(E8<=0.5,20*(E8-0.4)/0.1, IF(E8<=0.6,20+40*(E8-0.5)/0.1, 60+40*(MIN(E8,0.75)-0.6)/0.15))) -> 52
D9: Fasting glucose (mmol/L) | E9: 5.9
D10: HbA1c (%) | E10: 5.8 | F10: =E10+(E10/100*5) -> 6.09 | G10: =F10+(F10/100*5) -> 6.3945 | H10: =G10+(G10/100*5) -> 6.714225 | I10: =H10+(H10/100*5) -> 7.0499363 | J10: =IF(E10<5.7,10*(E10/5.7), IF(E10<6.5,10+40*(E10-5.7)/0.8, 50+50*(MIN(E10,9)-6.5)/2.5)) -> 15 | L10: Metabolic Index | M10: Metabolic Z score
D11: HOMA IR | E11: 2.9 | F11: =E11+(E11/100*14) -> 3.306 | G11: =F11+(F11/100*14) -> 3.76884 | H11: =G11+(G11/100*14) -> 4.2964776 | I11: =H11+(H11/100*14) -> 4.8979845 | J11: =IF(E11<1.6,10*(E11/1.6), IF(E11<3,10+40*(E11-1.6)/1.4, 50+50*(MIN(E11,7)-3)/4)) -> 47.142857 | L11: =(0.3*K12)+(0.2*J8)+(0.15*J10)+(0.25*J11)+(0.1*J13) -> 41.292857 | M11: =IF(L11<=10,1.5-0.1*L11, IF(L11<=60,0.5-0.02*(L11-10), -0.5-0.03*(L11-60))) -> -0.12585714
D12: ApoB (g/L) | E12: 1.1 | F12: =E12+(E12/100*6) -> 1.166 | G12: =F12+(F12/100*6) -> 1.23596 | H12: =G12+(G12/100*6) -> 1.3101176 | I12: =H12+(H12/100*6) -> 1.3887247 | J12: =E12*100 -> 110 | K12: =IF(J12<80,5*(J12/80), IF(J12<100,10+20*(J12-80)/20, IF(J12<130,30+25*(J12-100)/30, IF(J12<160,55+25*(J12-130)/30, IF(J12<200,80+20*(J12-160)/40,100))))) -> 38.333333
D13: hsCRP (mg/L) | E13: 3.5 | F13: =E13+(E13/100*18) -> 4.13 | G13: =F13+(F13/100*18) -> 4.8734 | H13: =G13+(G13/100*18) -> 5.750612 | I13: =H13+(H13/100*18) -> 6.7857222 | J13: =IF(E13<1,10*(E13/1), IF(E13<3,10+40*(E13-1)/2, 50+50*(MIN(E13,10)-3)/7)) -> 53.571429
D14: Gait speed (m/s) | E14: 1.1 | F14: =E14-(E14/100*6) -> 1.034 | G14: =F14+(F14/100*6) -> 1.09604 | H14: =G14+(G14/100*7) -> 1.1727628 | I14: =H14+(H14/100*7) -> 1.2548562 | J14: =IFERROR(FORECAST(E14, OFFSET(Mobility_Normative_Data!$A$3, MATCH(E14, Mobility_Normative_Data!$B$3:$B$17, -1)-1, 0, 2), OFFSET(Mobility_Normative_Data!$B$3, MATCH(E14, Mobility_Normative_Data!$B$3:$B$17, -1)-1, 0, 2)), INDEX(Mobility_Normative_Data!$A$3:$A$17, MATCH(E14, Mobility_Normative_Data!$B$3:$B$17, -1))) -> 80
D15: Timed Up and Go (sec) | E15: 8.5 | F15: =E15+(E15/100*10) -> 9.35 | G15: =F15+(F15/100*10) -> 10.285 | H15: =G15+(G15/100*10) -> 11.3135 | I15: =H15+(H15/100*10) -> 12.44485 | J15: =FORECAST(E15, OFFSET(Mobility_Normative_Data!$E$3, MATCH(E15, Mobility_Normative_Data!$F$3:$F$18, 1)-1, 0, 2), OFFSET(Mobility_Normative_Data!$F$3, MATCH(E15, Mobility_Normative_Data!$F$3:$F$18, 1)-1, 0, 2)) -> 65
D16: Single leg stance (sec) | E16: 15 | F16: =E16-(E16/100*20) -> 12 | G16: =F16+(F16/100*20) -> 14.4 | H16: =G16+(G16/100*20) -> 17.28 | I16: =H16+(H16/100*20) -> 20.736 | J16: =FORECAST(E16, OFFSET(Mobility_Normative_Data!$I$3, MATCH(E16, Mobility_Normative_Data!$J$3:$J$17, -1)-1, 0, 2), OFFSET(Mobility_Normative_Data!$J$3, MATCH(E16, Mobility_Normative_Data!$J$3:$J$17, -1)-1, 0, 2)) -> 75
D17: Sit and reach (cm) | E17: 36 | F17: =E17-(E17/100*10) -> 32.4 | G17: =F17+(F17/100*10) -> 35.64 | H17: =G17+(G17/100*10) -> 39.204 | I17: =H17+(H17/100*10) -> 43.1244 | J17: =FORECAST(E17, OFFSET(Mobility_Normative_Data!$M$3, MATCH(E17, Mobility_Normative_Data!$N$3:$N$17, -1)-1, 0, 2), OFFSET(Mobility_Normative_Data!$N$3, MATCH(E17, Mobility_Normative_Data!$N$3:$N$17, -1)-1, 0, 2)) -> 35
D18: Processing speed (SD) | E18: 2.5 | F18: =E18 +(-0.2) -> 2.3 | G18: =F18 +(-0.2) -> 2.1 | H18: =G18 +(-0.3) -> 1.8 | I18: =H18 +(-0.3) -> 1.5 | J18: =MAX(18,B27-(E18*25)) -> 18
D19: Working memory (SD) | E19: 1.5 | F19: =E19+(-0.2) -> 1.3 | G19: =F19 +(-0.2) -> 1.1 | H19: =G19 +(-0.3) -> 0.8 | I19: =H19 +(-0.3) -> 0.5 | J19: =MAX(18,B27-(E19*35)) -> 18
A23: Overall Decline predicitons
B25: Present | C25: 10 years time | D25: 20 Years time | E25: Thirty years | F25: 40 years
A26: Sex | B26: Male
A27: Chronological | B27: =B2 -> 24 | C27: =B27+10 -> 34 | D27: =C27+10 -> 44 | E27: =D27+10 -> 54 | F27: =E27+10 -> 64
A28: Vitality | B28: =M2 -> 52.391667 | C28: =B28+(B28/100*11.5) -> 58.416708 | D28: =C28+(C28/100*32.2) -> 77.226888 | E28: =D28+(D28/100*32.2) -> 102.09395 | F28: =E28+(E28/100*32.2) -> 134.9682
A29: Strength | B29: =M3 -> 78.928571 | C29: =B29+(B29/100*12.3) -> 88.636786 | D29: =C29+(C29/100*30.8) -> 115.93692 | E29: =D29+(D29/100*30.8) -> 151.64549 | F29: =E29+(E29/100*30.8) -> 198.3523
A30: Metabolic | B30: =M4 -> 25.132714 | C30: =B30+(B30/100*5.5) -> 26.515014 | D30: =C30+(C30/100*11) -> 29.431665 | E30: =D30+(D30/100*11) -> 32.669148 | F30: =E30+(E30/100*11) -> 36.262755
A31: Mobility | B31: =M5 -> 68 | C31: =B31+(B31/100*9.9) -> 74.732 | D31: =C31+(C31/100*19.8) -> 89.528936 | E31: =D31+(D31/100*19.8) -> 107.25567 | F31: =E31+(E31/100*19.8) -> 128.49229
A32: Cognitive | B32: =M6 -> 18 | C32: =B32+(B32/100*20) -> 21.6 | D32: =C32+(C32/100*60) -> 34.56 | E32: =D32+(D32/100*60) -> 55.296 | F32: =E32+(E32/100*60) -> 88.4736
A36: Functional Biological Age
A37: =(B28/100*20)+(B29/100*20)+(B30/100*25)+(B31/100*20)+(B32/100*15) -> 48.847226
B42: Age | C42: Vitality | D42: Age | E42: Strength | F42: Age | G42: Metabolic | H42: Age | I42: Mobility | J42: Age | K42: Cognitive
B43: =B27 -> 24 | C43: =B28 -> 52.391667 | D43: =B43 -> 24 | E43: =B29 -> 78.928571 | F43: =B27 -> 24 | G43: =B30 -> 25.132714 | H43: =B27 -> 24 | I43: =B31 -> 68 | J43: =B27 -> 24 | K43: =B32 -> 18
B44: =C27 -> 34 | C44: =C28 -> 58.416708 | D44: =B44 -> 34 | E44: =C29 -> 88.636786 | F44: =C27 -> 34 | G44: =C30 -> 26.515014 | H44: =C27 -> 34 | I44: =C31 -> 74.732 | J44: =C27 -> 34 | K44: =C32 -> 21.6
B45: =D27 -> 44 | C45: =D28 -> 77.226888 | D45: =D27 -> 44 | E45: =D29 -> 115.93692 | F45: =D27 -> 44 | G45: =D30 -> 29.431665 | H45: =D27 -> 44 | I45: =D31 -> 89.528936 | J45: =D27 -> 44 | K45: =D32 -> 34.56
B46: =E27 -> 54 | C46: =E28 -> 102.09395 | D46: =E27 -> 54 | E46: =E29 -> 151.64549 | F46: =E27 -> 54 | G46: =E30 -> 32.669148 | H46: =E27 -> 54 | I46: =E31 -> 107.25567 | J46: =E27 -> 54 | K46: =E32 -> 55.296
B47: =F27 -> 64 | C47: =F28 -> 134.9682 | D47: =F27 -> 64 | E47: =F29 -> 198.3523 | F47: =F27 -> 64 | G47: =F31 -> 128.49229 | H47: =F27 -> 64 | I47: =F31 -> 128.49229 | J47: =F27 -> 64 | K47: =F32 -> 88.4736
P49: Graphing
P50: Chronological Age | Q50: Vitality Decline | S50: Chronological Age | T50: Strength Decline | V50: Chronological Age | W50: Metabolic Decline | Y50: Chronological Age | Z50: Mobility Decline | AB50: Chronological Age | AC50: Cognitive Decline
P51: =B27 -> 24 | Q51: =B28 -> 52.391667 | S51: =P51 -> 24 | T51: =B29 -> 78.928571 | V51: =P51 -> 24 | W51: =B30 -> 25.132714 | Y51: =P51 -> 24 | Z51: =B31 -> 68 | AB51: =P51 -> 24 | AC51: =B32 -> 18
P52: =P51+1 -> 25 | Q52: =Q51+(Q51*0.0115) -> 52.994171 | S52: =S51+1 -> 25 | T52: =T51+(T51*0.0123) -> 79.899393 | V52: =V51+1 -> 25 | W52: =W51+(W51*0.011) -> 25.409174 | Y52: =Y51+1 -> 25 | Z52: =Z51+(Z51*0.0099) -> 68.6732 | AB52: =AB51+1 -> 25 | AC52: =AC51+(AC51*0.02) -> 18.36
P53: =P52+1 -> 26 | Q53: =Q52+(Q52*0.0115) -> 53.603604 | S53: =S52+1 -> 26 | T53: =T52+(T52*0.0123) -> 80.882155 | V53: =V52+1 -> 26 | W53: =W52+(W52*0.011) -> 25.688675 | Y53: =Y52+1 -> 26 | Z53: =Z52+(Z52*0.0099) -> 69.353065 | AB53: =AB52+1 -> 26 | AC53: =AC52+(AC52*0.02) -> 18.7272
P54: =P53+1 -> 27 | Q54: =Q53+(Q53*0.0115) -> 54.220045 | S54: =S53+1 -> 27 | T54: =T53+(T53*0.0123) -> 81.877006 | V54: =V53+1 -> 27 | W54: =W53+(W53*0.011) -> 25.97125 | Y54: =Y53+1 -> 27 | Z54: =Z53+(Z53*0.0099) -> 70.03966 | AB54: =AB53+1 -> 27 | AC54: =AC53+(AC53*0.02) -> 19.101744
P55: =P54+1 -> 28 | Q55: =Q54+(Q54*0.0115) -> 54.843576 | S55: =S54+1 -> 28 | T55: =T54+(T54*0.0123) -> 82.884093 | V55: =V54+1 -> 28 | W55: =W54+(W54*0.011) -> 26.256934 | Y55: =Y54+1 -> 28 | Z55: =Z54+(Z54*0.0099) -> 70.733053 | AB55: =AB54+1 -> 28 | AC55: =AC54+(AC54*0.02) -> 19.483779
P56: =P55+1 -> 29 | Q56: =Q55+(Q55*0.0115) -> 55.474277 | S56: =S55+1 -> 29 | T56: =T55+(T55*0.0123) -> 83.903567 | V56: =V55+1 -> 29 | W56: =W55+(W55*0.011) -> 26.545761 | Y56: =Y55+1 -> 29 | Z56: =Z55+(Z55*0.0099) -> 71.43331 | AB56: =AB55+1 -> 29 | AC56: =AC55+(AC55*0.02) -> 19.873454
P57: =P56+1 -> 30 | Q57: =Q56+(Q56*0.0115) -> 56.112231 | S57: =S56+1 -> 30 | T57: =T56+(T56*0.0123) -> 84.935581 | V57: =V56+1 -> 30 | W57: =W56+(W56*0.011) -> 26.837764 | Y57: =Y56+1 -> 30 | Z57: =Z56+(Z56*0.0099) -> 72.1405 | AB57: =AB56+1 -> 30 | AC57: =AC56+(AC56*0.02) -> 20.270924
P58: =P57+1 -> 31 | Q58: =Q57+(Q57*0.0115) -> 56.757522 | S58: =S57+1 -> 31 | T58: =T57+(T57*0.0123) -> 85.980289 | V58: =V57+1 -> 31 | W58: =W57+(W57*0.011) -> 27.132979 | Y58: =Y57+1 -> 31 | Z58: =Z57+(Z57*0.0099) -> 72.854691 | AB58: =AB57+1 -> 31 | AC58: =AC57+(AC57*0.02) -> 20.676342
P59: =P58+1 -> 32 | Q59: =Q58+(Q58*0.0115) -> 57.410233 | S59: =S58+1 -> 32 | T59: =T58+(T58*0.0123) -> 87.037847 | V59: =V58+1 -> 32 | W59: =W58+(W58*0.011) -> 27.431442 | Y59: =Y58+1 -> 32 | Z59: =Z58+(Z58*0.0099) -> 73.575952 | AB59: =AB58+1 -> 32 | AC59: =AC58+(AC58*0.02) -> 21.089869
P60: =P59+1 -> 33 | Q60: =Q59+(Q59*0.0115) -> 58.070451 | S60: =S59+1 -> 33 | T60: =T59+(T59*0.0123) -> 88.108412 | V60: =V59+1 -> 33 | W60: =W59+(W59*0.011) -> 27.733188 | Y60: =Y59+1 -> 33 | Z60: =Z59+(Z59*0.0099) -> 74.304354 | AB60: =AB59+1 -> 33 | AC60: =AC59+(AC59*0.02) -> 21.511666
P61: =P60+1 -> 34 | Q61: =Q60+(Q60*0.0115) -> 58.738261 | S61: =S60+1 -> 34 | T61: =T60+(T60*0.0123) -> 89.192145 | V61: =V60+1 -> 34 | W61: =W60+(W60*0.011) -> 28.038253 | Y61: =Y60+1 -> 34 | Z61: =Z60+(Z60*0.0099) -> 75.039967 | AB61: =AB60+1 -> 34 | AC61: =AC60+(AC60*0.02) -> 21.9419

Sheet Persona_4
A1: Persona | B1: Arthur | D1: Metric | F1: 10 Years (49) | G1: 20 Years (59) | H1: 30 Years (69) | I1: 40 Years (79) | M1: Combined Scores
A2: Age | B2: 61 | D2: VO2 max (ml/kg/min) | E2: 24 | F2: =E2+(E2/100*10) -> 26.4 | G2: =F2+(F2/100*10) -> 29.04 | H2: =G2+(G2/100*10) -> 31.944 | I2: =H2+(H2/100*15) -> 36.7356 | L2: Vitality | M2: =B27+ ((1 -((E2 / 30.2) * 0.7 )-((E3/ 100) * 0.3 )) *100) -> 78.370861
A3: Detail | B3: Arthur worked in construction his whole life and still lifts heavy weights in his garage. He eats a high-meat diet and ignores cardio, prioritizing raw strength to "stay useful" around the house. | D3: FEV1 (% predicted) | E3: 90 | F3: =E3-(E3/100*10) -> 81 | G3: =F3-(F3/100*10) -> 72.9 | H3: =G3-(G3/100*15) -> 61.965 | I3: =H3-(H3/100*15) -> 52.67025 | L3: Strength | M3: =((J4/100*50)+(J5/100*25)+(J6/100*25)) -> 48.125 | O3: Functional Biological Age
D4: Grip strength (kg) | E4: 51 | F4: =E4-(E4/100*10) -> 45.9 | G4: =F4+(F4/100*10) -> 50.49 | H4: =G4+(G4/100*6)+(G4/100*6) -> 56.5488 | I4: =H4+((H4/100)*15) -> 65.03112 | J4: =IF(B27<30, FORECAST(E4, OFFSET(Strength_Normative_Data!$A$3, MATCH(E4, Strength_Normative_Data!$B$3:$B$5, 1)-1, 0, 2), OFFSET(Strength_Normative_Data!$B$3, MATCH(E4, Strength_Normative_Data!$B$3:$B$5, 1)-1, 0, 2)), FORECAST(E4, OFFSET(Strength_Normative_Data!$A$5, MATCH(E4, Strength_Normative_Data!$B$5:$B$16, -1)-1, 0, 2), OFFSET(Strength_Normative_Data!$B$5, MATCH(E4, Strength_Normative_Data!$B$5:$B$16, -1)-1, 0, 2))) -> 30 | L4: Metabolic | M4: =B27 - 9*M11 -> 63.3025 | O4: =A37 -> 67.869797
D5: STS Power (W/kg) | E5: 2.8 | F5: =E5+(E5/100*12) -> 3.136 | G5: =F5+(F5/100*12) -> 3.51232 | H5: =G5+(G5/100*1.2) + (G5/100* 13.5) -> 4.028631 | I5: =H5+(H5/100*15) -> 4.6329257 | J5: =FORECAST(E5, OFFSET(Strength_Normative_Data!$O$3, MATCH(E5, Strength_Normative_Data!$P$3:$P$17, -1)-1, 0, 2), OFFSET(Strength_Normative_Data!$P$3, MATCH(E5, Strength_Normative_Data!$P$3:$P$17, -1)-1, 0, 2)) -> 57.5 | L5: Functional Mobility | M5: =((J14/100*30)+(J15/100*25)+(J16/100*30)+(J17/100*15)) -> 80.25
D6: Vertical jump (cm) | E6: 21.5 | F6: =E6+(E6/100*12) -> 24.08 | G6: =F6+(F6/100*12) -> 26.9696 | H6: =G6+(G6/100*1.2) + (G6/100* 13.5) -> 30.934131 | I6: =H6+(H6/100*15) -> 35.574251 | J6: =FORECAST(E6, OFFSET(Strength_Normative_Data!$J$3, MATCH(E6, Strength_Normative_Data!$K$3:$K$16, -1)-1, 0, 2), OFFSET(Strength_Normative_Data!$K$3, MATCH(E6, Strength_Normative_Data!$K$3:$K$16, -1)-1, 0, 2)) -> 75 | L6: Cognitive | M6: =((J18/100*60)+(J19/100*40)) -> 71.3
D7: Body fat (%) | E7: 30 | F7: =E7+(E7/100*6) -> 31.8 | G7: =F7+(F7/100*6) -> 33.708 | H7: =G7+(G7/100*6) -> 35.73048 | I7: =H7+(H7/100*6) -> 37.874309
D8: Waist to height ratio | E8: 0.62 | F8: =E8+(E8/100*4) -> 0.6448 | G8: =F8+(F8/100*4) -> 0.670592 | H8: =G8+(G8/100*4) -> 0.69741568 | I8: =H8+(H8/100*4) -> 0.72531231 | J8: =IF(E8<=0.4,0, IF(E8<=0.5,20*(E8-0.4)/0.1, IF(E8<=0.6,20+40*(E8-0.5)/0.1, 60+40*(MIN(E8,0.75)-0.6)/0.15))) -> 65.333333
D9: Fasting glucose (mmol/L) | E9: 6.1
D10: HbA1c (%) | E10: 6 | F10: =E10+(E10/100*5) -> 6.3 | G10: =F10+(F10/100*5) -> 6.615 | H10: =G10+(G10/100*5) -> 6.94575 | I10: =H10+(H10/100*5) -> 7.2930375 | J10: =IF(E10<5.7,10*(E10/5.7), IF(E10<6.5,10+40*(E10-5.7)/0.8, 50+50*(MIN(E10,9)-6.5)/2.5)) -> 25 | L10: Metabolic Index | M10: Metabolic Z score
D11: HOMA IR | E11: 3.2 | F11: =E11+(E11/100*14) -> 3.648 | G11: =F11+(F11/100*14) -> 4.15872 | H11: =G11+(G11/100*14) -> 4.7409408 | I11: =H11+(H11/100*14) -> 5.4046725 | J11: =IF(E11<1.6,10*(E11/1.6), IF(E11<3,10+40*(E11-1.6)/1.4, 50+50*(MIN(E11,7)-3)/4)) -> 52.5 | L11: =(0.3*K12)+(0.2*J8)+(0.15*J10)+(0.25*J11)+(0.1*J13) -> 47.791667 | M11: =IF(L11<=10,1.5-0.1*L11, IF(L11<=60,0.5-0.02*(L11-10), -0.5-0.03*(L11-60))) -> -0.25583333
D12: ApoB (g/L) | E12: 1.25 | F12: =E12+(E12/100*6) -> 1.325 | G12: =F12+(F12/100*6) -> 1.4045 | H12: =G12+(G12/100*6) -> 1.48877 | I12: =H12+(H12/100*6) -> 1.5780962 | J12: =E12*100 -> 125 | K12: =IF(J12<80,5*(J12/80), IF(J12<100,10+20*(J12-80)/20, IF(J12<130,30+25*(J12-100)/30, IF(J12<160,55+25*(J12-130)/30, IF(J12<200,80+20*(J12-160)/40,100))))) -> 50.833333
D13: hsCRP (mg/L) | E13: 1.8 | F13: =E13+(E13/100*18) -> 2.124 | G13: =F13+(F13/100*18) -> 2.50632 | H13: =G13+(G13/100*18) -> 2.9574576 | I13: =H13+(H13/100*18) -> 3.4898 | J13: =IF(E13<1,10*(E13/1), IF(E13<3,10+40*(E13-1)/2, 50+50*(MIN(E13,10)-3)/7)) -> 26
D14: Gait speed (m/s) | E14: 0.9 | F14: =E14-(E14/100*6) -> 0.846 | G14: =F14+(F14/100*6) -> 0.89676 | H14: =G14+(G14/100*7) -> 0.9595332 | I14: =H14+(H14/100*7) -> 1.0267005 | J14: =IFERROR(FORECAST(E14, OFFSET(Mobility_Normative_Data!$A$3, MATCH(E14, Mobility_Normative_Data!$B$3:$B$17, -1)-1, 0, 2), OFFSET(Mobility_Normative_Data!$B$3, MATCH(E14, Mobility_Normative_Data!$B$3:$B$17, -1)-1, 0, 2)), INDEX(Mobility_Normative_Data!$A$3:$A$17, MATCH(E14, Mobility_Normative_Data!$B$3:$B$17, -1))) -> 80
D15: Timed Up and Go (sec) | E15: 10.2 | F15: =E15+(E15/100*10) -> 11.22 | G15: =F15+(F15/100*10) -> 12.342 | H15: =G15+(G15/100*10) -> 13.5762 | I15: =H15+(H15/100*10) -> 14.93382 | J15: =FORECAST(E15, OFFSET(Mobility_Normative_Data!$E$3, MATCH(E15, Mobility_Normative_Data!$F$3:$F$18, 1)-1, 0, 2), OFFSET(Mobility_Normative_Data!$F$3, MATCH(E15, Mobility_Normative_Data!$F$3:$F$18, 1)-1, 0, 2)) -> 81
D16: Single leg stance (sec) | E16: 8 | F16: =E16+(E16/100*20) -> 9.6 | G16: =F16+(F16/100*20) -> 11.52 | H16: =G16+(G16/100*20) -> 13.824 | I16: =H16+(H16/100*20) -> 16.5888 | J16: =FORECAST(E16, OFFSET(Mobility_Normative_Data!$I$3, MATCH(E16, Mobility_Normative_Data!$J$3:$J$17, -1)-1, 0, 2), OFFSET(Mobility_Normative_Data!$J$3, MATCH(E16, Mobility_Normative_Data!$J$3:$J$17, -1)-1, 0, 2)) -> 83.333333
D17: Sit and reach (cm) | E17: 24 | F17: =E17+(E17/100*10) -> 26.4 | G17: =F17+(F17/100*10) -> 29.04 | H17: =G17+(G17/100*10) -> 31.944 | I17: =H17+(H17/100*10) -> 35.1384 | J17: =FORECAST(E17, OFFSET(Mobility_Normative_Data!$M$3, MATCH(E17, Mobility_Normative_Data!$N$3:$N$17, -1)-1, 0, 2), OFFSET(Mobility_Normative_Data!$N$3, MATCH(E17, Mobility_Normative_Data!$N$3:$N$17, -1)-1, 0, 2)) -> 73.333333
D18: Processing speed (SD) | E18: -0.5 | F18: =E18 +(-0.2) -> -0.7 | G18: =F18 +(-0.2) -> -0.9 | H18: =G18 +(-0.3) -> -1.2 | I18: =H18 +(-0.3) -> -1.5 | J18: =MAX(18,B27-(E18*25)) -> 73.5
D19: Working memory (SD) | E19: -0.2 | F19: =E19+(-0.2) -> -0.4 | G19: =F19 +(-0.2) -> -0.6 | H19: =G19 +(-0.3) -> -0.9 | I19: =H19 +(-0.3) -> -1.2 | J19: =MAX(18,B27-(E19*35)) -> 68
A23: Overall Decline predicitons
B25: Present | C25: 10 years time | D25: 20 Years time | E25: Thirty years | F25: 40 years
A26: Sex | B26: Male
A27: Chronological | B27: =B2 -> 61 | C27: =B27+10 -> 71 | D27: =C27+10 -> 81 | E27: =D27+10 -> 91 | F27: =E27+10 -> 101
A28: Vitality | B28: =M2 -> 78.370861 | C28: =B28+(B28/100*11.5) -> 87.38351 | D28: =C28+(C28/100*32.2) -> 115.521 | E28: =D28+(D28/100*32.2) -> 152.71876 | F28: =E28+(E28/100*32.2) -> 201.8942
A29: Strength | B29: =M3 -> 48.125 | C29: =B29+(B29/100*12.3) -> 54.044375 | D29: =C29+(C29/100*30.8) -> 70.690043 | E29: =D29+(D29/100*30.8) -> 92.462576 | F29: =E29+(E29/100*30.8) -> 120.94105
A30: Metabolic | B30: =M4 -> 63.3025 | C30: =B30+(B30/100*5.5) -> 66.784137 | D30: =C30+(C30/100*11) -> 74.130393 | E30: =D30+(D30/100*11) -> 82.284736 | F30: =E30+(E30/100*11) -> 91.336057
A31: Mobility | B31: =M5 -> 80.25 | C31: =B31+(B31/100*9.9) -> 88.19475 | D31: =C31+(C31/100*19.8) -> 105.65731 | E31: =D31+(D31/100*19.8) -> 126.57746 | F31: =E31+(E31/100*19.8) -> 151.63979
A32: Cognitive | B32: =M6 -> 71.3 | C32: =B32+(B32/100*20) -> 85.56 | D32: =C32+(C32/100*60) -> 136.896 | E32: =D32+(D32/100*60) -> 219.0336 | F32: =E32+(E32/100*60) -> 350.45376
A36: Functional Biological Age
A37: =(B28/100*20)+(B29/100*20)+(B30/100*25)+(B31/100*20)+(B32/100*15) -> 67.869797
B42: Age | C42: Vitality | D42: Age | E42: Strength | F42: Age | G42: Metabolic | H42: Age | I42: Mobility | J42: Age | K42: Cognitive
B43: =B27 -> 61 | C43: =B28 -> 78.370861 | D43: =B43 -> 61 | E43: =B29 -> 48.125 | F43: =B27 -> 61 | G43: =B30 -> 63.3025 | H43: =B27 -> 61 | I43: =B31 -> 80.25 | J43: =B27 -> 61 | K43: =B32 -> 71.3
B44: =C27 -> 71 | C44: =C28 -> 87.38351 | D44: =B44 -> 71 | E44: =C29 -> 54.044375 | F44: =C27 -> 71 | G44: =C30 -> 66.784137 | H44: =C27 -> 71 | I44: =C31 -> 88.19475 | J44: =C27 -> 71 | K44: =C32 -> 85.56
B45: =D27 -> 81 | C45: =D28 -> 115.521 | D45: =D27 -> 81 | E45: =D29 -> 70.690043 | F45: =D27 -> 81 | G45: =D30 -> 74.130393 | H45: =D27 -> 81 | I45: =D31 -> 105.65731 | J45: =D27 -> 81 | K45: =D32 -> 136.896
B46: =E27 -> 91 | C46: =E28 -> 152.71876 | D46: =E27 -> 91 | E46: =E29 -> 92.462576 | F46: =E27 -> 91 | G46: =E30 -> 82.284736 | H46: =E27 -> 91 | I46: =E31 -> 126.57746 | J46: =E27 -> 91 | K46: =E32 -> 219.0336 | O46: Graphing
B47: =F27 -> 101 | C47: =F28 -> 201.8942 | D47: =F27 -> 101 | E47: =F29 -> 120.94105 | F47: =F27 -> 101 | G47: =F31 -> 151.63979 | H47: =F27 -> 101 | I47: =F31 -> 151.63979 | J47: =F27 -> 101 | K47: =F32 -> 350.45376 | O47: Chronological Age | P47: Vitality Decline | R47: Chronological Age | S47: Strength Decline | U47: Chronological Age | V47: Metabolic Decline | X47: Chronological Age | Y47: Mobility Decline | AA47: Chronological Age | AB47: Cognitive Decline
O48: =B27 -> 61 | P48: =M2 -> 78.370861 | R48: =O48 -> 61 | S48: =M3 -> 48.125 | U48: =O48 -> 61 | V48: =M4 -> 63.3025 | X48: =O48 -> 61 | Y48: =M5 -> 80.25 | AA48: =O48 -> 61 | AB48: =M6 -> 71.3
O49: =O48+1 -> 62 | P49: =P48+(P48*0.0115) -> 79.272126 | R49: =R48+1 -> 62 | S49: =S48+(S48*0.0123) -> 48.716938 | U49: =U48+1 -> 62 | V49: =V48+(V48*0.011) -> 63.998828 | X49: =X48+1 -> 62 | Y49: =Y48+(Y48*0.0099) -> 81.044475 | AA49: =AA48+1 -> 62 | AB49: =AB48+(AB48*0.02) -> 72.726
O50: =O49+1 -> 63 | P50: =P49+(P49*0.0115) -> 80.183755 | R50: =R49+1 -> 63 | S50: =S49+(S49*0.0123) -> 49.316156 | U50: =U49+1 -> 63 | V50: =V49+(V49*0.011) -> 64.702815 | X50: =X49+1 -> 63 | Y50: =Y49+(Y49*0.0099) -> 81.846815 | AA50: =AA49+1 -> 63 | AB50: =AB49+(AB49*0.02) -> 74.18052
O51: =O50+1 -> 64 | P51: =P50+(P50*0.0115) -> 81.105868 | R51: =R50+1 -> 64 | S51: =S50+(S50*0.0123) -> 49.922745 | U51: =U50+1 -> 64 | V51: =V50+(V50*0.011) -> 65.414546 | X51: =X50+1 -> 64 | Y51: =Y50+(Y50*0.0099) -> 82.657099 | AA51: =AA50+1 -> 64 | AB51: =AB50+(AB50*0.02) -> 75.66413
O52: =O51+1 -> 65 | P52: =P51+(P51*0.0115) -> 82.038586 | R52: =R51+1 -> 65 | S52: =S51+(S51*0.0123) -> 50.536794 | U52: =U51+1 -> 65 | V52: =V51+(V51*0.011) -> 66.134106 | X52: =X51+1 -> 65 | Y52: =Y51+(Y51*0.0099) -> 83.475404 | AA52: =AA51+1 -> 65 | AB52: =AB51+(AB51*0.02) -> 77.177413
O53: =O52+1 -> 66 | P53: =P52+(P52*0.0115) -> 82.98203 | R53: =R52+1 -> 66 | S53: =S52+(S52*0.0123) -> 51.158397 | U53: =U52+1 -> 66 | V53: =V52+(V52*0.011) -> 66.861581 | X53: =X52+1 -> 66 | Y53: =Y52+(Y52*0.0099) -> 84.301811 | AA53: =AA52+1 -> 66 | AB53: =AB52+(AB52*0.02) -> 78.720961
O54: =O53+1 -> 67 | P54: =P53+(P53*0.0115) -> 83.936323 | R54: =R53+1 -> 67 | S54: =S53+(S53*0.0123) -> 51.787645 | U54: =U53+1 -> 67 | V54: =V53+(V53*0.011) -> 67.597058 | X54: =X53+1 -> 67 | Y54: =Y53+(Y53*0.0099) -> 85.136398 | AA54: =AA53+1 -> 67 | AB54: =AB53+(AB53*0.02) -> 80.29538
O55: =O54+1 -> 68 | P55: =P54+(P54*0.0115) -> 84.901591 | R55: =R54+1 -> 68 | S55: =S54+(S54*0.0123) -> 52.424633 | U55: =U54+1 -> 68 | V55: =V54+(V54*0.011) -> 68.340626 | X55: =X54+1 -> 68 | Y55: =Y54+(Y54*0.0099) -> 85.979249 | AA55: =AA54+1 -> 68 | AB55: =AB54+(AB54*0.02) -> 81.901288
O56: =O55+1 -> 69 | P56: =P55+(P55*0.0115) -> 85.877959 | R56: =R55+1 -> 69 | S56: =S55+(S55*0.0123) -> 53.069456 | U56: =U55+1 -> 69 | V56: =V55+(V55*0.011) -> 69.092373 | X56: =X55+1 -> 69 | Y56: =Y55+(Y55*0.0099) -> 86.830443 | AA56: =AA55+1 -> 69 | AB56: =AB55+(AB55*0.02) -> 83.539314
O57: =O56+1 -> 70 | P57: =P56+(P56*0.0115) -> 86.865556 | R57: =R56+1 -> 70 | S57: =S56+(S56*0.0123) -> 53.72221 | U57: =U56+1 -> 70 | V57: =V56+(V56*0.011) -> 69.852389 | X57: =X56+1 -> 70 | Y57: =Y56+(Y56*0.0099) -> 87.690065 | AA57: =AA56+1 -> 70 | AB57: =AB56+(AB56*0.02) -> 85.2101
O58: =O57+1 -> 71 | P58: =P57+(P57*0.0115) -> 87.864509 | R58: =R57+1 -> 71 | S58: =S57+(S57*0.0123) -> 54.382994 | U58: =U57+1 -> 71 | V58: =V57+(V57*0.011) -> 70.620765 | X58: =X57+1 -> 71 | Y58: =Y57+(Y57*0.0099) -> 88.558196 | AA58: =AA57+1 -> 71 | AB58: =AB57+(AB57*0.02) -> 86.914302

Sheet Persona_5
A1: Persona | B1: Sophie | D1: Metric | F1: 10 Years (49) | G1: 20 Years (59) | H1: 30 Years (69) | I1: 40 Years (79) | M1: Combined Scores
A2: Age | B2: 41 | D2: VO2 max (ml/kg/min) | E2: 45 | F2: =E2+(E2/100*10) -> 49.5 | G2: =F2+(F2/100*10) -> 54.45 | H2: =G2+(G2/100*10) -> 59.895 | I2: =H2+(H2/100*15) -> 68.87925 | L2: Vitality | M2: =B27+ ((1 -((E2 / 30.6) * 0.7 )-((E3/ 100) * 0.3 )) *100) -> 8.3588235
A3: Detail | B3: Sophie tracks every metric religiously, practices intermittent fasting, and takes various supplements to optimize longevity. She aims for perfectly balanced metrics rather than excelling in just one sport | D3: FEV1 (% predicted) | E3: 99 | F3: =E3-(E3/100*10) -> 89.1 | G3: =F3-(F3/100*10) -> 80.19 | H3: =G3-(G3/100*15) -> 68.1615 | I3: =H3-(H3/100*15) -> 57.937275 | L3: Strength | M3: =((J4/100*50)+(J5/100*25)+(J6/100*25)) -> 56.190476 | O3: Functional Biological Age
D4: Grip strength (kg) | E4: 38 | F4: =E4+(E4/100*10) -> 41.8 | G4: =F4+(F4/100*10) -> 45.98 | H4: =G4+(G4/100*6)+(G4/100*6) -> 51.4976 | I4: =H4+((H4/100)*15) -> 59.22224 | J4: =IF(B27<30, FORECAST(E4, OFFSET(Strength_Normative_Data!$A$3, MATCH(E4, Strength_Normative_Data!$B$3:$B$5, 1)-1, 0, 2), OFFSET(Strength_Normative_Data!$B$3, MATCH(E4, Strength_Normative_Data!$B$3:$B$5, 1)-1, 0, 2)), FORECAST(E4, OFFSET(Strength_Normative_Data!$A$5, MATCH(E4, Strength_Normative_Data!$B$5:$B$16, -1)-1, 0, 2), OFFSET(Strength_Normative_Data!$B$5, MATCH(E4, Strength_Normative_Data!$B$5:$B$16, -1)-1, 0, 2))) -> 66.666667 | L4: Metabolic | M4: =B27 - 9*M11 -> 31.981349 | O4: =A37 -> #N/A
D5: STS Power (W/kg) | E5: 3.5 | F5: =E5+(E5/100*12) -> 3.92 | G5: =F5+(F5/100*12) -> 4.3904 | H5: =G5+(G5/100*1.2) + (G5/100* 13.5) -> 5.0357888 | I5: =H5+(H5/100*15) -> 5.7911571 | J5: =FORECAST(E5, OFFSET(Strength_Normative_Data!$O$3, MATCH(E5, Strength_Normative_Data!$P$3:$P$17, -1)-1, 0, 2), OFFSET(Strength_Normative_Data!$P$3, MATCH(E5, Strength_Normative_Data!$P$3:$P$17, -1)-1, 0, 2)) -> 40 | L5: Functional Mobility | M5: =((J14/100*30)+(J15/100*25)+(J16/100*30)+(J17/100*15)) -> #N/A
D6: Vertical jump (cm) | E6: 38 | F6: =E6+(E6/100*12) -> 42.56 | G6: =F6+(F6/100*12) -> 47.6672 | H6: =G6+(G6/100*1.2) + (G6/100* 13.5) -> 54.674278 | I6: =H6+(H6/100*15) -> 62.87542 | J6: =FORECAST(E6, OFFSET(Strength_Normative_Data!$J$3, MATCH(E6, Strength_Normative_Data!$K$3:$K$16, -1)-1, 0, 2), OFFSET(Strength_Normative_Data!$K$3, MATCH(E6, Strength_Normative_Data!$K$3:$K$16, -1)-1, 0, 2)) -> 51.428571 | L6: Cognitive | M6: =((J18/100*60)+(J19/100*40)) -> 18
D7: Body fat (%) | E7: 18 | F7: =E7+(E7/100*6) -> 19.08 | G7: =F7+(F7/100*6) -> 20.2248 | H7: =G7+(G7/100*6) -> 21.438288 | I7: =H7+(H7/100*6) -> 22.724585
D8: Waist to height ratio | E8: 0.44 | F8: =E8+(E8/100*4) -> 0.4576 | G8: =F8+(F8/100*4) -> 0.475904 | H8: =G8+(G8/100*4) -> 0.49494016 | I8: =H8+(H8/100*4) -> 0.51473777 | J8: =IF(E8<=0.4,0, IF(E8<=0.5,20*(E8-0.4)/0.1, IF(E8<=0.6,20+40*(E8-0.5)/0.1, 60+40*(MIN(E8,0.75)-0.6)/0.15))) -> 8
D9: Fasting glucose (mmol/L) | E9: 4.4
D10: HbA1c (%) | E10: 4.6 | F10: =E10+(E10/100*5) -> 4.83 | G10: =F10+(F10/100*5) -> 5.0715 | H10: =G10+(G10/100*5) -> 5.325075 | I10: =H10+(H10/100*5) -> 5.5913287 | J10: =IF(E10<5.7,10*(E10/5.7), IF(E10<6.5,10+40*(E10-5.7)/0.8, 50+50*(MIN(E10,9)-6.5)/2.5)) -> 8.0701754 | L10: Metabolic Index | M10: Metabolic Z score
D11: HOMA IR | E11: 0.6 | F11: =E11+(E11/100*14) -> 0.684 | G11: =F11+(F11/100*14) -> 0.77976 | H11: =G11+(G11/100*14) -> 0.8889264 | I11: =H11+(H11/100*14) -> 1.0133761 | J11: =IF(E11<1.6,10*(E11/1.6), IF(E11<3,10+40*(E11-1.6)/1.4, 50+50*(MIN(E11,7)-3)/4)) -> 3.75 | L11: =(0.3*K12)+(0.2*J8)+(0.15*J10)+(0.25*J11)+(0.1*J13) -> 4.9792763 | M11: =IF(L11<=10,1.5-0.1*L11, IF(L11<=60,0.5-0.02*(L11-10), -0.5-0.03*(L11-60))) -> 1.0020724
D12: ApoB (g/L) | E12: 0.55 | F12: =E12+(E12/100*6) -> 0.583 | G12: =F12+(F12/100*6) -> 0.61798 | H12: =G12+(G12/100*6) -> 0.6550588 | I12: =H12+(H12/100*6) -> 0.69436233 | J12: =E12*100 -> 55 | K12: =IF(J12<80,5*(J12/80), IF(J12<100,10+20*(J12-80)/20, IF(J12<130,30+25*(J12-100)/30, IF(J12<160,55+25*(J12-130)/30, IF(J12<200,80+20*(J12-160)/40,100))))) -> 3.4375
D13: hsCRP (mg/L) | E13: 0.2 | F13: =E13+(E13/100*18) -> 0.236 | G13: =F13+(F13/100*18) -> 0.27848 | H13: =G13+(G13/100*18) -> 0.3286064 | I13: =H13+(H13/100*18) -> 0.38775555 | J13: =IF(E13<1,10*(E13/1), IF(E13<3,10+40*(E13-1)/2, 50+50*(MIN(E13,10)-3)/7)) -> 2
D14: Gait speed (m/s) | E14: 1.45 | F14: =E14+(E14/100*6) -> 1.537 | G14: =F14+(F14/100*6) -> 1.62922 | H14: =G14+(G14/100*7) -> 1.7432654 | I14: =H14+(H14/100*7) -> 1.865294 | J14: =IFERROR(FORECAST(E14, OFFSET(Mobility_Normative_Data!$A$3, MATCH(E14, Mobility_Normative_Data!$B$3:$B$17, -1)-1, 0, 2), OFFSET(Mobility_Normative_Data!$B$3, MATCH(E14, Mobility_Normative_Data!$B$3:$B$17, -1)-1, 0, 2)), INDEX(Mobility_Normative_Data!$A$3:$A$17, MATCH(E14, Mobility_Normative_Data!$B$3:$B$17, -1))) -> #N/A
D15: Timed Up and Go (sec) | E15: 6 | F15: =E15+(E15/100*10) -> 6.6 | G15: =F15+(F15/100*10) -> 7.26 | H15: =G15+(G15/100*10) -> 7.986 | I15: =H15+(H15/100*10) -> 8.7846 | J15: =FORECAST(E15, OFFSET(Mobility_Normative_Data!$E$3, MATCH(E15, Mobility_Normative_Data!$F$3:$F$18, 1)-1, 0, 2), OFFSET(Mobility_Normative_Data!$F$3, MATCH(E15, Mobility_Normative_Data!$F$3:$F$18, 1)-1, 0, 2)) -> 40
D16: Single leg stance (sec) | E16: 45 | F16: =E16+(E16/100*20) -> 54 | G16: =F16+(F16/100*20) -> 64.8 | H16: =G16+(G16/100*20) -> 77.76 | I16: =H16+(H16/100*20) -> 93.312 | J16: =FORECAST(E16, OFFSET(Mobility_Normative_Data!$I$3, MATCH(E16, Mobility_Normative_Data!$J$3:$J$17, -1)-1, 0, 2), OFFSET(Mobility_Normative_Data!$J$3, MATCH(E16, Mobility_Normative_Data!$J$3:$J$17, -1)-1, 0, 2)) -> 20
D17: Sit and reach (cm) | E17: 30 | F17: =E17+(E17/100*10) -> 33 | G17: =F17+(F17/100*10) -> 36.3 | H17: =G17+(G17/100*10) -> 39.93 | I17: =H17+(H17/100*10) -> 43.923 | J17: =FORECAST(E17, OFFSET(Mobility_Normative_Data!$M$3, MATCH(E17, Mobility_Normative_Data!$N$3:$N$17, -1)-1, 0, 2), OFFSET(Mobility_Normative_Data!$N$3, MATCH(E17, Mobility_Normative_Data!$N$3:$N$17, -1)-1, 0, 2)) -> 53.333333
D18: Processing speed (SD) | E18: 1.5 | F18: =E18 +(-0.2) -> 1.3 | G18: =F18 +(-0.2) -> 1.1 | H18: =G18 +(-0.3) -> 0.8 | I18: =H18 +(-0.3) -> 0.5 | J18: =MAX(18,B27-(E18*25)) -> 18
D19: Working memory (SD) | E19: 1.8 | F19: =E19+(-0.2) -> 1.6 | G19: =F19 +(-0.2) -> 1.4 | H19: =G19 +(-0.3) -> 1.1 | I19: =H19 +(-0.3) -> 0.8 | J19: =MAX(18,B27-(E19*35)) -> 18
A23: Overall Decline predicitons
B25: Present | C25: 10 years time | D25: 20 Years time | E25: Thirty years | F25: 40 years
A26: Sex | B26: Male
A27: Chronological | B27: =B2 -> 41 | C27: =B27+10 -> 51 | D27: =C27+10 -> 61 | E27: =D27+10 -> 71 | F27: =E27+10 -> 81
A28: Vitality | B28: =M2 -> 8.3588235 | C28: =B28+(B28/100*11.5) -> 9.3200882 | D28: =C28+(C28/100*32.2) -> 12.321157 | E28: =D28+(D28/100*32.2) -> 16.288569 | F28: =E28+(E28/100*32.2) -> 21.533488
A29: Strength | B29: =M3 -> 56.190476 | C29: =B29+(B29/100*12.3) -> 63.101905 | D29: =C29+(C29/100*30.8) -> 82.537291 | E29: =D29+(D29/100*30.8) -> 107.95878 | F29: =E29+(E29/100*30.8) -> 141.21008
A30: Metabolic | B30: =M4 -> 31.981349 | C30: =B30+(B30/100*5.5) -> 33.740323 | D30: =C30+(C30/100*11) -> 37.451758 | E30: =D30+(D30/100*11) -> 41.571452 | F30: =E30+(E30/100*11) -> 46.144311
A31: Mobility | B31: =M5 -> #N/A | C31: =B31+(B31/100*9.9) -> #N/A | D31: =C31+(C31/100*19.8) -> #N/A | E31: =D31+(D31/100*19.8) -> #N/A | F31: =E31+(E31/100*19.8) -> #N/A
A32: Cognitive | B32: =M6 -> 18 | C32: =B32+(B32/100*20) -> 21.6 | D32: =C32+(C32/100*60) -> 34.56 | E32: =D32+(D32/100*60) -> 55.296 | F32: =E32+(E32/100*60) -> 88.4736
A36: Functional Biological Age
A37: =(B28/100*20)+(B29/100*20)+(B30/100*25)+(B31/100*20)+(B32/100*15) -> #N/A
B42: Age | C42: Vitality | D42: Age | E42: Strength | F42: Age | G42: Metabolic | H42: Age | I42: Mobility | J42: Age | K42: Cognitive
B43: =B27 -> 41 | C43: =B28 -> 8.3588235 | D43: =B43 -> 41 | E43: =B29 -> 56.190476 | F43: =B27 -> 41 | G43: =B30 -> 31.981349 | H43: =B27 -> 41 | I43: =B31 -> #N/A | J43: =B27 -> 41 | K43: =B32 -> 18
B44: =C27 -> 51 | C44: =C28 -> 9.3200882 | D44: =B44 -> 51 | E44: =C29 -> 63.101905 | F44: =C27 -> 51 | G44: =C30 -> 33.740323 | H44: =C27 -> 51 | I44: =C31 -> #N/A | J44: =C27 -> 51 | K44: =C32 -> 21.6
B45: =D27 -> 61 | C45: =D28 -> 12.321157 | D45: =D27 -> 61 | E45: =D29 -> 82.537291 | F45: =D27 -> 61 | G45: =D30 -> 37.451758 | H45: =D27 -> 61 | I45: =D31 -> #N/A | J45: =D27 -> 61 | K45: =D32 -> 34.56
B46: =E27 -> 71 | C46: =E28 -> 16.288569 | D46: =E27 -> 71 | E46: =E29 -> 107.95878 | F46: =E27 -> 71 | G46: =E30 -> 41.571452 | H46: =E27 -> 71 | I46: =E31 -> #N/A | J46: =E27 -> 71 | K46: =E32 -> 55.296
B47: =F27 -> 81 | C47: =F28 -> 21.533488 | D47: =F27 -> 81 | E47: =F29 -> 141.21008 | F47: =F27 -> 81 | G47: =F31 -> #N/A | H47: =F27 -> 81 | I47: =F31 -> #N/A | J47: =F27 -> 81 | K47: =F32 -> 88.4736

Sheet Persona_6 
A1: Persona | B1: Claire | D1: Metric | F1: 10 Years (49) | G1: 20 Years (59) | H1: 30 Years (69) | I1: 40 Years (79) | M1: Combined Scores
A2: Age | B2: 50 | D2: VO2 max (ml/kg/min) | E2: 36 | F2: =E2+(E2/100*10) -> 39.6 | G2: =F2+(F2/100*10) -> 43.56 | H2: =G2+(G2/100*10) -> 47.916 | I2: =H2+(H2/100*15) -> 55.1034 | L2: Vitality | M2: =B27+ ((1 -((E2 / 26.6) * 0.7 )-((E3/ 100) * 0.3 )) * 100) -> 24.663158
A3: Detail | B3: Claire is a Chief Operating Officer who runs her life with the same ruthlessness as her company. She sleeps an average of 5 hours a night and manages chronic stress with expensive wine and occasional high-intensity personal training sessions. While her cognitive function is sharp and her external appearance is polished, her internal markers reveal the toll of high cortisol and sleep deprivation. | D3: FEV1 (% predicted) | E3: 102 | F3: =E3-(E3/100*10) -> 91.8 | G3: =F3-(F3/100*10) -> 82.62 | H3: =G3-(G3/100*15) -> 70.227 | I3: =H3-(H3/100*15) -> 59.69295 | L3: Strength | M3: =((J4/100*50)+(J5/100*25)+(J6/100*25)) -> 43.333333 | O3: Functional Biological Age
D4: Grip strength (kg) | E4: 30 | F4: =E4+(E4/100*10) -> 33 | G4: =F4+(F4/100*10) -> 36.3 | H4: =G4+(G4/100*6)+(G4/100*6) -> 40.656 | I4: =H4+((H4/100)*15) -> 46.7544 | J4: =IF(B27<30, FORECAST(E4, OFFSET(Strength_Normative_Data!$A$3, MATCH(E4, Strength_Normative_Data!$C$3:$C$5, 1)-1, 0, 2), OFFSET(Strength_Normative_Data!$C$3, MATCH(E4, Strength_Normative_Data!$C$3:$C$5, 1)-1, 0, 2)), FORECAST(E4, OFFSET(Strength_Normative_Data!$A$5, MATCH(E4, Strength_Normative_Data!$C$5:$C$16, -1)-1, 0, 2), OFFSET(Strength_Normative_Data!$C$5, MATCH(E4, Strength_Normative_Data!$C$5:$C$16, -1)-1, 0, 2))) -> 40 | L4: Metabolic | M4: =B27 - 9*M11 -> 47.176977 | O4: =A37 -> #N/A
D5: STS Power (W/kg) | E5: 2.6 | F5: =E5+(E5/100*12) -> 2.912 | G5: =F5+(F5/100*12) -> 3.26144 | H5: =G5+(G5/100*1.2) + (G5/100* 13.5) -> 3.7408717 | I5: =H5+(H5/100*15) -> 4.3020024 | J5: =FORECAST(E5, OFFSET(Strength_Normative_Data!$O$3, MATCH(E5, Strength_Normative_Data!$Q$3:$Q$17, -1)-1, 0, 2), OFFSET(Strength_Normative_Data!$Q$3, MATCH(E5, Strength_Normative_Data!$Q$3:$Q$17, -1)-1, 0, 2)) -> 43.333333 | L5: Functional Mobility | M5: =((J14/100*30)+(J15/100*25)+(J16/100*30)+(J17/100*15)) -> #N/A
D6: Vertical jump (cm) | E6: 24 | F6: =E6+(E6/100*12) -> 26.88 | G6: =F6+(F6/100*12) -> 30.1056 | H6: =G6+(G6/100*1.2) + (G6/100* 13.5) -> 34.531123 | I6: =H6+(H6/100*15) -> 39.710792 | J6: =FORECAST(E6, OFFSET(Strength_Normative_Data!$J$3, MATCH(E6, Strength_Normative_Data!$L$3:$L$16, -1)-1, 0, 2), OFFSET(Strength_Normative_Data!$L$3, MATCH(E6, Strength_Normative_Data!$L$3:$L$16, -1)-1, 0, 2)) -> 50 | L6: Cognitive | M6: =((J18/100*60)+(J19/100*40)) -> 18
D7: Body fat (%) | E7: 25 | F7: =E7+(E7/100*6) -> 26.5 | G7: =F7+(F7/100*6) -> 28.09 | H7: =G7+(G7/100*6) -> 29.7754 | I7: =H7+(H7/100*6) -> 31.561924
D8: Waist to height ratio | E8: 0.48 | F8: =E8+(E8/100*4) -> 0.4992 | G8: =F8+(F8/100*4) -> 0.519168 | H8: =G8+(G8/100*4) -> 0.53993472 | I8: =H8+(H8/100*4) -> 0.56153211 | J8: =IF(E8<=0.4,0, IF(E8<=0.5,20*(E8-0.4)/0.1, IF(E8<=0.6,20+40*(E8-0.5)/0.1, 60+40*(MIN(E8,0.75)-0.6)/0.15))) -> 16
D9: Fasting glucose (mmol/L) | E9: 5.5
D10: HbA1c (%) | E10: 5.6 | F10: =E10+(E10/100*5) -> 5.88 | G10: =F10+(F10/100*5) -> 6.174 | H10: =G10+(G10/100*5) -> 6.4827 | I10: =H10+(H10/100*5) -> 6.806835 | J10: =IF(E10<5.7,10*(E10/5.7), IF(E10<6.5,10+40*(E10-5.7)/0.8, 50+50*(MIN(E10,9)-6.5)/2.5)) -> 9.8245614 | L10: Metabolic Index | M10: Metabolic Z score
D11: HOMA IR | E11: 1.9 | F11: =E11+(E11/100*14) -> 2.166 | G11: =F11+(F11/100*14) -> 2.46924 | H11: =G11+(G11/100*14) -> 2.8149336 | I11: =H11+(H11/100*14) -> 3.2090243 | J11: =IF(E11<1.6,10*(E11/1.6), IF(E11<3,10+40*(E11-1.6)/1.4, 50+50*(MIN(E11,7)-3)/4)) -> 18.571429 | L11: =(0.3*K12)+(0.2*J8)+(0.15*J10)+(0.25*J11)+(0.1*J13) -> 19.316541 | M11: =IF(L11<=10,1.5-0.1*L11, IF(L11<=60,0.5-0.02*(L11-10), -0.5-0.03*(L11-60))) -> 0.31366917
D12: ApoB (g/L) | E12: 0.9 | F12: =E12+(E12/100*6) -> 0.954 | G12: =F12+(F12/100*6) -> 1.01124 | H12: =G12+(G12/100*6) -> 1.0719144 | I12: =H12+(H12/100*6) -> 1.1362293 | J12: =E12*100 -> 90 | K12: =IF(J12<80,5*(J12/80), IF(J12<100,10+20*(J12-80)/20, IF(J12<130,30+25*(J12-100)/30, IF(J12<160,55+25*(J12-130)/30, IF(J12<200,80+20*(J12-160)/40,100))))) -> 20
D13: hsCRP (mg/L) | E13: 2.5 | F13: =E13+(E13/100*18) -> 2.95 | G13: =F13+(F13/100*18) -> 3.481 | H13: =G13+(G13/100*18) -> 4.10758 | I13: =H13+(H13/100*18) -> 4.8469444 | J13: =IF(E13<1,10*(E13/1), IF(E13<3,10+40*(E13-1)/2, 50+50*(MIN(E13,10)-3)/7)) -> 40
D14: Gait speed (m/s) | E14: 1.4 | F14: =E14-(E14/100*6) -> 1.316 | G14: =F14+(F14/100*6) -> 1.39496 | H14: =G14+(G14/100*7) -> 1.4926072 | I14: =H14+(H14/100*7) -> 1.5970897 | J14: =IFERROR(FORECAST(E14, OFFSET(Mobility_Normative_Data!$A$3, MATCH(E14, Mobility_Normative_Data!$C$3:$C$17, -1)-1, 0, 2), OFFSET(Mobility_Normative_Data!$C$3, MATCH(E14, Mobility_Normative_Data!$C$3:$C$17, -1)-1, 0, 2)), INDEX(Mobility_Normative_Data!$A$3:$A$17, MATCH(E14, Mobility_Normative_Data!$C$3:$C$17, -1))) -> #N/A
D15: Timed Up and Go (sec) | E15: 6.2 | F15: =E15+(E15/100*10) -> 6.82 | G15: =F15+(F15/100*10) -> 7.502 | H15: =G15+(G15/100*10) -> 8.2522 | I15: =H15+(H15/100*10) -> 9.07742 | J15: =FORECAST(E15, OFFSET(Mobility_Normative_Data!$E$3, MATCH(E15, Mobility_Normative_Data!$F$3:$F$18, 1)-1, 0, 2), OFFSET(Mobility_Normative_Data!$F$3, MATCH(E15, Mobility_Normative_Data!$F$3:$F$18, 1)-1, 0, 2)) -> 42
D16: Single leg stance (sec) | E16: 30 | F16: =E16-(E16/100*20) -> 24 | G16: =F16+(F16/100*20) -> 28.8 | H16: =G16+(G16/100*20) -> 34.56 | I16: =H16+(H16/100*20) -> 41.472 | J16: =FORECAST(E16, OFFSET(Mobility_Normative_Data!$I$3, MATCH(E16, Mobility_Normative_Data!$J$3:$J$17, -1)-1, 0, 2), OFFSET(Mobility_Normative_Data!$J$3, MATCH(E16, Mobility_Normative_Data!$J$3:$J$17, -1)-1, 0, 2)) -> 60
D17: Sit and reach (cm) | E17: 22 | F17: =E17-(E17/100*10) -> 19.8 | G17: =F17+(F17/100*10) -> 21.78 | H17: =G17+(G17/100*10) -> 23.958 | I17: =H17+(H17/100*10) -> 26.3538 | J17: =FORECAST(E17, OFFSET(Mobility_Normative_Data!$M$3, MATCH(E17, Mobility_Normative_Data!$N$3:$N$17, -1)-1, 0, 2), OFFSET(Mobility_Normative_Data!$N$3, MATCH(E17, Mobility_Normative_Data!$N$3:$N$17, -1)-1, 0, 2)) -> 80
D18: Processing speed (SD) | E18: 2.2 | F18: =E18 +(-0.2) -> 2 | G18: =F18 +(-0.2) -> 1.8 | H18: =G18 +(-0.3) -> 1.5 | I18: =H18 +(-0.3) -> 1.2 | J18: =MAX(18,B27-(E18*25)) -> 18
D19: Working memory (SD) | E19: 2.5 | F19: =E19+(-0.2) -> 2.3 | G19: =F19 +(-0.2) -> 2.1 | H19: =G19 +(-0.3) -> 1.8 | I19: =H19 +(-0.3) -> 1.5 | J19: =MAX(18,B27-(E19*35)) -> 18
A23: Overall Decline predicitons
B25: Present | C25: 10 years time | D25: 20 Years time | E25: Thirty years | F25: 40 years
A26: Sex | B26: Male
A27: Chronological | B27: =B2 -> 50 | C27: =B27+10 -> 60 | D27: =C27+10 -> 70 | E27: =D27+10 -> 80 | F27: =E27+10 -> 90
A28: Vitality | B28: =M2 -> 24.663158 | C28: =B28+(B28/100*11.5) -> 27.499421 | D28: =C28+(C28/100*32.2) -> 36.354235 | E28: =D28+(D28/100*32.2) -> 48.060298 | F28: =E28+(E28/100*32.2) -> 63.535714
A29: Strength | B29: =M3 -> 43.333333 | C29: =B29+(B29/100*12.3) -> 48.663333 | D29: =C29+(C29/100*30.8) -> 63.65164 | E29: =D29+(D29/100*30.8) -> 83.256345 | F29: =E29+(E29/100*30.8) -> 108.8993
A30: Metabolic | B30: =M4 -> 47.176977 | C30: =B30+(B30/100*5.5) -> 49.771711 | D30: =C30+(C30/100*11) -> 55.246599 | E30: =D30+(D30/100*11) -> 61.323725 | F30: =E30+(E30/100*11) -> 68.069335
A31: Mobility | B31: =M5 -> #N/A | C31: =B31+(B31/100*9.9) -> #N/A | D31: =C31+(C31/100*19.8) -> #N/A | E31: =D31+(D31/100*19.8) -> #N/A | F31: =E31+(E31/100*19.8) -> #N/A
A32: Cognitive | B32: =M6 -> 18 | C32: =B32+(B32/100*20) -> 21.6 | D32: =C32+(C32/100*60) -> 34.56 | E32: =D32+(D32/100*60) -> 55.296 | F32: =E32+(E32/100*60) -> 88.4736
M35: Chronological Age | N35: Vitality Decline | P35: Chronological Age | Q35: Strength Decline | S35: Chronological Age | T35: Metabolic Decline | V35: Chronological Age | W35: Mobility Decline | Y35: Chronological Age | Z35: Cognitive Decline
A36: Functional Biological Age | M36: =B27 -> 50 | N36: =M2 -> 24.663158 | P36: =M36 -> 50 | Q36: =M3 -> 43.333333 | S36: =M36 -> 50 | T36: =M4 -> 47.176977 | V36: =M36 -> 50 | W36: =M5 -> #N/A | Y36: =M36 -> 50 | Z36: =M6 -> 18
A37: =(B28/100*20)+(B29/100*20)+(B30/100*25)+(B31/100*20)+(B32/100*15) -> #N/A | M37: =M36+1 -> 51 | N37: =N36-(N36*0.0115) -> 24.379532 | P37: =P36+1 -> 51 | Q37: =Q36+(Q36*0.0123) -> 43.866333 | S37: =S36+1 -> 51 | T37: =T36+(T36*0.011) -> 47.695924 | V37: =V36+1 -> 51 | W37: =W36+(W36*0.0099) -> #N/A | Y37: =Y36+1 -> 51 | Z37: =Z36+(Z36*0.02) -> 18.36
M38: =M37+1 -> 52 | N38: =N37-(N37*0.0115) -> 24.099167 | P38: =P37+1 -> 52 | Q38: =Q37+(Q37*0.0123) -> 44.405889 | S38: =S37+1 -> 52 | T38: =T37+(T37*0.011) -> 48.220579 | V38: =V37+1 -> 52 | W38: =W37+(W37*0.0099) -> #N/A | Y38: =Y37+1 -> 52 | Z38: =Z37+(Z37*0.02) -> 18.7272
M39: =M38+1 -> 53 | N39: =N38-(N38*0.0115) -> 23.822027 | P39: =P38+1 -> 53 | Q39: =Q38+(Q38*0.0123) -> 44.952082 | S39: =S38+1 -> 53 | T39: =T38+(T38*0.011) -> 48.751006 | V39: =V38+1 -> 53 | W39: =W38+(W38*0.0099) -> #N/A | Y39: =Y38+1 -> 53 | Z39: =Z38+(Z38*0.02) -> 19.101744
M40: =M39+1 -> 54 | N40: =N39-(N39*0.0115) -> 23.548073 | P40: =P39+1 -> 54 | Q40: =Q39+(Q39*0.0123) -> 45.504992 | S40: =S39+1 -> 54 | T40: =T39+(T39*0.011) -> 49.287267 | V40: =V39+1 -> 54 | W40: =W39+(W39*0.0099) -> #N/A | Y40: =Y39+1 -> 54 | Z40: =Z39+(Z39*0.02) -> 19.483779
M41: =M40+1 -> 55 | N41: =N40-(N40*0.0115) -> 23.27727 | P41: =P40+1 -> 55 | Q41: =Q40+(Q40*0.0123) -> 46.064704 | S41: =S40+1 -> 55 | T41: =T40+(T40*0.011) -> 49.829427 | V41: =V40+1 -> 55 | W41: =W40+(W40*0.0099) -> #N/A | Y41: =Y40+1 -> 55 | Z41: =Z40+(Z40*0.02) -> 19.873454
B42: Age | C42: Vitality | D42: Age | E42: Strength | F42: Age | G42: Metabolic | H42: Age | I42: Mobility | J42: Age | K42: Cognitive | M42: =M41+1 -> 56 | N42: =N41-(N41*0.0115) -> 23.009582 | P42: =P41+1 -> 56 | Q42: =Q41+(Q41*0.0123) -> 46.6313 | S42: =S41+1 -> 56 | T42: =T41+(T41*0.011) -> 50.37755 | V42: =V41+1 -> 56 | W42: =W41+(W41*0.0099) -> #N/A | Y42: =Y41+1 -> 56 | Z42: =Z41+(Z41*0.02) -> 20.270924
B43: =B27 -> 50 | C43: =B28 -> 24.663158 | D43: =B43 -> 50 | E43: =B29 -> 43.333333 | F43: =B27 -> 50 | G43: =B30 -> 47.176977 | H43: =B27 -> 50 | I43: =B31 -> #N/A | J43: =B27 -> 50 | K43: =B32 -> 18 | M43: =M42+1 -> 57 | N43: =N42-(N42*0.0115) -> 22.744972 | P43: =P42+1 -> 57 | Q43: =Q42+(Q42*0.0123) -> 47.204865 | S43: =S42+1 -> 57 | T43: =T42+(T42*0.011) -> 50.931703 | V43: =V42+1 -> 57 | W43: =W42+(W42*0.0099) -> #N/A | Y43: =Y42+1 -> 57 | Z43: =Z42+(Z42*0.02) -> 20.676342
B44: =C27 -> 60 | C44: =C28 -> 27.499421 | D44: =B44 -> 60 | E44: =C29 -> 48.663333 | F44: =C27 -> 60 | G44: =C30 -> 49.771711 | H44: =C27 -> 60 | I44: =C31 -> #N/A | J44: =C27 -> 60 | K44: =C32 -> 21.6 | M44: =M43+1 -> 58 | N44: =N43-(N43*0.0115) -> 22.483404 | P44: =P43+1 -> 58 | Q44: =Q43+(Q43*0.0123) -> 47.785484 | S44: =S43+1 -> 58 | T44: =T43+(T43*0.011) -> 51.491952 | V44: =V43+1 -> 58 | W44: =W43+(W43*0.0099) -> #N/A | Y44: =Y43+1 -> 58 | Z44: =Z43+(Z43*0.02) -> 21.089869
B45: =D27 -> 70 | C45: =D28 -> 36.354235 | D45: =D27 -> 70 | E45: =D29 -> 63.65164 | F45: =D27 -> 70 | G45: =D30 -> 55.246599 | H45: =D27 -> 70 | I45: =D31 -> #N/A | J45: =D27 -> 70 | K45: =D32 -> 34.56 | M45: =M44+1 -> 59 | N45: =N44-(N44*0.0115) -> 22.224845 | P45: =P44+1 -> 59 | Q45: =Q44+(Q44*0.0123) -> 48.373246 | S45: =S44+1 -> 59 | T45: =T44+(T44*0.011) -> 52.058364 | V45: =V44+1 -> 59 | W45: =W44+(W44*0.0099) -> #N/A | Y45: =Y44+1 -> 59 | Z45: =Z44+(Z44*0.02) -> 21.511666
B46: =E27 -> 80 | C46: =E28 -> 48.060298 | D46: =E27 -> 80 | E46: =E29 -> 83.256345 | F46: =E27 -> 80 | G46: =E30 -> 61.323725 | H46: =E27 -> 80 | I46: =E31 -> #N/A | J46: =E27 -> 80 | K46: =E32 -> 55.296 | M46: =M45+1 -> 60 | N46: =N45-(N45*0.0115) -> 21.96926 | P46: =P45+1 -> 60 | Q46: =Q45+(Q45*0.0123) -> 48.968237 | S46: =S45+1 -> 60 | T46: =T45+(T45*0.011) -> 52.631006 | V46: =V45+1 -> 60 | W46: =W45+(W45*0.0099) -> #N/A | Y46: =Y45+1 -> 60 | Z46: =Z45+(Z45*0.02) -> 21.9419
B47: =F27 -> 90 | C47: =F28 -> 63.535714 | D47: =F27 -> 90 | E47: =F29 -> 108.8993 | F47: =F27 -> 90 | G47: =F31 -> #N/A | H47: =F27 -> 90 | I47: =F31 -> #N/A | J47: =F27 -> 90 | K47: =F32 -> 88.4736
